customer_id,order_id,purchase_date,product_category,product_name,quantity,unit_price,discount_given,sales_amount,customer_tier,city,payment_method
C1976,O66378,2026-04-11,Beauty,Moisturizer,4,3147,22,9818.64,Gold,Bangalore,UPI
C1417,O82075,2026-04-13,Fashion,Shoes,1,888,5,843.6,Silver,Pune,Net Banking
C1215,O75212,2025-08-16,Beauty,Shampoo,5,1195,15,5078.75,Silver,Bangalore,Net Banking
C1690,O38000,2026-03-07,Groceries,Milk,2,1519,15,2582.3,Silver,Hyderabad,Debit Card
C1230,O84067,2025-10-24,Groceries,Bread,4,1807,9,6577.48,Silver,Pune,Debit Card
C1715,O38010,2026-03-04,Beauty,Moisturizer,1,7146,1,7074.54,Gold,Chennai,Net Banking
C1839,O38899,2025-10-24,Beauty,Perfume,3,4048,28,8743.68,Silver,Mumbai,Net Banking
C1412,O34394,2026-05-11,Groceries,Milk,3,1458,25,3280.5,Silver,Hyderabad,Wallet
C1254,O28556,2025-10-04,Beauty,Moisturizer,3,2442,29,5201.46,Silver,Mumbai,UPI
C1527,O72327,2025-07-23,Home Decor,Carpet,2,8962,14,15414.64,Platinum,Mumbai,Credit Card
C1784,O14565,2026-03-25,Sports,Yoga Mat,1,10656,22,8311.68,Platinum,Mumbai,Wallet
C1888,O58944,2026-02-24,Electronics,Smartphone,5,34346,18,140818.6,Silver,Bangalore,Net Banking
C1348,O99685,2025-12-28,Beauty,Face Wash,5,8760,5,41610.0,Platinum,Chennai,UPI
C1536,O68659,2026-05-01,Beauty,Face Wash,3,4158,19,10103.94,Gold,Pune,Debit Card
C1795,O56562,2025-08-22,Beauty,Moisturizer,3,3810,15,9715.5,Platinum,Delhi,Wallet
C1435,O67833,2026-03-14,Sports,Cricket Bat,4,11302,3,43851.76,Gold,Pune,UPI
C1439,O75815,2026-04-11,Groceries,Milk,5,154,18,631.4,Silver,Pune,Wallet
C1332,O19060,2026-03-30,Groceries,Eggs,3,1121,14,2892.18,Silver,Hyderabad,UPI
C1379,O98580,2025-12-24,Groceries,Rice,2,3448,18,5654.72,Platinum,Pune,Wallet
C1891,O18699,2026-06-01,Sports,Football,3,9699,15,24732.45,Gold,Pune,UPI
C1647,O75960,2026-03-20,Home Decor,Lamp,3,4470,10,12069.0,Silver,Hyderabad,UPI
C1169,O73640,2026-02-02,Sports,Yoga Mat,3,15356,24,35011.68,Platinum,Hyderabad,Wallet
C1574,O46603,2026-01-16,Groceries,Rice,5,1332,23,5128.2,Platinum,Delhi,Credit Card
C1126,O88696,2026-02-13,Sports,Football,1,3776,19,3058.56,Platinum,Hyderabad,Debit Card
C1819,O39401,2026-04-05,Sports,Football,1,2946,20,2356.8,Platinum,Pune,Credit Card
C1144,O86082,2025-11-17,Beauty,Perfume,4,4608,2,18063.36,Gold,Pune,Net Banking
C1399,O64317,2025-11-21,Fashion,Shoes,5,6172,24,23453.6,Gold,Pune,Net Banking
C1118,O27541,2026-04-16,Electronics,Smartphone,3,64648,5,184246.8,Gold,Pune,Debit Card
C1747,O80309,2025-07-01,Fashion,Shoes,3,2397,10,6471.9,Gold,Chennai,Wallet
C1484,O48873,2026-05-16,Groceries,Milk,1,3728,4,3578.88,Platinum,Chennai,Wallet
C1613,O26625,2026-03-02,Fashion,Jacket,5,1728,10,7776.0,Gold,Chennai,Debit Card
C1717,O59128,2026-01-31,Groceries,Eggs,4,2724,3,10569.12,Platinum,Delhi,Net Banking
C1368,O82855,2025-09-14,Sports,Yoga Mat,4,7618,3,29557.84,Gold,Chennai,Wallet
C1872,O73588,2026-02-10,Electronics,Laptop,1,36823,11,32772.47,Silver,Delhi,Net Banking
C1592,O28657,2025-07-28,Sports,Dumbbells,1,6113,4,5868.48,Silver,Delhi,Debit Card
C1468,O54487,2026-05-18,Groceries,Rice,3,318,3,925.38,Silver,Mumbai,Debit Card
C1425,O51066,2025-11-13,Sports,Yoga Mat,1,15176,29,10774.96,Platinum,Chennai,Credit Card
C1608,O62741,2026-05-08,Electronics,Smart Watch,5,18784,8,86406.4,Platinum,Bangalore,Wallet
C1169,O96578,2026-05-22,Home Decor,Curtains,2,12448,14,21410.56,Platinum,Delhi,Credit Card
C1969,O45805,2025-10-24,Electronics,Laptop,4,59644,2,233804.48,Gold,Bangalore,Wallet
C1849,O19970,2025-07-07,Fashion,Shoes,5,3355,16,14091.0,Silver,Pune,Net Banking
C1767,O12092,2026-05-01,Fashion,Jeans,1,928,0,928.0,Silver,Hyderabad,UPI
C1372,O22611,2025-10-17,Electronics,Headphones,4,10517,26,31130.32,Silver,Hyderabad,Wallet
C1278,O39582,2026-03-06,Sports,Dumbbells,2,8332,22,12997.92,Gold,Chennai,Credit Card
C1772,O40850,2026-04-02,Electronics,Smart Watch,1,17648,9,16059.68,Silver,Bangalore,Wallet
C1060,O94756,2026-01-24,Home Decor,Lamp,2,15506,2,30391.76,Platinum,Mumbai,Net Banking
C1685,O59204,2025-08-31,Beauty,Perfume,4,2724,4,10460.16,Silver,Chennai,Net Banking
C1228,O81340,2026-05-24,Electronics,Laptop,4,90884,24,276287.36,Platinum,Mumbai,Debit Card
C1428,O30262,2025-09-02,Fashion,T-Shirt,5,6250,21,24687.5,Platinum,Delhi,Debit Card
C1592,O96659,2025-09-15,Electronics,Smart Watch,1,46158,28,33233.76,Platinum,Chennai,UPI
C1111,O29733,2025-09-13,Electronics,Smartphone,1,99148,30,69403.6,Platinum,Pune,UPI
C1386,O22178,2025-10-21,Electronics,Smartphone,5,73468,9,334279.4,Platinum,Delhi,Wallet
C1790,O28019,2025-06-27,Fashion,Jeans,3,4070,25,9157.5,Silver,Delhi,Wallet
C1864,O90269,2026-05-19,Groceries,Rice,2,1647,4,3162.24,Silver,Mumbai,UPI
C1453,O43284,2026-05-14,Groceries,Eggs,2,2428,14,4176.16,Platinum,Delhi,Net Banking
C1920,O16769,2025-12-23,Sports,Football,5,6133,3,29745.05,Silver,Mumbai,Debit Card
C1865,O83759,2025-06-25,Fashion,Jeans,1,2598,13,2260.26,Platinum,Mumbai,UPI
C1095,O48627,2025-10-28,Fashion,Jacket,1,4062,19,3290.22,Silver,Mumbai,Wallet
C1135,O50458,2025-06-08,Fashion,T-Shirt,4,1990,1,7880.4,Gold,Hyderabad,Net Banking
C1095,O15747,2026-01-04,Electronics,Headphones,1,30900,19,25029.0,Platinum,Pune,Net Banking
C1943,O24865,2026-06-05,Sports,Cricket Bat,2,3663,7,6813.18,Silver,Delhi,Debit Card
C1501,O65901,2026-05-15,Home Decor,Wall Art,5,2313,29,8211.15,Silver,Hyderabad,Debit Card
C1238,O51201,2025-09-15,Fashion,T-Shirt,3,3163,4,9109.44,Silver,Bangalore,Credit Card
C1627,O24090,2025-11-30,Fashion,Jeans,3,2482,10,6701.4,Gold,Delhi,UPI
C1339,O39131,2025-09-11,Groceries,Milk,4,1796,9,6537.44,Platinum,Chennai,Net Banking
C1707,O86997,2025-11-16,Home Decor,Curtains,3,1307,12,3450.48,Silver,Chennai,Net Banking
C1630,O68525,2026-04-15,Home Decor,Wall Art,1,2368,25,1776.0,Silver,Chennai,Credit Card
C1433,O96952,2026-04-13,Electronics,Headphones,2,72763,26,107689.24,Gold,Delhi,Debit Card
C1586,O93607,2026-02-27,Groceries,Eggs,5,212,20,848.0,Platinum,Chennai,Net Banking
C1407,O97942,2025-08-31,Home Decor,Wall Art,2,3894,3,7554.36,Silver,Chennai,UPI
C1739,O56399,2026-03-27,Beauty,Face Wash,1,4022,8,3700.24,Platinum,Hyderabad,Wallet
C1024,O73927,2026-02-25,Electronics,Smart Watch,3,47252,1,140338.44,Silver,Bangalore,Wallet
C1324,O90922,2025-10-27,Beauty,Perfume,5,1986,10,8937.0,Platinum,Delhi,Wallet
C1908,O40499,2026-06-03,Fashion,Shoes,1,4978,0,4978.0,Platinum,Pune,Wallet
C1137,O90771,2025-09-13,Sports,Dumbbells,2,10906,4,20939.52,Gold,Chennai,Net Banking
C1447,O42070,2026-02-09,Home Decor,Carpet,2,5742,24,8727.84,Silver,Delhi,UPI
C1292,O15809,2025-08-17,Groceries,Bread,3,792,0,2376.0,Silver,Chennai,Net Banking
C1436,O28083,2025-10-17,Groceries,Bread,2,2995,23,4612.3,Gold,Hyderabad,Credit Card
C1199,O69207,2025-07-14,Electronics,Smartphone,4,66178,28,190592.64,Platinum,Bangalore,Debit Card
C1720,O56600,2025-10-03,Beauty,Moisturizer,1,8860,0,8860.0,Platinum,Pune,UPI
C1840,O45590,2025-11-11,Fashion,T-Shirt,4,8006,6,30102.56,Platinum,Bangalore,Net Banking
C1018,O46918,2026-01-04,Fashion,T-Shirt,4,2110,29,5992.4,Platinum,Hyderabad,UPI
C1563,O95273,2025-11-22,Home Decor,Curtains,2,10776,11,19181.28,Platinum,Pune,Debit Card
C1668,O72036,2025-07-23,Electronics,Smart Watch,1,19963,11,17767.07,Gold,Bangalore,Net Banking
C1449,O69104,2025-12-17,Groceries,Eggs,5,202,0,1010.0,Gold,Mumbai,Credit Card
C1121,O79637,2026-04-16,Electronics,Headphones,3,33042,3,96152.22,Gold,Pune,UPI
C1246,O87760,2025-11-30,Sports,Dumbbells,1,14436,11,12848.04,Platinum,Pune,UPI
C1240,O18125,2025-12-02,Beauty,Perfume,5,4724,11,21021.8,Silver,Bangalore,UPI
C1014,O23624,2026-01-10,Beauty,Shampoo,4,5206,15,17700.4,Platinum,Delhi,Wallet
C1523,O12599,2026-03-02,Home Decor,Wall Art,4,2639,15,8972.6,Silver,Pune,Debit Card
C1886,O69100,2026-03-02,Sports,Yoga Mat,2,5317,1,10527.66,Silver,Delhi,Credit Card
C1281,O10847,2025-06-05,Fashion,Shoes,4,1294,7,4813.68,Platinum,Delhi,Wallet
C1521,O90679,2025-07-16,Sports,Yoga Mat,5,3046,0,15230.0,Silver,Delhi,Debit Card
C1186,O14205,2025-11-26,Beauty,Moisturizer,3,2329,15,5938.95,Silver,Pune,Debit Card
C1138,O87607,2025-10-29,Beauty,Moisturizer,2,4335,7,8063.1,Gold,Mumbai,Wallet
C1057,O42404,2025-08-19,Fashion,T-Shirt,5,1278,10,5751.0,Platinum,Hyderabad,UPI
C1479,O10867,2026-01-07,Sports,Yoga Mat,1,9948,29,7063.08,Gold,Hyderabad,UPI
C1407,O93286,2025-09-14,Fashion,Shoes,2,4996,23,7693.84,Silver,Delhi,Net Banking
C1860,O31472,2025-07-20,Electronics,Smartphone,1,92166,8,84792.72,Platinum,Pune,UPI
C1992,O37918,2025-07-31,Beauty,Moisturizer,4,5904,24,17948.16,Gold,Bangalore,Debit Card
C1376,O67840,2026-03-11,Fashion,Jacket,2,6036,26,8933.28,Gold,Delhi,Wallet
C1995,O75140,2026-05-04,Sports,Cricket Bat,5,680,24,2584.0,Silver,Mumbai,UPI
C1827,O50320,2025-10-16,Home Decor,Wall Art,3,9476,15,24163.8,Platinum,Delhi,Credit Card
C1272,O82297,2025-10-09,Home Decor,Curtains,1,10662,2,10448.76,Gold,Pune,Net Banking
C1284,O13834,2026-05-29,Home Decor,Lamp,3,6266,6,17670.12,Silver,Pune,Credit Card
C1100,O95330,2026-04-01,Sports,Dumbbells,5,674,24,2561.2,Silver,Bangalore,Wallet
C1730,O73390,2025-07-02,Electronics,Laptop,4,52262,19,169328.88,Platinum,Chennai,Wallet
C1972,O24099,2026-04-20,Groceries,Rice,4,320,26,947.2,Platinum,Mumbai,Credit Card
C1173,O76255,2026-03-01,Sports,Dumbbells,5,2720,10,12240.0,Silver,Pune,Debit Card
C1605,O78311,2025-08-15,Fashion,T-Shirt,4,8168,18,26791.04,Platinum,Hyderabad,Credit Card
C1217,O83653,2026-03-30,Fashion,Jacket,4,1245,3,4830.6,Silver,Chennai,Debit Card
C1475,O29769,2026-01-26,Fashion,T-Shirt,1,3434,18,2815.88,Silver,Hyderabad,Net Banking
C1319,O42662,2025-06-14,Electronics,Headphones,4,44815,16,150578.4,Gold,Chennai,Debit Card
C1252,O47743,2025-07-29,Electronics,Smartphone,5,94328,16,396177.6,Platinum,Delhi,UPI
C1632,O12955,2025-07-27,Beauty,Face Wash,2,476,21,752.08,Silver,Delhi,Credit Card
C1960,O70446,2026-03-20,Fashion,Jacket,1,2572,0,2572.0,Gold,Chennai,Net Banking
C1956,O97363,2025-08-24,Home Decor,Curtains,5,4178,12,18383.2,Platinum,Delhi,Credit Card
C1805,O75890,2025-08-21,Home Decor,Curtains,5,4773,27,17421.45,Gold,Pune,UPI
C1730,O59118,2025-10-28,Groceries,Rice,2,1782,3,3457.08,Platinum,Pune,Wallet
C1297,O58121,2025-12-16,Sports,Dumbbells,2,15412,0,30824.0,Platinum,Delhi,Debit Card
C1029,O49618,2026-05-16,Electronics,Smartphone,3,7755,19,18844.65,Gold,Hyderabad,Wallet
C1179,O12391,2026-03-06,Fashion,Jacket,4,4306,1,17051.76,Platinum,Pune,Credit Card
C1737,O34908,2026-01-20,Home Decor,Lamp,4,16908,25,50724.0,Platinum,Hyderabad,Net Banking
C1903,O38242,2025-07-18,Electronics,Headphones,1,43384,5,41214.8,Gold,Hyderabad,UPI
C1622,O65443,2026-05-20,Electronics,Laptop,1,12199,17,10125.17,Gold,Hyderabad,UPI
C1245,O94052,2026-02-13,Electronics,Smart Watch,2,31919,11,56815.82,Silver,Mumbai,UPI
C1954,O53679,2025-11-14,Sports,Cricket Bat,3,6306,19,15323.58,Gold,Bangalore,Net Banking
C1442,O73425,2026-02-16,Groceries,Bread,2,463,23,713.02,Gold,Mumbai,UPI
C1674,O80220,2025-12-28,Electronics,Laptop,5,9762,6,45881.4,Gold,Chennai,Wallet
C1531,O51874,2025-06-16,Home Decor,Lamp,3,19122,23,44171.82,Platinum,Bangalore,Net Banking
C1289,O33087,2026-05-17,Fashion,Jeans,3,515,4,1483.2,Silver,Pune,Debit Card
C1828,O63017,2025-12-10,Sports,Cricket Bat,4,10544,12,37114.88,Platinum,Bangalore,Debit Card
C1026,O97130,2026-03-04,Sports,Dumbbells,3,9848,21,23339.76,Platinum,Bangalore,Credit Card
C1738,O29623,2025-10-26,Home Decor,Curtains,5,9309,28,33512.4,Gold,Bangalore,Net Banking
C1050,O26614,2025-09-06,Electronics,Smart Watch,3,43699,26,97011.78,Gold,Mumbai,Credit Card
C1912,O84927,2025-06-23,Fashion,Jacket,2,1218,1,2411.64,Platinum,Hyderabad,Debit Card
C1728,O50336,2026-03-29,Fashion,Shoes,1,9002,0,9002.0,Platinum,Delhi,Credit Card
C1469,O32953,2026-02-09,Beauty,Face Wash,2,4725,28,6804.0,Gold,Pune,UPI
C1786,O13856,2026-02-27,Home Decor,Curtains,3,12054,13,31460.94,Gold,Pune,UPI
C1615,O72974,2025-11-26,Groceries,Eggs,5,872,13,3793.2,Silver,Chennai,Wallet
C1176,O73358,2025-07-31,Home Decor,Curtains,5,5339,3,25894.15,Silver,Bangalore,Credit Card
C1591,O34235,2026-01-28,Beauty,Perfume,3,4535,6,12788.7,Silver,Chennai,Net Banking
C1329,O64870,2025-08-13,Groceries,Eggs,5,407,30,1424.5,Silver,Hyderabad,Wallet
C1735,O74945,2025-07-20,Sports,Yoga Mat,1,8556,11,7614.84,Gold,Chennai,Debit Card
C1895,O86674,2025-09-24,Fashion,Jeans,1,1860,7,1729.8,Gold,Delhi,Net Banking
C1212,O80252,2025-11-21,Groceries,Rice,3,2670,19,6488.1,Gold,Pune,Credit Card
C1816,O36230,2026-06-05,Groceries,Milk,2,505,28,727.2,Gold,Mumbai,UPI
C1713,O19492,2025-07-23,Beauty,Moisturizer,3,3894,3,11331.54,Silver,Chennai,Wallet
C1157,O28566,2025-09-05,Fashion,Jacket,4,4674,20,14956.8,Platinum,Pune,Wallet
C1666,O26232,2026-06-04,Groceries,Bread,1,1485,14,1277.1,Silver,Chennai,Net Banking
C1821,O20204,2026-05-28,Electronics,Headphones,1,42189,24,32063.64,Gold,Hyderabad,Credit Card
C1348,O65033,2026-05-01,Beauty,Perfume,2,5412,27,7901.52,Gold,Bangalore,Wallet
C1550,O52934,2025-09-04,Home Decor,Wall Art,2,12360,8,22742.4,Gold,Pune,Credit Card
C1075,O43339,2025-08-29,Home Decor,Carpet,5,3221,17,13367.15,Silver,Bangalore,Net Banking
C1734,O49207,2025-08-17,Groceries,Rice,1,388,24,294.88,Gold,Mumbai,Debit Card
C1261,O80630,2026-04-14,Beauty,Perfume,3,2012,8,5553.12,Platinum,Pune,Debit Card
C1020,O93607,2026-03-08,Beauty,Perfume,5,2918,12,12839.2,Silver,Hyderabad,Debit Card
C1938,O56665,2026-02-12,Home Decor,Wall Art,1,12232,24,9296.32,Platinum,Chennai,Wallet
C1882,O39457,2025-12-13,Beauty,Moisturizer,5,498,29,1767.9,Gold,Pune,Credit Card
C1180,O15450,2026-05-25,Electronics,Headphones,5,9031,24,34317.8,Gold,Delhi,Debit Card
C1380,O21409,2025-12-05,Home Decor,Lamp,2,3264,30,4569.6,Silver,Mumbai,Wallet
C1919,O80908,2026-01-05,Beauty,Perfume,2,2466,24,3748.32,Gold,Bangalore,Debit Card
C1987,O29717,2025-09-15,Home Decor,Carpet,3,13694,27,29989.86,Platinum,Chennai,Net Banking
C1201,O98628,2025-10-23,Home Decor,Lamp,3,19864,5,56612.4,Platinum,Hyderabad,Debit Card
C1675,O59541,2025-09-14,Sports,Football,5,7579,26,28042.3,Silver,Pune,Debit Card
C1261,O15134,2026-02-20,Electronics,Laptop,2,52642,20,84227.2,Platinum,Bangalore,Wallet
C1887,O18388,2025-09-11,Fashion,Shoes,1,1489,25,1116.75,Gold,Pune,UPI
C1607,O53552,2025-07-14,Fashion,T-Shirt,2,945,22,1474.2,Silver,Delhi,Debit Card
C1382,O15047,2025-06-19,Fashion,Jacket,5,1801,30,6303.5,Silver,Chennai,Debit Card
C1427,O85628,2025-07-22,Home Decor,Curtains,3,12451,8,34364.76,Gold,Mumbai,Debit Card
C1335,O99173,2025-07-14,Home Decor,Curtains,4,7677,29,21802.68,Gold,Delhi,UPI
C1415,O57248,2025-07-27,Sports,Cricket Bat,3,7171,2,21082.74,Silver,Bangalore,UPI
C1417,O38474,2025-07-03,Sports,Yoga Mat,3,11937,6,33662.34,Gold,Chennai,Credit Card
C1726,O14533,2025-11-11,Groceries,Eggs,5,971,12,4272.4,Silver,Chennai,UPI
C1426,O17542,2025-07-27,Sports,Dumbbells,3,11374,20,27297.6,Platinum,Delhi,UPI
C1448,O48998,2026-03-01,Fashion,Shoes,3,2511,1,7457.67,Gold,Chennai,Net Banking
C1887,O79215,2025-11-15,Sports,Dumbbells,5,7351,4,35284.8,Gold,Chennai,Debit Card
C1068,O17401,2026-03-01,Groceries,Eggs,1,2508,16,2106.72,Platinum,Delhi,Debit Card
C1114,O66175,2026-02-07,Groceries,Eggs,3,2173,22,5084.82,Gold,Chennai,Debit Card
C1159,O33963,2026-02-03,Groceries,Bread,5,647,0,3235.0,Silver,Chennai,UPI
C1018,O49499,2025-09-19,Beauty,Face Wash,5,3339,25,12521.25,Gold,Bangalore,Net Banking
C1479,O82942,2025-09-30,Groceries,Rice,5,1471,18,6031.1,Gold,Pune,Credit Card
C1286,O96108,2026-02-23,Groceries,Bread,5,2494,25,9352.5,Platinum,Bangalore,UPI
C1470,O31897,2026-02-20,Fashion,T-Shirt,1,4050,27,2956.5,Silver,Bangalore,Debit Card
C1880,O57924,2026-05-10,Fashion,T-Shirt,2,2796,29,3970.32,Gold,Chennai,Credit Card
C1410,O35884,2026-01-04,Beauty,Perfume,2,2760,18,4526.4,Gold,Hyderabad,Net Banking
C1670,O71067,2025-07-11,Beauty,Face Wash,5,849,5,4032.75,Gold,Hyderabad,Wallet
C1868,O75649,2025-08-15,Fashion,Jacket,1,4198,25,3148.5,Platinum,Mumbai,Wallet
C1325,O67973,2025-08-04,Electronics,Headphones,2,25182,9,45831.24,Platinum,Delhi,Net Banking
C1717,O66509,2026-04-22,Sports,Dumbbells,1,1803,3,1748.91,Gold,Bangalore,Wallet
C1479,O86815,2026-05-30,Beauty,Perfume,2,1968,9,3581.76,Gold,Pune,Wallet
C1147,O45798,2026-04-01,Beauty,Perfume,1,3529,0,3529.0,Gold,Hyderabad,Debit Card
C1735,O71196,2026-03-07,Fashion,Jacket,1,5661,28,4075.92,Gold,Mumbai,Wallet
C1392,O39036,2026-05-28,Fashion,T-Shirt,2,842,30,1178.8,Silver,Pune,Wallet
C1340,O72048,2026-03-30,Groceries,Bread,1,169,24,128.44,Gold,Bangalore,UPI
C1159,O45491,2026-01-09,Home Decor,Curtains,4,11814,23,36387.12,Platinum,Mumbai,Debit Card
C1910,O82212,2026-03-29,Groceries,Milk,1,727,13,632.49,Gold,Pune,Net Banking
C1547,O50152,2026-05-13,Home Decor,Wall Art,4,1450,2,5684.0,Silver,Delhi,Net Banking
C1417,O85201,2025-09-14,Sports,Football,5,2430,30,8505.0,Platinum,Bangalore,Debit Card
C1049,O19884,2026-03-03,Electronics,Smartphone,3,16771,27,36728.49,Silver,Mumbai,Credit Card
C1392,O86753,2025-07-04,Electronics,Smart Watch,5,34574,20,138296.0,Silver,Pune,Credit Card
C1895,O74934,2026-05-23,Home Decor,Wall Art,1,7615,29,5406.65,Silver,Mumbai,Wallet
C1468,O40872,2025-07-20,Sports,Dumbbells,3,3751,6,10577.82,Silver,Bangalore,Net Banking
C1469,O29817,2026-03-28,Sports,Cricket Bat,4,1112,24,3380.48,Platinum,Mumbai,Net Banking
C1716,O61864,2025-07-03,Home Decor,Carpet,1,9259,8,8518.28,Gold,Hyderabad,Wallet
C1651,O66939,2026-04-08,Electronics,Headphones,1,42878,7,39876.54,Silver,Bangalore,Wallet
C1698,O76312,2025-10-27,Groceries,Rice,5,2514,21,9930.3,Platinum,Pune,Credit Card
C1080,O21553,2025-07-30,Groceries,Milk,3,1034,8,2853.84,Platinum,Chennai,Debit Card
C1144,O72985,2026-03-24,Electronics,Smartphone,5,17572,27,64137.8,Silver,Hyderabad,UPI
C1402,O12473,2025-12-15,Electronics,Laptop,1,24354,12,21431.52,Platinum,Delhi,Net Banking
C1071,O86848,2025-11-29,Beauty,Shampoo,4,6634,20,21228.8,Platinum,Mumbai,Debit Card
C1836,O97456,2025-10-05,Fashion,T-Shirt,1,2294,20,1835.2,Platinum,Chennai,Net Banking
C1044,O92880,2025-06-07,Home Decor,Wall Art,4,6732,13,23427.36,Silver,Pune,Wallet
C1938,O60993,2025-07-20,Sports,Dumbbells,3,5889,29,12543.57,Silver,Pune,Wallet
C1568,O68775,2025-09-18,Beauty,Moisturizer,2,6243,5,11861.7,Gold,Hyderabad,Net Banking
C1582,O81856,2026-03-22,Groceries,Eggs,2,1597,13,2778.78,Gold,Hyderabad,Credit Card
C1891,O46433,2025-07-19,Fashion,T-Shirt,5,8044,24,30567.2,Platinum,Delhi,Credit Card
C1892,O18613,2025-06-19,Beauty,Shampoo,4,658,8,2421.44,Silver,Mumbai,UPI
C1305,O61344,2025-09-24,Fashion,T-Shirt,3,1804,16,4546.08,Platinum,Bangalore,Debit Card
C1706,O25473,2026-02-16,Fashion,Jacket,5,6441,25,24153.75,Gold,Mumbai,Debit Card
C1593,O47493,2025-11-22,Beauty,Moisturizer,2,3931,21,6210.98,Silver,Mumbai,Debit Card
C1075,O42790,2025-07-28,Home Decor,Lamp,3,7479,22,17500.86,Silver,Hyderabad,Wallet
C1070,O62162,2026-03-23,Home Decor,Carpet,4,1952,19,6324.48,Silver,Hyderabad,Credit Card
C1368,O12917,2025-09-01,Fashion,Shoes,1,7201,27,5256.73,Gold,Pune,Wallet
C1313,O19744,2025-10-17,Groceries,Eggs,5,504,13,2192.4,Platinum,Chennai,Debit Card
C1312,O55361,2025-10-17,Beauty,Moisturizer,5,4600,8,21160.0,Platinum,Hyderabad,UPI
C1590,O26570,2025-12-28,Home Decor,Carpet,2,8434,4,16193.28,Gold,Hyderabad,Debit Card
C1721,O54270,2025-06-10,Fashion,T-Shirt,5,8782,27,32054.3,Platinum,Chennai,Wallet
C1144,O64144,2025-06-18,Fashion,Jeans,2,5977,25,8965.5,Gold,Pune,UPI
C1613,O85165,2025-07-07,Beauty,Face Wash,2,5658,25,8487.0,Gold,Pune,Debit Card
C1763,O19932,2025-06-25,Beauty,Moisturizer,3,7818,21,18528.66,Platinum,Bangalore,Credit Card
C1261,O67326,2025-11-04,Sports,Yoga Mat,1,2824,23,2174.48,Silver,Mumbai,Wallet
C1531,O36210,2026-03-01,Beauty,Face Wash,3,1117,17,2781.33,Silver,Bangalore,UPI
C1707,O40093,2026-05-26,Electronics,Laptop,1,61207,8,56310.44,Gold,Pune,UPI
C1683,O72073,2025-09-10,Fashion,Jacket,3,4938,15,12591.9,Gold,Delhi,Debit Card
C1969,O25540,2025-07-29,Groceries,Rice,1,255,0,255.0,Gold,Mumbai,UPI
C1183,O81120,2025-11-26,Beauty,Moisturizer,4,5317,15,18077.8,Gold,Hyderabad,Net Banking
C1128,O83212,2025-06-24,Home Decor,Curtains,3,8828,24,20127.84,Platinum,Pune,Net Banking
C1283,O44902,2026-03-29,Fashion,Jeans,2,2940,13,5115.6,Gold,Chennai,Net Banking
C1985,O81625,2025-07-25,Beauty,Face Wash,1,6724,9,6118.84,Platinum,Delhi,Net Banking
C1622,O64681,2026-03-31,Fashion,Shoes,4,1987,20,6358.4,Silver,Mumbai,Debit Card
C1137,O45144,2025-12-29,Beauty,Moisturizer,4,3727,0,14908.0,Gold,Mumbai,Wallet
C1613,O39622,2026-02-26,Groceries,Bread,1,2658,8,2445.36,Platinum,Chennai,Credit Card
C1658,O36881,2025-12-25,Electronics,Smart Watch,2,79602,21,125771.16,Platinum,Chennai,Net Banking
C1056,O88662,2025-12-28,Beauty,Shampoo,1,6994,26,5175.56,Platinum,Chennai,Debit Card
C1340,O42989,2025-08-11,Groceries,Rice,4,2194,12,7722.88,Gold,Hyderabad,Net Banking
C1641,O27851,2025-07-17,Beauty,Moisturizer,4,3355,9,12212.2,Silver,Hyderabad,Debit Card
C1660,O53865,2025-07-19,Groceries,Eggs,5,2142,26,7925.4,Platinum,Pune,Debit Card
C1264,O39275,2025-09-03,Electronics,Smartphone,1,10820,14,9305.2,Platinum,Bangalore,Net Banking
C1780,O44586,2025-08-12,Home Decor,Carpet,2,3714,17,6165.24,Silver,Bangalore,Debit Card
C1604,O16425,2025-11-27,Fashion,Jeans,1,4401,22,3432.78,Silver,Hyderabad,Wallet
C1283,O30733,2025-10-12,Beauty,Face Wash,4,6146,8,22617.28,Platinum,Bangalore,Debit Card
C1627,O84800,2026-02-03,Fashion,Jacket,2,2013,9,3663.66,Gold,Mumbai,Debit Card
C1335,O15792,2025-09-01,Electronics,Laptop,5,71389,6,335528.3,Gold,Chennai,UPI
C1034,O82971,2025-10-04,Groceries,Milk,3,2806,27,6145.14,Gold,Hyderabad,Wallet
C1478,O95628,2026-04-08,Groceries,Rice,3,906,11,2419.02,Platinum,Chennai,Net Banking
C1487,O64352,2025-10-26,Fashion,Jacket,5,4301,13,18709.35,Silver,Hyderabad,Debit Card
C1382,O23388,2025-11-28,Groceries,Milk,3,799,25,1797.75,Silver,Bangalore,Wallet
C1171,O78413,2026-06-02,Beauty,Shampoo,2,784,21,1238.72,Silver,Mumbai,Debit Card
C1719,O16903,2025-11-10,Fashion,T-Shirt,2,3160,9,5751.2,Silver,Delhi,UPI
C1628,O25141,2026-05-11,Home Decor,Lamp,2,1276,7,2373.36,Silver,Delhi,UPI
C1968,O45498,2026-03-22,Electronics,Smart Watch,1,50672,5,48138.4,Platinum,Hyderabad,Credit Card
C1070,O33711,2025-06-19,Fashion,Jeans,3,6138,13,16020.18,Gold,Hyderabad,Credit Card
C1040,O46393,2026-05-19,Home Decor,Lamp,3,7792,16,19635.84,Gold,Chennai,Credit Card
C1588,O30992,2026-03-05,Groceries,Rice,1,2184,27,1594.32,Platinum,Delhi,Credit Card
C1672,O89684,2026-05-02,Groceries,Bread,3,2017,6,5687.94,Gold,Chennai,Net Banking
C1495,O59138,2025-08-29,Groceries,Milk,5,1638,5,7780.5,Silver,Mumbai,Debit Card
C1597,O90421,2026-05-22,Home Decor,Wall Art,2,3412,2,6687.52,Silver,Bangalore,Net Banking
C1393,O76509,2025-09-06,Electronics,Smartphone,4,60900,22,190008.0,Platinum,Chennai,Net Banking
C1714,O66699,2025-09-07,Electronics,Laptop,5,20160,12,88704.0,Platinum,Hyderabad,UPI
C1212,O47958,2025-06-19,Groceries,Bread,2,1830,21,2891.4,Silver,Pune,UPI
C1410,O21332,2025-09-09,Electronics,Smartphone,4,15487,8,56992.16,Silver,Hyderabad,UPI
C1965,O82097,2025-11-27,Home Decor,Lamp,5,1614,20,6456.0,Gold,Hyderabad,UPI
C1691,O22634,2026-04-24,Sports,Cricket Bat,1,10044,17,8336.52,Platinum,Pune,Net Banking
C1237,O40951,2026-02-03,Beauty,Perfume,3,7324,0,21972.0,Gold,Mumbai,Debit Card
C1577,O35377,2026-02-27,Home Decor,Wall Art,2,9320,27,13607.2,Silver,Hyderabad,Credit Card
C1342,O32599,2025-11-23,Groceries,Bread,5,612,6,2876.4,Silver,Chennai,UPI
C1532,O99344,2025-06-24,Beauty,Perfume,2,6028,16,10127.04,Gold,Hyderabad,UPI
C1691,O94215,2026-01-17,Electronics,Smartphone,2,68850,16,115668.0,Platinum,Delhi,UPI
C1060,O56313,2025-06-10,Groceries,Bread,2,1976,22,3082.56,Silver,Hyderabad,Wallet
C1664,O54962,2025-09-20,Sports,Cricket Bat,3,6520,19,15843.6,Platinum,Pune,Debit Card
C1195,O61912,2026-04-30,Home Decor,Carpet,1,14296,27,10436.08,Platinum,Hyderabad,Debit Card
C1858,O77400,2026-05-11,Home Decor,Carpet,4,13606,23,41906.48,Platinum,Mumbai,Net Banking
C1912,O24553,2025-10-26,Beauty,Face Wash,4,2791,24,8484.64,Silver,Pune,UPI
C1964,O35700,2026-01-31,Electronics,Smart Watch,2,22483,20,35972.8,Gold,Mumbai,Credit Card
C1063,O83449,2026-01-10,Fashion,T-Shirt,4,5152,2,20195.84,Gold,Delhi,Net Banking
C1470,O98137,2025-08-01,Beauty,Shampoo,5,1242,22,4843.8,Platinum,Delhi,Net Banking
C1420,O92136,2026-05-20,Beauty,Moisturizer,2,954,9,1736.28,Silver,Chennai,Net Banking
C1344,O81329,2025-08-14,Beauty,Shampoo,5,501,11,2229.45,Gold,Delhi,Wallet
C1946,O91461,2025-07-31,Home Decor,Curtains,2,12090,14,20794.8,Platinum,Chennai,Credit Card
C1652,O29640,2025-07-18,Home Decor,Curtains,4,6342,5,24099.6,Gold,Bangalore,Debit Card
C1177,O73042,2026-05-07,Groceries,Rice,1,1022,19,827.82,Platinum,Hyderabad,Net Banking
C1063,O78053,2026-02-24,Electronics,Laptop,2,52804,23,81318.16,Platinum,Bangalore,UPI
C1590,O24145,2025-08-21,Electronics,Smartphone,5,24923,28,89722.8,Silver,Bangalore,UPI
C1219,O41783,2026-02-06,Beauty,Moisturizer,1,8798,23,6774.46,Platinum,Pune,Debit Card
C1327,O20991,2025-07-14,Groceries,Milk,5,722,23,2779.7,Silver,Chennai,Wallet
C1616,O94651,2025-07-03,Home Decor,Wall Art,3,14190,17,35333.1,Gold,Chennai,Debit Card
C1510,O62705,2026-01-10,Sports,Yoga Mat,4,6087,15,20695.8,Gold,Chennai,Wallet
C1240,O68786,2026-01-24,Home Decor,Curtains,3,2454,10,6625.8,Platinum,Delhi,Debit Card
C1107,O56500,2026-02-17,Home Decor,Curtains,5,19962,13,86834.7,Platinum,Pune,Debit Card
C1492,O51120,2025-11-14,Fashion,T-Shirt,4,1708,5,6490.4,Platinum,Bangalore,Credit Card
C1876,O52265,2025-09-22,Beauty,Moisturizer,4,7468,5,28378.4,Gold,Pune,Credit Card
C1795,O33667,2025-12-12,Sports,Yoga Mat,5,1724,22,6723.6,Platinum,Pune,Debit Card
C1897,O90977,2026-03-10,Home Decor,Curtains,5,4066,11,18093.7,Platinum,Mumbai,Net Banking
C1481,O18402,2026-01-29,Beauty,Moisturizer,3,6999,12,18477.36,Gold,Hyderabad,Wallet
C1961,O38680,2026-04-02,Groceries,Milk,5,2332,16,9794.4,Platinum,Bangalore,Wallet
C1380,O81820,2025-11-06,Electronics,Smart Watch,4,20367,15,69247.8,Silver,Bangalore,Credit Card
C1057,O12254,2025-11-05,Electronics,Smartphone,3,84166,2,247448.04,Platinum,Bangalore,UPI
C1732,O28950,2025-08-02,Sports,Dumbbells,2,1593,5,3026.7,Gold,Mumbai,UPI
C1843,O65993,2026-04-17,Groceries,Eggs,5,1338,13,5820.3,Silver,Delhi,UPI
C1091,O58135,2026-06-01,Electronics,Headphones,1,34872,23,26851.44,Platinum,Delhi,Debit Card
C1359,O94003,2025-09-03,Fashion,T-Shirt,1,7462,21,5894.98,Gold,Chennai,UPI
C1822,O58627,2026-04-06,Home Decor,Curtains,5,9818,22,38290.2,Platinum,Chennai,Credit Card
C1056,O73730,2026-01-28,Home Decor,Lamp,5,9937,22,38754.3,Silver,Mumbai,Net Banking
C1704,O32416,2026-05-22,Fashion,Shoes,4,4916,17,16321.12,Platinum,Delhi,Credit Card
C1908,O37254,2025-08-06,Groceries,Eggs,5,1497,10,6736.5,Silver,Hyderabad,Credit Card
C1499,O27958,2025-11-25,Beauty,Shampoo,3,8512,29,18130.56,Platinum,Hyderabad,Credit Card
C1146,O99635,2026-03-09,Fashion,T-Shirt,2,8346,29,11851.32,Platinum,Mumbai,Credit Card
C1032,O92066,2025-07-25,Groceries,Eggs,2,1856,8,3415.04,Platinum,Bangalore,UPI
C1979,O97767,2026-02-01,Fashion,Jacket,2,5526,6,10388.88,Platinum,Mumbai,Net Banking
C1738,O67131,2026-03-01,Electronics,Headphones,4,20684,10,74462.4,Platinum,Hyderabad,Credit Card
C1944,O61998,2025-09-09,Fashion,Jacket,2,6828,2,13382.88,Platinum,Bangalore,Net Banking
C1554,O32505,2025-11-03,Fashion,Shoes,2,8046,16,13517.28,Platinum,Bangalore,Debit Card
C1974,O42985,2026-03-13,Home Decor,Carpet,4,3609,12,12703.68,Silver,Bangalore,UPI
C1886,O40190,2026-04-20,Electronics,Headphones,3,42686,21,101165.82,Silver,Pune,Net Banking
C1608,O11648,2026-05-31,Beauty,Shampoo,3,961,12,2537.04,Silver,Pune,Debit Card
C1696,O97220,2026-05-25,Fashion,T-Shirt,1,6546,10,5891.4,Platinum,Delhi,Debit Card
C1930,O20575,2025-09-20,Fashion,T-Shirt,3,2026,0,6078.0,Silver,Chennai,Net Banking
C1601,O76331,2026-04-26,Fashion,Shoes,5,7946,22,30989.4,Platinum,Delhi,Net Banking
C1613,O65633,2025-09-17,Home Decor,Carpet,5,15930,2,78057.0,Platinum,Hyderabad,UPI
C1572,O66268,2025-09-28,Home Decor,Lamp,3,2376,1,7056.72,Gold,Chennai,Debit Card
C1859,O54123,2025-08-09,Fashion,Jacket,5,8708,20,34832.0,Platinum,Delhi,Credit Card
C1039,O98443,2025-11-09,Fashion,Jeans,5,5056,26,18707.2,Gold,Bangalore,Net Banking
C1496,O74042,2026-02-08,Home Decor,Lamp,5,16020,5,76095.0,Platinum,Mumbai,Wallet
C1790,O20386,2025-10-23,Home Decor,Lamp,2,7217,24,10969.84,Silver,Chennai,Net Banking
C1043,O13138,2025-08-09,Sports,Football,4,13326,22,41577.12,Platinum,Delhi,Debit Card
C1022,O32541,2025-07-02,Sports,Football,1,4132,25,3099.0,Silver,Pune,Net Banking
C1515,O68184,2025-11-08,Beauty,Perfume,2,2315,27,3379.9,Silver,Bangalore,UPI
C1826,O21528,2026-05-12,Sports,Dumbbells,1,1450,2,1421.0,Silver,Mumbai,UPI
C1119,O59375,2025-12-25,Electronics,Headphones,4,45005,7,167418.6,Silver,Chennai,Credit Card
C1313,O72475,2025-11-12,Sports,Football,5,4398,23,16932.3,Silver,Mumbai,Wallet
C1780,O69784,2026-05-25,Fashion,Shoes,1,2213,16,1858.92,Silver,Hyderabad,Credit Card
C1513,O47756,2026-01-17,Electronics,Smartphone,2,54004,9,98287.28,Platinum,Delhi,Net Banking
C1610,O75751,2025-09-28,Fashion,Jacket,4,7162,5,27215.6,Platinum,Bangalore,Credit Card
C1203,O15112,2025-07-10,Groceries,Milk,2,3400,9,6188.0,Platinum,Bangalore,UPI
C1047,O35643,2025-08-08,Home Decor,Wall Art,3,19236,25,43281.0,Platinum,Delhi,Credit Card
C1931,O70010,2025-11-04,Sports,Yoga Mat,4,6181,23,19037.48,Gold,Bangalore,Net Banking
C1497,O48207,2025-06-29,Electronics,Headphones,1,64318,21,50811.22,Platinum,Hyderabad,Wallet
C1968,O54099,2025-08-12,Fashion,T-Shirt,2,5272,15,8962.4,Gold,Chennai,UPI
C1480,O42672,2025-09-20,Groceries,Bread,5,195,18,799.5,Gold,Chennai,Net Banking
C1745,O69911,2025-12-16,Sports,Cricket Bat,5,15004,27,54764.6,Platinum,Bangalore,UPI
C1250,O39463,2025-06-14,Fashion,Jacket,4,5319,23,16382.52,Gold,Bangalore,Net Banking
C1513,O67984,2025-12-16,Fashion,T-Shirt,3,6478,2,19045.32,Platinum,Pune,Credit Card
C1787,O87570,2025-09-18,Home Decor,Lamp,3,7372,18,18135.12,Gold,Hyderabad,Wallet
C1648,O63122,2025-08-25,Beauty,Perfume,5,8014,20,32056.0,Platinum,Hyderabad,Credit Card
C1844,O10818,2026-02-06,Beauty,Perfume,3,2680,13,6994.8,Silver,Hyderabad,Debit Card
C1205,O23238,2025-10-27,Fashion,Jacket,5,2296,17,9528.4,Platinum,Pune,Debit Card
C1324,O46112,2026-04-17,Groceries,Rice,2,2779,22,4335.24,Gold,Mumbai,Credit Card
C1294,O96212,2025-08-15,Sports,Cricket Bat,2,7781,18,12760.84,Silver,Mumbai,Wallet
C1286,O59666,2025-06-25,Beauty,Perfume,5,2066,16,8677.2,Platinum,Bangalore,Net Banking
C1813,O27840,2026-03-08,Beauty,Face Wash,3,2665,1,7915.05,Gold,Delhi,UPI
C1745,O62451,2025-12-16,Groceries,Eggs,3,583,23,1346.73,Silver,Delhi,UPI
C1091,O30851,2026-03-01,Groceries,Bread,1,1333,16,1119.72,Gold,Delhi,Credit Card
C1558,O87852,2025-09-29,Sports,Dumbbells,3,6338,8,17492.88,Silver,Hyderabad,Credit Card
C1953,O26954,2025-11-16,Sports,Football,2,14376,14,24726.72,Platinum,Hyderabad,Wallet
C1155,O20511,2026-03-31,Sports,Dumbbells,4,12138,9,44182.32,Platinum,Mumbai,UPI
C1497,O43415,2026-02-09,Beauty,Perfume,2,2246,13,3908.04,Platinum,Pune,Wallet
C1096,O51389,2026-04-26,Sports,Dumbbells,4,7650,17,25398.0,Platinum,Delhi,Credit Card
C1003,O31373,2026-04-25,Groceries,Eggs,1,2130,18,1746.6,Gold,Delhi,UPI
C1284,O91556,2025-10-19,Home Decor,Curtains,1,12696,16,10664.64,Gold,Pune,Debit Card
C1622,O16750,2026-05-22,Groceries,Rice,4,423,26,1252.08,Gold,Hyderabad,Wallet
C1852,O79059,2025-07-21,Fashion,Jeans,3,4544,0,13632.0,Platinum,Mumbai,UPI
C1461,O56109,2025-10-31,Groceries,Rice,3,2338,3,6803.58,Gold,Pune,Net Banking
C1849,O92007,2025-12-16,Groceries,Bread,1,681,2,667.38,Gold,Chennai,Wallet
C1999,O54500,2025-07-30,Electronics,Smartphone,1,16468,19,13339.08,Gold,Bangalore,Wallet
C1078,O20108,2025-06-11,Electronics,Laptop,3,27084,26,60126.48,Silver,Mumbai,Credit Card
C1238,O90308,2026-05-26,Beauty,Shampoo,4,8206,7,30526.32,Platinum,Bangalore,Wallet
C1590,O85520,2026-02-14,Groceries,Milk,3,1708,7,4765.32,Gold,Chennai,Credit Card
C1113,O81718,2026-04-07,Beauty,Perfume,5,2683,12,11805.2,Silver,Mumbai,Wallet
C1838,O10819,2025-11-17,Beauty,Perfume,4,1708,2,6695.36,Platinum,Mumbai,Debit Card
C1645,O66963,2026-03-24,Fashion,Shoes,2,3057,28,4402.08,Gold,Hyderabad,Credit Card
C1350,O37998,2025-06-25,Sports,Cricket Bat,2,7085,14,12186.2,Silver,Hyderabad,Wallet
C1108,O89871,2025-11-22,Groceries,Milk,5,1827,1,9043.65,Silver,Chennai,Wallet
C1808,O15426,2026-01-13,Beauty,Perfume,4,4002,4,15367.68,Gold,Hyderabad,Net Banking
C1815,O59208,2026-04-18,Groceries,Rice,4,1300,4,4992.0,Silver,Pune,Debit Card
C1075,O20704,2026-01-16,Sports,Football,4,911,25,2733.0,Silver,Hyderabad,Wallet
C1671,O42982,2026-01-27,Electronics,Smartphone,5,77834,14,334686.2,Platinum,Bangalore,UPI
C1771,O71860,2026-06-02,Sports,Yoga Mat,5,4136,8,19025.6,Silver,Chennai,Debit Card
C1492,O42784,2025-06-29,Electronics,Headphones,1,8586,14,7383.96,Silver,Hyderabad,Credit Card
C1592,O45849,2026-04-12,Home Decor,Lamp,3,8929,20,21429.6,Silver,Chennai,Wallet
C1615,O56665,2025-10-14,Sports,Cricket Bat,2,3259,3,6322.46,Silver,Chennai,Credit Card
C1185,O62214,2026-03-25,Beauty,Moisturizer,1,1196,11,1064.44,Silver,Delhi,Credit Card
C1696,O54065,2025-07-10,Groceries,Eggs,1,1946,5,1848.7,Silver,Delhi,Wallet
C1837,O59645,2025-09-20,Groceries,Rice,1,2228,0,2228.0,Platinum,Chennai,Net Banking
C1127,O62386,2025-10-25,Groceries,Eggs,4,420,24,1276.8,Platinum,Hyderabad,Debit Card
C1127,O26839,2026-03-22,Sports,Yoga Mat,3,667,19,1620.81,Silver,Bangalore,Debit Card
C1026,O20698,2025-08-20,Electronics,Smartphone,3,13570,19,32975.1,Gold,Chennai,Wallet
C1048,O35739,2025-11-05,Beauty,Moisturizer,5,4508,8,20736.8,Platinum,Mumbai,UPI
C1933,O49965,2026-06-01,Electronics,Headphones,3,23496,30,49341.6,Silver,Delhi,Credit Card
C1745,O84905,2025-06-19,Electronics,Laptop,5,8304,18,34046.4,Silver,Chennai,Net Banking
C1556,O89675,2025-12-07,Groceries,Eggs,5,3138,12,13807.2,Platinum,Mumbai,UPI
C1112,O11140,2026-05-22,Electronics,Smartphone,4,7785,25,23355.0,Silver,Chennai,Credit Card
C1736,O78133,2025-08-17,Sports,Yoga Mat,4,4759,18,15609.52,Gold,Pune,Debit Card
C1812,O83471,2025-11-15,Sports,Dumbbells,2,13396,8,24648.64,Platinum,Bangalore,Net Banking
C1635,O67537,2025-06-25,Home Decor,Lamp,1,7610,2,7457.8,Silver,Hyderabad,Credit Card
C1472,O56810,2026-05-29,Home Decor,Carpet,4,8440,3,32747.2,Gold,Chennai,Wallet
C1270,O84457,2025-12-09,Home Decor,Lamp,2,11353,15,19300.1,Gold,Pune,Credit Card
C1778,O68808,2025-07-07,Groceries,Milk,4,381,24,1158.24,Silver,Mumbai,Debit Card
C1714,O42265,2025-07-12,Electronics,Headphones,2,34310,17,56954.6,Platinum,Delhi,Credit Card
C1982,O15844,2025-07-15,Fashion,Shoes,3,4514,11,12052.38,Silver,Delhi,Net Banking
C1013,O68821,2025-09-13,Fashion,Jeans,4,7070,12,24886.4,Platinum,Chennai,Debit Card
C1496,O87898,2025-10-11,Home Decor,Wall Art,2,6531,8,12017.04,Silver,Hyderabad,UPI
C1533,O80974,2025-07-25,Fashion,Jacket,5,2980,19,12069.0,Gold,Hyderabad,Net Banking
C1443,O12038,2025-08-07,Sports,Yoga Mat,4,10413,28,29989.44,Gold,Pune,Wallet
C1008,O56659,2025-06-29,Fashion,T-Shirt,4,4960,12,17459.2,Gold,Bangalore,Wallet
C1121,O55861,2026-01-04,Electronics,Laptop,2,54322,21,85828.76,Gold,Chennai,Net Banking
C1672,O25294,2026-05-27,Electronics,Headphones,4,31080,2,121833.6,Platinum,Mumbai,Net Banking
C1543,O89473,2025-06-22,Sports,Dumbbells,4,10630,3,41244.4,Platinum,Chennai,UPI
C1361,O47759,2025-07-13,Beauty,Face Wash,5,3206,23,12343.1,Platinum,Hyderabad,Debit Card
C1453,O37559,2025-07-28,Groceries,Eggs,3,2830,2,8320.2,Gold,Chennai,Wallet
C1404,O93988,2026-05-07,Beauty,Perfume,1,6658,14,5725.88,Gold,Mumbai,Debit Card
C1315,O83262,2025-08-04,Electronics,Smart Watch,2,6520,16,10953.6,Silver,Bangalore,Credit Card
C1380,O58042,2025-10-19,Home Decor,Wall Art,5,9632,12,42380.8,Platinum,Hyderabad,Net Banking
C1635,O38306,2025-06-28,Electronics,Smart Watch,2,29670,2,58153.2,Gold,Bangalore,UPI
C1001,O22987,2025-07-12,Home Decor,Lamp,2,10683,12,18802.08,Gold,Bangalore,Credit Card
C1337,O31906,2025-06-27,Groceries,Milk,3,2577,27,5643.63,Gold,Bangalore,Debit Card
C1245,O52728,2025-12-03,Groceries,Rice,3,490,18,1205.4,Silver,Delhi,Net Banking
C1165,O67518,2026-02-04,Fashion,Jeans,1,2942,24,2235.92,Silver,Chennai,Wallet
C1949,O27527,2025-12-05,Groceries,Eggs,5,363,12,1597.2,Gold,Bangalore,UPI
C1602,O72163,2026-01-14,Electronics,Laptop,1,39657,28,28553.04,Gold,Hyderabad,Net Banking
C1197,O10272,2025-10-14,Groceries,Rice,1,1538,2,1507.24,Silver,Bangalore,Debit Card
C1626,O99968,2026-05-25,Groceries,Bread,3,737,4,2122.56,Silver,Hyderabad,Wallet
C1343,O34556,2025-09-04,Groceries,Rice,5,392,12,1724.8,Platinum,Bangalore,Credit Card
C1132,O41088,2026-04-30,Home Decor,Curtains,4,6435,24,19562.4,Gold,Hyderabad,UPI
C1795,O22157,2026-03-10,Beauty,Shampoo,2,6114,3,11861.16,Platinum,Mumbai,Credit Card
C1015,O62382,2025-10-08,Fashion,Jacket,1,5079,21,4012.41,Gold,Bangalore,Wallet
C1819,O81049,2025-08-15,Sports,Cricket Bat,3,5015,9,13690.95,Silver,Delhi,Net Banking
C1549,O99135,2025-08-17,Groceries,Eggs,3,576,9,1572.48,Platinum,Chennai,Wallet
C1276,O13198,2026-03-24,Groceries,Milk,3,456,25,1026.0,Gold,Chennai,Debit Card
C1482,O14306,2025-10-26,Groceries,Bread,1,756,8,695.52,Platinum,Pune,Wallet
C1016,O12548,2025-06-14,Home Decor,Wall Art,5,4402,14,18928.6,Silver,Bangalore,UPI
C1089,O35202,2025-09-19,Fashion,T-Shirt,5,6546,3,31748.1,Gold,Chennai,Net Banking
C1668,O91526,2025-12-28,Sports,Football,1,8750,19,7087.5,Platinum,Pune,Debit Card
C1636,O24440,2025-06-25,Sports,Dumbbells,5,7858,18,32217.8,Silver,Hyderabad,Debit Card
C1270,O79748,2026-01-23,Groceries,Milk,1,2858,0,2858.0,Platinum,Chennai,Net Banking
C1312,O63777,2026-02-24,Electronics,Smartphone,5,63094,0,315470.0,Platinum,Hyderabad,Net Banking
C1761,O82418,2025-09-30,Home Decor,Curtains,4,10963,10,39466.8,Gold,Delhi,Debit Card
C1107,O59122,2025-07-31,Beauty,Face Wash,2,6544,19,10601.28,Platinum,Chennai,UPI
C1261,O77869,2026-04-05,Groceries,Eggs,3,2974,9,8119.02,Platinum,Mumbai,Debit Card
C1774,O47976,2026-04-20,Sports,Yoga Mat,4,2053,3,7965.64,Gold,Mumbai,UPI
C1319,O80528,2026-02-11,Beauty,Perfume,2,917,5,1742.3,Silver,Bangalore,Credit Card
C1315,O83837,2026-04-04,Electronics,Headphones,5,57373,8,263915.8,Gold,Hyderabad,Wallet
C1190,O15586,2025-08-14,Groceries,Rice,2,1818,27,2654.28,Gold,Hyderabad,Debit Card
C1377,O97443,2026-03-28,Home Decor,Curtains,1,14294,27,10434.62,Platinum,Mumbai,Wallet
C1841,O49862,2025-10-10,Fashion,Jacket,1,4876,27,3559.48,Platinum,Pune,Net Banking
C1915,O95019,2026-03-17,Fashion,Jacket,1,3132,29,2223.72,Silver,Delhi,UPI
C1627,O42610,2026-01-10,Sports,Football,5,3940,15,16745.0,Gold,Chennai,Debit Card
C1189,O34074,2025-10-09,Sports,Cricket Bat,3,3148,9,8594.04,Platinum,Mumbai,Wallet
C1402,O19319,2025-06-20,Electronics,Smartphone,5,41133,28,148078.8,Silver,Chennai,Debit Card
C1509,O74333,2026-01-01,Beauty,Moisturizer,2,8112,25,12168.0,Platinum,Mumbai,Debit Card
C1199,O75145,2026-03-14,Groceries,Rice,1,174,6,163.56,Gold,Chennai,UPI
C1439,O72307,2025-06-27,Beauty,Perfume,1,6806,8,6261.52,Platinum,Mumbai,Net Banking
C1164,O19434,2025-06-21,Sports,Yoga Mat,1,5976,19,4840.56,Silver,Hyderabad,Debit Card
C1339,O93514,2025-11-18,Home Decor,Lamp,5,10490,19,42484.5,Platinum,Pune,Wallet
C1261,O75044,2026-01-09,Beauty,Face Wash,5,6312,23,24301.2,Gold,Chennai,Debit Card
C1811,O76639,2025-06-15,Groceries,Eggs,3,596,29,1269.48,Silver,Mumbai,Wallet
C1034,O13636,2026-04-12,Fashion,Jeans,1,3305,20,2644.0,Silver,Bangalore,Net Banking
C1631,O58723,2026-03-09,Fashion,Jacket,4,4495,9,16361.8,Silver,Bangalore,Wallet
C1629,O78083,2026-02-04,Electronics,Headphones,4,5427,22,16932.24,Silver,Mumbai,UPI
C1727,O84251,2026-04-16,Fashion,Jeans,1,1339,10,1205.1,Gold,Chennai,Wallet
C1743,O14323,2025-07-02,Groceries,Bread,5,1281,28,4611.6,Gold,Delhi,UPI
C1007,O72587,2026-03-31,Electronics,Smartphone,4,22460,4,86246.4,Silver,Bangalore,Net Banking
C1014,O65483,2026-06-04,Groceries,Rice,3,2970,24,6771.6,Platinum,Delhi,Wallet
C1654,O95913,2025-09-22,Sports,Football,2,2017,17,3348.22,Silver,Mumbai,Debit Card
C1773,O88472,2026-05-13,Fashion,Jeans,4,3670,13,12771.6,Platinum,Mumbai,Wallet
C1348,O65661,2026-05-24,Sports,Cricket Bat,2,3146,11,5599.88,Platinum,Delhi,Net Banking
C1796,O93970,2026-02-09,Beauty,Face Wash,3,627,21,1485.99,Gold,Pune,Net Banking
C1667,O43973,2025-06-16,Electronics,Laptop,3,97036,5,276552.6,Platinum,Mumbai,UPI
C1783,O46852,2025-11-21,Fashion,Shoes,2,6439,22,10044.84,Gold,Bangalore,Debit Card
C1766,O71423,2025-07-14,Fashion,Jacket,5,1868,30,6538.0,Silver,Mumbai,Credit Card
C1089,O90637,2025-09-28,Home Decor,Lamp,4,2010,17,6673.2,Silver,Hyderabad,Debit Card
C1591,O25585,2026-03-23,Sports,Yoga Mat,2,2095,2,4106.2,Silver,Bangalore,Credit Card
C1900,O86880,2025-09-10,Electronics,Smartphone,2,19606,1,38819.88,Silver,Delhi,Credit Card
C1044,O70017,2025-07-05,Sports,Dumbbells,1,523,28,376.56,Silver,Mumbai,Credit Card
C1853,O77227,2025-08-29,Home Decor,Lamp,2,8389,15,14261.3,Gold,Delhi,Credit Card
C1070,O93603,2026-02-11,Electronics,Smartphone,2,7462,29,10596.04,Silver,Delhi,Net Banking
C1600,O41237,2025-11-12,Groceries,Bread,3,490,26,1087.8,Silver,Delhi,Credit Card
C1365,O60572,2026-05-03,Electronics,Smartphone,5,76968,29,273236.4,Platinum,Chennai,UPI
C1280,O24058,2026-01-22,Beauty,Moisturizer,3,6276,23,14497.56,Gold,Pune,Credit Card
C1840,O75061,2025-06-24,Home Decor,Wall Art,3,12033,3,35016.03,Gold,Delhi,Debit Card
C1156,O86652,2025-07-01,Electronics,Headphones,5,80672,22,314620.8,Platinum,Bangalore,UPI
C1668,O40425,2025-06-10,Electronics,Headphones,4,30098,28,86682.24,Silver,Hyderabad,Debit Card
C1489,O17533,2025-12-07,Beauty,Moisturizer,3,1743,16,4392.36,Silver,Delhi,Credit Card
C1660,O57294,2026-04-16,Electronics,Smartphone,4,19734,6,74199.84,Silver,Delhi,Debit Card
C1020,O36195,2026-05-20,Groceries,Bread,5,157,12,690.8,Silver,Delhi,Debit Card
C1842,O20909,2025-12-12,Home Decor,Carpet,5,11871,26,43922.7,Gold,Delhi,Debit Card
C1566,O28422,2026-01-16,Fashion,Jacket,5,1552,13,6751.2,Platinum,Hyderabad,Net Banking
C1184,O87403,2025-09-25,Groceries,Milk,4,241,30,674.8,Silver,Mumbai,Credit Card
C1647,O69934,2026-06-02,Beauty,Face Wash,2,3053,30,4274.2,Silver,Hyderabad,Net Banking
C1104,O93212,2025-12-28,Sports,Yoga Mat,3,13462,1,39982.14,Platinum,Bangalore,Credit Card
C1672,O53197,2026-03-18,Groceries,Bread,2,858,5,1630.2,Platinum,Hyderabad,Debit Card
C1355,O66687,2026-03-08,Groceries,Bread,4,1338,28,3853.44,Silver,Hyderabad,Debit Card
C1932,O87265,2025-07-20,Groceries,Bread,2,3156,0,6312.0,Platinum,Mumbai,Credit Card
C1124,O58967,2026-05-04,Fashion,Jeans,3,6288,4,18109.44,Platinum,Hyderabad,Debit Card
C1406,O57556,2025-11-02,Beauty,Face Wash,2,5172,25,7758.0,Platinum,Hyderabad,Credit Card
C1303,O49400,2026-03-13,Groceries,Bread,1,1781,27,1300.13,Silver,Delhi,Credit Card
C1803,O89572,2025-10-10,Fashion,T-Shirt,4,1525,11,5429.0,Silver,Hyderabad,Credit Card
C1107,O80314,2026-04-20,Fashion,T-Shirt,3,1677,1,4980.69,Gold,Chennai,Wallet
C1403,O16130,2026-03-01,Sports,Yoga Mat,3,3553,8,9806.28,Gold,Mumbai,Wallet
C1522,O75275,2025-07-25,Beauty,Perfume,1,6680,7,6212.4,Platinum,Delhi,Credit Card
C1906,O79500,2025-11-22,Groceries,Bread,3,313,16,788.76,Silver,Hyderabad,UPI
C1109,O42375,2025-06-19,Beauty,Shampoo,1,786,30,550.2,Platinum,Bangalore,UPI
C1776,O45028,2026-05-22,Beauty,Moisturizer,4,2824,21,8923.84,Silver,Pune,Net Banking
C1914,O89378,2025-06-14,Home Decor,Wall Art,2,5208,8,9582.72,Platinum,Chennai,Wallet
C1093,O19138,2025-08-23,Fashion,Jeans,1,5929,5,5632.55,Gold,Chennai,UPI
C2000,O21232,2026-04-05,Sports,Dumbbells,3,7282,18,17913.72,Gold,Chennai,UPI
C1636,O18235,2026-01-28,Groceries,Eggs,3,1643,25,3696.75,Silver,Hyderabad,UPI
C1278,O61319,2026-05-20,Electronics,Laptop,4,44839,3,173975.32,Silver,Bangalore,Net Banking
C1917,O15089,2025-08-07,Fashion,Shoes,2,1541,22,2403.96,Silver,Delhi,Net Banking
C1547,O78887,2025-07-11,Fashion,Shoes,4,7329,29,20814.36,Gold,Pune,Credit Card
C1175,O88777,2025-10-07,Home Decor,Curtains,3,5311,22,12427.74,Gold,Pune,Net Banking
C1310,O13286,2026-02-19,Home Decor,Wall Art,1,3531,29,2507.01,Gold,Bangalore,Wallet
C1885,O67120,2025-07-15,Home Decor,Lamp,4,11698,19,37901.52,Platinum,Bangalore,UPI
C1294,O59438,2026-04-17,Sports,Cricket Bat,4,3122,3,12113.36,Platinum,Pune,Credit Card
C1109,O75454,2026-02-24,Fashion,Shoes,5,9358,13,40707.3,Platinum,Mumbai,UPI
C1837,O61556,2025-07-14,Beauty,Moisturizer,1,8622,9,7846.02,Platinum,Bangalore,Debit Card
C1316,O52597,2025-10-20,Sports,Yoga Mat,5,9770,8,44942.0,Platinum,Pune,Net Banking
C1524,O54377,2025-09-24,Groceries,Eggs,4,2268,7,8436.96,Gold,Pune,UPI
C1832,O93301,2025-06-27,Fashion,Shoes,5,2537,25,9513.75,Silver,Hyderabad,Wallet
C1490,O77576,2025-11-08,Electronics,Smartphone,3,28608,14,73808.64,Gold,Bangalore,UPI
C1583,O24644,2026-04-17,Groceries,Bread,5,507,22,1977.3,Silver,Mumbai,Debit Card
C1354,O47727,2026-03-31,Fashion,T-Shirt,3,3445,20,8268.0,Gold,Pune,Net Banking
C1318,O30293,2026-04-26,Home Decor,Carpet,3,15470,30,32487.0,Platinum,Bangalore,Wallet
C1978,O17116,2025-11-30,Fashion,Jacket,1,8074,29,5732.54,Platinum,Delhi,UPI
C1166,O87755,2025-11-13,Home Decor,Lamp,3,14892,18,36634.32,Platinum,Pune,Net Banking
C1305,O85886,2026-01-09,Sports,Dumbbells,4,1424,11,5069.44,Platinum,Delhi,Net Banking
C1697,O27956,2026-05-18,Sports,Football,3,11888,10,32097.6,Platinum,Mumbai,Credit Card
C1016,O57116,2025-09-09,Beauty,Perfume,3,2761,4,7951.68,Gold,Mumbai,UPI
C1046,O67681,2025-09-09,Fashion,T-Shirt,1,3470,4,3331.2,Silver,Hyderabad,Debit Card
C1886,O19650,2025-11-10,Beauty,Face Wash,2,821,25,1231.5,Silver,Delhi,UPI
C1592,O50294,2026-06-04,Beauty,Shampoo,5,4728,7,21985.2,Gold,Bangalore,Credit Card
C1353,O21107,2025-10-12,Sports,Cricket Bat,4,2312,8,8508.16,Platinum,Chennai,Credit Card
C1819,O32896,2026-05-02,Sports,Football,5,6004,22,23415.6,Gold,Hyderabad,Net Banking
C1924,O93080,2025-08-13,Electronics,Laptop,3,19018,11,50778.06,Silver,Delhi,Debit Card
C1689,O91447,2025-12-19,Electronics,Smart Watch,4,22836,3,88603.68,Gold,Delhi,Debit Card
C1694,O87683,2025-09-10,Home Decor,Curtains,4,3949,25,11847.0,Silver,Hyderabad,Net Banking
C1775,O66036,2025-06-30,Home Decor,Curtains,2,3368,26,4984.64,Silver,Mumbai,Debit Card
C1169,O24208,2026-01-30,Groceries,Rice,4,1939,8,7135.52,Gold,Bangalore,Debit Card
C1149,O57376,2025-08-18,Fashion,Jacket,3,1736,26,3853.92,Silver,Pune,UPI
C1946,O24097,2026-02-05,Groceries,Milk,5,1962,18,8044.2,Silver,Hyderabad,Credit Card
C1080,O33822,2026-01-05,Beauty,Face Wash,1,6814,24,5178.64,Platinum,Bangalore,Credit Card
C1023,O28968,2026-01-21,Sports,Cricket Bat,2,9726,13,16923.24,Gold,Mumbai,Debit Card
C1059,O41987,2026-02-05,Electronics,Smart Watch,4,11057,12,38920.64,Silver,Mumbai,Net Banking
C1957,O75492,2025-06-05,Home Decor,Wall Art,5,18448,8,84860.8,Platinum,Hyderabad,Debit Card
C1320,O54645,2026-04-18,Beauty,Perfume,5,5941,28,21387.6,Gold,Hyderabad,Credit Card
C1338,O54638,2025-09-12,Home Decor,Curtains,3,2555,21,6055.35,Silver,Delhi,Wallet
C1343,O59568,2025-10-25,Groceries,Bread,1,575,28,414.0,Silver,Pune,Net Banking
C1904,O35581,2026-04-12,Fashion,Jacket,3,1936,23,4472.16,Platinum,Bangalore,Wallet
C1325,O70900,2025-08-11,Electronics,Laptop,5,49492,11,220239.4,Silver,Chennai,Credit Card
C1106,O97186,2026-02-22,Sports,Cricket Bat,1,7316,20,5852.8,Platinum,Delhi,Net Banking
C1584,O51921,2026-02-27,Beauty,Face Wash,5,6901,29,24498.55,Gold,Chennai,Debit Card
C1560,O46957,2026-02-07,Home Decor,Wall Art,1,9046,28,6513.12,Gold,Pune,Net Banking
C1103,O45140,2025-12-01,Home Decor,Carpet,4,5759,0,23036.0,Silver,Mumbai,Net Banking
C1672,O24077,2025-11-03,Fashion,T-Shirt,2,4480,13,7795.2,Platinum,Hyderabad,UPI
C1372,O73244,2025-09-19,Fashion,Jeans,3,1638,18,4029.48,Gold,Bangalore,Wallet
C1838,O13690,2026-02-08,Groceries,Eggs,2,1400,19,2268.0,Silver,Chennai,Debit Card
C1553,O65093,2025-07-06,Sports,Cricket Bat,1,3986,16,3348.24,Platinum,Delhi,Net Banking
C1260,O76622,2025-10-19,Fashion,Shoes,2,6642,28,9564.48,Platinum,Mumbai,Credit Card
C1653,O54999,2026-02-17,Sports,Dumbbells,5,4403,26,16291.1,Silver,Bangalore,Credit Card
C1707,O81259,2025-09-15,Fashion,Jacket,4,6986,9,25429.04,Platinum,Mumbai,Net Banking
C1349,O80157,2025-12-28,Beauty,Moisturizer,4,4838,10,17416.8,Platinum,Hyderabad,Net Banking
C1169,O30146,2026-04-06,Home Decor,Lamp,5,5371,16,22558.2,Gold,Delhi,UPI
C1593,O73772,2026-02-18,Beauty,Face Wash,3,2509,2,7376.46,Silver,Mumbai,Credit Card
C1784,O16823,2025-10-13,Sports,Yoga Mat,1,1864,29,1323.44,Gold,Hyderabad,UPI
C1075,O77280,2025-08-16,Groceries,Eggs,3,942,6,2656.44,Gold,Mumbai,UPI
C1958,O68210,2026-01-05,Home Decor,Curtains,5,2526,20,10104.0,Silver,Pune,Net Banking
C1041,O48758,2026-05-02,Sports,Dumbbells,5,13052,18,53513.2,Platinum,Chennai,Net Banking
C1232,O82193,2026-04-22,Home Decor,Lamp,5,8475,27,30933.75,Gold,Chennai,Debit Card
C1925,O85854,2025-11-18,Home Decor,Wall Art,3,9618,13,25102.98,Gold,Hyderabad,Debit Card
C1475,O81650,2025-09-26,Electronics,Smart Watch,3,80396,5,229128.6,Platinum,Delhi,Debit Card
C1829,O74235,2025-10-03,Home Decor,Lamp,1,12604,3,12225.88,Platinum,Bangalore,Wallet
C1480,O79776,2025-10-03,Groceries,Bread,3,1336,6,3767.52,Gold,Hyderabad,Debit Card
C1346,O13259,2025-07-17,Fashion,Shoes,1,6436,1,6371.64,Gold,Delhi,Credit Card
C1939,O38256,2026-01-08,Home Decor,Carpet,1,5080,6,4775.2,Silver,Chennai,Debit Card
C1597,O17945,2025-10-09,Beauty,Perfume,4,1723,30,4824.4,Silver,Bangalore,UPI
C1381,O26189,2025-12-27,Fashion,Jacket,2,4810,22,7503.6,Silver,Pune,Net Banking
C1675,O31270,2026-02-17,Groceries,Eggs,4,808,25,2424.0,Platinum,Bangalore,Wallet
C1832,O47368,2026-02-22,Beauty,Face Wash,3,3741,25,8417.25,Silver,Pune,Debit Card
C1427,O38987,2025-07-17,Fashion,Shoes,1,6082,15,5169.7,Platinum,Mumbai,Debit Card
C1303,O68200,2025-11-06,Groceries,Bread,3,882,1,2619.54,Silver,Bangalore,Wallet
C1967,O53120,2025-12-13,Fashion,T-Shirt,5,3159,30,11056.5,Silver,Hyderabad,Wallet
C1645,O26696,2026-01-13,Fashion,T-Shirt,2,1300,21,2054.0,Silver,Hyderabad,UPI
C1882,O56396,2026-01-18,Home Decor,Curtains,5,14870,25,55762.5,Platinum,Bangalore,Net Banking
C1567,O67109,2025-09-23,Beauty,Face Wash,1,2507,21,1980.53,Silver,Mumbai,Debit Card
C1728,O18153,2026-06-04,Home Decor,Curtains,2,6410,20,10256.0,Platinum,Bangalore,Credit Card
C1948,O41513,2025-12-30,Beauty,Face Wash,3,947,4,2727.36,Silver,Hyderabad,Wallet
C1821,O24377,2026-01-29,Beauty,Moisturizer,2,6454,27,9422.84,Gold,Delhi,Wallet
C1062,O51290,2025-12-30,Fashion,Jacket,2,2388,25,3582.0,Silver,Delhi,Credit Card
C1609,O99387,2026-03-21,Beauty,Shampoo,3,1708,9,4662.84,Platinum,Hyderabad,Net Banking
C1022,O32846,2025-08-05,Home Decor,Wall Art,1,5696,25,4272.0,Platinum,Hyderabad,Net Banking
C1175,O47378,2025-06-11,Fashion,T-Shirt,4,6381,11,22716.36,Gold,Chennai,UPI
C1138,O39155,2025-09-20,Electronics,Smart Watch,5,45434,11,202181.3,Platinum,Delhi,Net Banking
C1875,O38558,2025-12-30,Electronics,Headphones,3,63594,9,173611.62,Platinum,Pune,Credit Card
C1223,O47619,2025-07-19,Fashion,Shoes,3,1963,5,5594.55,Gold,Mumbai,Credit Card
C1232,O37150,2026-04-07,Sports,Football,2,5356,9,9747.92,Platinum,Mumbai,UPI
C1034,O90152,2025-11-09,Groceries,Eggs,5,337,11,1499.65,Silver,Delhi,Debit Card
C1709,O60938,2025-06-26,Fashion,T-Shirt,4,6322,3,24529.36,Gold,Hyderabad,Debit Card
C1621,O32723,2026-05-21,Beauty,Moisturizer,5,6975,8,32085.0,Gold,Delhi,Debit Card
C1147,O84770,2025-12-08,Fashion,Shoes,4,7197,10,25909.2,Gold,Pune,Credit Card
C1261,O66030,2025-11-24,Beauty,Perfume,1,4119,17,3418.77,Silver,Delhi,Credit Card
C1308,O48280,2026-02-19,Groceries,Rice,5,1399,7,6505.35,Gold,Hyderabad,Credit Card
C1365,O26152,2025-06-17,Fashion,Shoes,4,6399,18,20988.72,Gold,Pune,Debit Card
C1931,O57844,2025-06-13,Home Decor,Lamp,5,16398,15,69691.5,Platinum,Pune,Net Banking
C1200,O82143,2026-05-18,Home Decor,Curtains,5,11287,7,52484.55,Gold,Bangalore,Wallet
C1633,O56491,2026-01-06,Electronics,Smartphone,4,22069,7,82096.68,Silver,Mumbai,Debit Card
C1490,O10002,2025-09-08,Sports,Dumbbells,3,3840,8,10598.4,Gold,Delhi,Debit Card
C1159,O10624,2026-05-02,Groceries,Rice,3,1587,28,3427.92,Silver,Pune,Wallet
C1497,O93912,2025-07-25,Groceries,Rice,4,111,18,364.08,Silver,Pune,UPI
C1192,O40927,2026-02-25,Sports,Cricket Bat,3,3631,30,7625.1,Gold,Hyderabad,Wallet
C1427,O65285,2026-02-07,Beauty,Perfume,1,2044,11,1819.16,Platinum,Mumbai,Wallet
C1551,O68313,2026-05-10,Fashion,T-Shirt,1,885,18,725.7,Silver,Delhi,Credit Card
C1627,O25990,2025-09-21,Sports,Football,2,11622,14,19989.84,Gold,Bangalore,Credit Card
C1661,O55430,2025-12-16,Sports,Yoga Mat,4,8175,30,22890.0,Gold,Bangalore,Credit Card
C1010,O50656,2025-11-25,Electronics,Smart Watch,1,30911,6,29056.34,Silver,Chennai,Debit Card
C1276,O21959,2025-09-13,Home Decor,Carpet,5,4030,23,15515.5,Platinum,Pune,Debit Card
C1123,O95553,2026-03-30,Beauty,Face Wash,3,4037,9,11021.01,Silver,Chennai,Credit Card
C1021,O12804,2026-01-21,Electronics,Laptop,1,74698,19,60505.38,Platinum,Delhi,Debit Card
C1238,O71731,2026-06-02,Home Decor,Wall Art,2,9727,22,15174.12,Silver,Bangalore,Credit Card
C1372,O87085,2025-06-29,Electronics,Smartphone,4,68350,22,213252.0,Gold,Delhi,Wallet
C1094,O50810,2026-04-24,Beauty,Perfume,5,2078,9,9454.9,Silver,Delhi,Net Banking
C1351,O30815,2025-09-29,Groceries,Milk,4,339,0,1356.0,Gold,Mumbai,Credit Card
C1929,O55764,2025-08-29,Electronics,Smart Watch,5,72298,19,292806.9,Gold,Bangalore,Debit Card
C1270,O20725,2026-02-15,Fashion,T-Shirt,5,7760,20,31040.0,Platinum,Bangalore,Wallet
C1346,O24324,2025-07-02,Beauty,Perfume,5,5874,15,24964.5,Gold,Chennai,UPI
C1649,O31975,2025-12-23,Fashion,Shoes,5,3386,16,14221.2,Platinum,Bangalore,Credit Card
C1085,O76195,2025-11-08,Groceries,Milk,5,1064,19,4309.2,Silver,Hyderabad,Debit Card
C1622,O42309,2025-08-30,Electronics,Laptop,4,17506,25,52518.0,Gold,Pune,UPI
C1246,O47965,2025-11-04,Beauty,Shampoo,2,2004,23,3086.16,Silver,Hyderabad,Debit Card
C1425,O90754,2026-03-17,Groceries,Rice,1,736,8,677.12,Silver,Delhi,Debit Card
C1038,O32900,2025-08-05,Groceries,Bread,5,1839,1,9103.05,Gold,Bangalore,UPI
C1880,O69875,2025-07-21,Fashion,Jeans,4,6714,23,20679.12,Gold,Hyderabad,Wallet
C1442,O43413,2025-10-15,Beauty,Moisturizer,2,3973,24,6038.96,Silver,Mumbai,Wallet
C1285,O19984,2026-02-12,Groceries,Milk,3,499,29,1062.87,Silver,Hyderabad,Debit Card
C1146,O70279,2026-03-17,Electronics,Smart Watch,5,47077,9,214200.35,Gold,Pune,Wallet
C1344,O55413,2025-10-01,Sports,Football,2,1848,16,3104.64,Silver,Chennai,Wallet
C1431,O33677,2025-10-31,Home Decor,Curtains,1,5941,13,5168.67,Gold,Chennai,Net Banking
C1788,O72115,2026-05-23,Fashion,Jacket,1,3606,0,3606.0,Gold,Bangalore,Wallet
C1691,O76014,2025-08-02,Sports,Football,5,766,21,3025.7,Silver,Bangalore,Credit Card
C1266,O26314,2026-05-18,Beauty,Moisturizer,4,618,29,1755.12,Gold,Bangalore,Credit Card
C1065,O40124,2025-06-20,Fashion,Jacket,5,847,18,3472.7,Gold,Delhi,UPI
C1765,O93887,2025-10-25,Electronics,Smart Watch,4,54750,26,162060.0,Gold,Pune,Net Banking
C1258,O11947,2026-01-26,Beauty,Perfume,1,3044,8,2800.48,Platinum,Chennai,Debit Card
C1936,O92134,2026-01-21,Groceries,Milk,4,1086,15,3692.4,Gold,Hyderabad,UPI
C1230,O45398,2025-09-09,Groceries,Bread,4,1572,19,5093.28,Gold,Pune,Net Banking
C1270,O14405,2026-03-21,Fashion,Shoes,3,2190,10,5913.0,Silver,Pune,Net Banking
C1396,O62917,2026-05-01,Groceries,Milk,5,1526,25,5722.5,Silver,Hyderabad,Net Banking
C1638,O65335,2025-11-08,Sports,Yoga Mat,5,8443,24,32083.4,Gold,Delhi,Credit Card
C1207,O82725,2026-05-12,Groceries,Rice,5,2454,29,8711.7,Platinum,Pune,Net Banking
C1140,O75555,2025-11-28,Beauty,Perfume,2,804,12,1415.04,Gold,Hyderabad,Wallet
C1066,O90320,2025-07-22,Electronics,Smart Watch,1,44325,22,34573.5,Gold,Bangalore,Net Banking
C1263,O90404,2025-10-23,Groceries,Rice,5,358,19,1449.9,Silver,Bangalore,Debit Card
C1816,O40489,2025-10-07,Electronics,Smartphone,5,45756,20,183024.0,Platinum,Chennai,Credit Card
C1077,O57815,2026-01-20,Fashion,T-Shirt,2,3922,11,6981.16,Silver,Mumbai,Credit Card
C1887,O16719,2026-01-17,Electronics,Smartphone,1,9624,19,7795.44,Gold,Hyderabad,Wallet
C1919,O19570,2025-07-25,Home Decor,Lamp,5,13852,19,56100.6,Platinum,Pune,Wallet
C1315,O38296,2026-01-21,Home Decor,Lamp,4,4450,25,13350.0,Gold,Bangalore,UPI
C1266,O94049,2026-03-21,Electronics,Smartphone,3,48356,8,133462.56,Silver,Bangalore,Debit Card
C1210,O41184,2025-09-01,Fashion,Shoes,2,1495,30,2093.0,Gold,Mumbai,Credit Card
C1529,O36117,2025-12-07,Beauty,Perfume,4,5251,28,15122.88,Gold,Delhi,Wallet
C1973,O81545,2026-05-22,Electronics,Laptop,1,13963,6,13125.22,Gold,Delhi,UPI
C1251,O77805,2025-08-08,Beauty,Perfume,5,4870,9,22158.5,Platinum,Mumbai,Credit Card
C1933,O77750,2025-12-14,Home Decor,Carpet,5,16700,23,64295.0,Platinum,Chennai,Credit Card
C1393,O46085,2025-07-26,Fashion,Jeans,5,1252,11,5571.4,Silver,Chennai,Debit Card
C1817,O24255,2025-10-01,Groceries,Milk,2,649,19,1051.38,Silver,Chennai,Credit Card
C1606,O16595,2025-11-20,Electronics,Headphones,5,35803,19,145002.15,Silver,Bangalore,Credit Card
C1650,O85235,2026-02-16,Fashion,Jeans,4,7438,11,26479.28,Platinum,Chennai,Credit Card
C1275,O24672,2026-05-06,Fashion,T-Shirt,5,1971,12,8672.4,Silver,Pune,Wallet
C1304,O63373,2026-01-08,Sports,Football,5,4608,15,19584.0,Gold,Delhi,Wallet
C1744,O30249,2026-05-16,Fashion,Jacket,5,2716,25,10185.0,Platinum,Hyderabad,Net Banking
C1393,O62919,2025-06-20,Groceries,Eggs,5,3922,23,15099.7,Platinum,Hyderabad,Debit Card
C1293,O86562,2026-01-19,Electronics,Smart Watch,4,40420,1,160063.2,Platinum,Hyderabad,UPI
C1395,O90857,2026-05-30,Beauty,Perfume,2,8014,11,14264.92,Platinum,Pune,UPI
C1949,O62768,2026-04-16,Groceries,Eggs,2,1974,26,2921.52,Silver,Chennai,UPI
C1315,O58688,2025-07-01,Home Decor,Carpet,5,5580,8,25668.0,Platinum,Chennai,Wallet
C1098,O42856,2025-07-30,Fashion,Jacket,5,2733,10,12298.5,Silver,Delhi,Debit Card
C1514,O91671,2026-05-16,Groceries,Bread,4,904,23,2784.32,Platinum,Bangalore,Net Banking
C1975,O60811,2026-02-07,Groceries,Bread,1,975,27,711.75,Silver,Delhi,Credit Card
C1159,O42575,2026-01-05,Electronics,Headphones,5,44716,14,192278.8,Silver,Delhi,Wallet
C1061,O78199,2026-02-13,Groceries,Milk,3,2550,5,7267.5,Gold,Hyderabad,Wallet
C1868,O50535,2026-01-28,Groceries,Eggs,5,2632,29,9343.6,Platinum,Delhi,Debit Card
C1325,O96192,2026-03-03,Electronics,Smart Watch,1,38676,5,36742.2,Gold,Mumbai,UPI
C1543,O13606,2026-03-14,Fashion,T-Shirt,4,1662,5,6315.6,Platinum,Pune,Credit Card
C1916,O97464,2025-10-22,Groceries,Bread,2,1713,10,3083.4,Silver,Bangalore,Net Banking
C1682,O46763,2025-11-26,Electronics,Smart Watch,3,17991,16,45337.32,Silver,Mumbai,Net Banking
C1996,O71702,2026-01-30,Home Decor,Lamp,2,2686,12,4727.36,Silver,Hyderabad,Credit Card
C1994,O50076,2026-04-02,Sports,Dumbbells,3,2437,12,6433.68,Silver,Mumbai,Debit Card
C1572,O43107,2025-11-25,Home Decor,Carpet,3,7938,25,17860.5,Gold,Chennai,UPI
C1076,O96090,2025-11-06,Groceries,Rice,4,1263,12,4445.76,Gold,Mumbai,UPI
C1678,O29630,2026-03-09,Sports,Cricket Bat,3,7379,28,15938.64,Silver,Chennai,UPI
C1506,O15193,2025-08-23,Electronics,Smartphone,4,8840,5,33592.0,Silver,Bangalore,Net Banking
C1816,O93578,2025-08-21,Groceries,Eggs,4,3022,11,10758.32,Platinum,Pune,Debit Card
C1731,O50912,2026-05-16,Groceries,Milk,2,1836,11,3268.08,Silver,Chennai,Net Banking
C1934,O68832,2026-01-29,Fashion,Jacket,1,6024,30,4216.8,Gold,Chennai,Debit Card
C1362,O49736,2026-03-12,Groceries,Bread,5,262,6,1231.4,Silver,Bangalore,Credit Card
C1894,O22445,2025-06-19,Beauty,Moisturizer,3,2920,26,6482.4,Gold,Chennai,Wallet
C1614,O83422,2026-02-10,Groceries,Eggs,3,2169,8,5986.44,Gold,Chennai,Net Banking
C1163,O59973,2025-09-20,Home Decor,Carpet,1,3330,13,2897.1,Gold,Mumbai,Debit Card
C1567,O95657,2025-10-14,Electronics,Smartphone,2,28324,24,43052.48,Platinum,Hyderabad,Net Banking
C1222,O41102,2026-04-16,Beauty,Moisturizer,3,3661,13,9555.21,Gold,Chennai,Net Banking
C1145,O86694,2025-08-15,Home Decor,Curtains,5,8728,28,31420.8,Gold,Hyderabad,UPI
C1851,O48297,2025-11-26,Sports,Yoga Mat,1,7101,29,5041.71,Gold,Delhi,Net Banking
C1802,O76268,2026-03-27,Fashion,Shoes,5,3406,13,14816.1,Silver,Mumbai,Net Banking
C1474,O57358,2026-01-26,Sports,Cricket Bat,1,5097,2,4995.06,Silver,Delhi,Net Banking
C1870,O72216,2025-08-20,Fashion,Jeans,3,3267,24,7448.76,Gold,Chennai,Net Banking
C1464,O70590,2026-04-03,Groceries,Rice,2,1486,18,2437.04,Platinum,Chennai,Wallet
C1860,O80488,2026-02-01,Sports,Dumbbells,1,2392,23,1841.84,Silver,Hyderabad,Net Banking
C1909,O85290,2026-05-20,Sports,Cricket Bat,1,2010,20,1608.0,Gold,Chennai,UPI
C1290,O35425,2025-11-09,Fashion,Jacket,5,2697,28,9709.2,Gold,Pune,Wallet
C1782,O54321,2025-06-05,Electronics,Headphones,1,85200,1,84348.0,Platinum,Hyderabad,Wallet
C1870,O74982,2025-11-19,Home Decor,Wall Art,1,2803,12,2466.64,Silver,Bangalore,Wallet
C1915,O74665,2026-05-14,Home Decor,Curtains,3,6852,13,17883.72,Silver,Bangalore,Net Banking
C1799,O88897,2026-04-03,Sports,Cricket Bat,2,4092,10,7365.6,Silver,Hyderabad,UPI
C1178,O38620,2025-10-01,Sports,Football,3,9048,18,22258.08,Platinum,Delhi,Wallet
C1617,O90791,2026-03-23,Beauty,Perfume,1,2416,24,1836.16,Platinum,Bangalore,UPI
C1971,O95271,2025-08-03,Electronics,Smartphone,4,26780,3,103906.4,Platinum,Delhi,UPI
C1213,O87206,2026-02-05,Electronics,Smartphone,3,79270,21,187869.9,Platinum,Hyderabad,Wallet
C1440,O24301,2026-01-27,Electronics,Headphones,5,48219,0,241095.0,Gold,Pune,Wallet
C1872,O99749,2026-02-28,Groceries,Rice,5,925,11,4116.25,Silver,Mumbai,Credit Card
C1245,O16644,2026-05-29,Sports,Dumbbells,1,7009,8,6448.28,Silver,Pune,Net Banking
C1031,O99379,2025-09-08,Electronics,Smart Watch,4,8957,27,26154.44,Silver,Mumbai,Debit Card
C1260,O87986,2025-10-26,Beauty,Shampoo,5,3806,30,13321.0,Silver,Hyderabad,Net Banking
C1978,O60320,2026-05-08,Fashion,T-Shirt,3,5084,3,14794.44,Platinum,Chennai,Wallet
C1458,O55334,2026-02-02,Beauty,Moisturizer,4,4058,22,12660.96,Silver,Hyderabad,UPI
C1424,O11231,2025-09-28,Electronics,Laptop,3,47108,10,127191.6,Silver,Bangalore,UPI
C1929,O14909,2025-10-19,Groceries,Eggs,1,1055,15,896.75,Silver,Pune,UPI
C1535,O41186,2025-12-13,Groceries,Eggs,1,1879,11,1672.31,Gold,Pune,Credit Card
C1765,O73983,2025-06-20,Beauty,Shampoo,4,2062,3,8000.56,Gold,Hyderabad,Wallet
C1405,O63660,2025-07-23,Fashion,Shoes,5,2379,14,10229.7,Gold,Pune,UPI
C1302,O75444,2025-11-22,Electronics,Smart Watch,2,25242,15,42911.4,Gold,Pune,Wallet
C1357,O13771,2025-10-03,Fashion,Jacket,2,4145,5,7875.5,Silver,Pune,Net Banking
C1419,O67307,2025-11-02,Electronics,Headphones,5,13356,6,62773.2,Silver,Hyderabad,Credit Card
C1496,O32334,2026-05-17,Fashion,Shoes,1,7100,30,4970.0,Platinum,Bangalore,Wallet
C1594,O33859,2026-03-08,Fashion,Jacket,4,3157,9,11491.48,Silver,Mumbai,Wallet
C1325,O88785,2025-06-11,Electronics,Smartphone,5,26208,21,103521.6,Gold,Hyderabad,Debit Card
C1300,O80290,2025-09-14,Fashion,Jacket,4,5973,3,23175.24,Gold,Chennai,Credit Card
C1440,O75700,2026-06-02,Groceries,Bread,1,872,9,793.52,Silver,Pune,Credit Card
C1360,O42384,2025-10-13,Fashion,T-Shirt,3,1285,17,3199.65,Gold,Delhi,Net Banking
C1522,O91738,2026-01-19,Beauty,Perfume,4,4923,16,16541.28,Gold,Chennai,Wallet
C1447,O95250,2025-10-13,Home Decor,Wall Art,1,13545,4,13003.2,Gold,Delhi,Debit Card
C1811,O66546,2025-10-17,Fashion,Shoes,5,3662,13,15929.7,Silver,Delhi,Net Banking
C1344,O87482,2025-10-20,Home Decor,Wall Art,4,5131,27,14982.52,Silver,Pune,Wallet
C1048,O67786,2026-05-15,Beauty,Moisturizer,1,2322,27,1695.06,Gold,Bangalore,Wallet
C1888,O29154,2025-07-08,Groceries,Milk,5,716,7,3329.4,Platinum,Chennai,Debit Card
C1958,O98691,2025-09-26,Sports,Yoga Mat,4,1264,13,4398.72,Gold,Delhi,Wallet
C1596,O17338,2026-02-18,Fashion,T-Shirt,1,7074,23,5446.98,Gold,Chennai,Net Banking
C1435,O48278,2025-07-22,Home Decor,Carpet,5,5394,12,23733.6,Platinum,Delhi,UPI
C1829,O77044,2025-07-07,Groceries,Eggs,1,1443,22,1125.54,Silver,Bangalore,Net Banking
C1695,O59002,2026-01-08,Sports,Cricket Bat,5,6966,15,29605.5,Silver,Pune,UPI
C1715,O29263,2026-03-24,Home Decor,Lamp,2,5696,26,8430.08,Silver,Pune,UPI
C1816,O30770,2025-06-09,Home Decor,Curtains,2,2467,13,4292.58,Gold,Bangalore,Credit Card
C1745,O93365,2026-03-12,Sports,Yoga Mat,4,7744,19,25090.56,Gold,Chennai,Debit Card
C1986,O72046,2025-11-14,Home Decor,Carpet,2,10075,14,17329.0,Gold,Mumbai,Debit Card
C1155,O67357,2025-11-11,Fashion,Shoes,3,8370,13,21845.7,Platinum,Mumbai,Debit Card
C1439,O88779,2025-07-19,Fashion,Jeans,2,2354,1,4660.92,Silver,Mumbai,Wallet
C1202,O16907,2026-05-18,Electronics,Laptop,2,90440,3,175453.6,Platinum,Bangalore,Wallet
C1032,O34699,2025-09-05,Electronics,Smartphone,4,38230,2,149861.6,Gold,Delhi,Credit Card
C1692,O47218,2025-12-11,Electronics,Laptop,1,30448,21,24053.92,Gold,Chennai,Credit Card
C1098,O26229,2025-09-10,Home Decor,Curtains,4,6507,20,20822.4,Silver,Pune,Debit Card
C1448,O25314,2025-07-06,Electronics,Laptop,3,94288,6,265892.16,Platinum,Mumbai,Debit Card
C1120,O46694,2025-06-21,Home Decor,Lamp,5,4096,14,17612.8,Platinum,Mumbai,Debit Card
C1152,O62588,2025-06-22,Home Decor,Curtains,4,3630,5,13794.0,Platinum,Delhi,Net Banking
C1558,O34459,2025-11-13,Groceries,Milk,2,1640,16,2755.2,Silver,Hyderabad,Credit Card
C1532,O38335,2026-01-29,Electronics,Smart Watch,3,5351,29,11397.63,Silver,Chennai,Net Banking
C1798,O28604,2025-09-25,Groceries,Rice,1,1925,23,1482.25,Silver,Hyderabad,Debit Card
C1735,O59549,2026-05-15,Electronics,Smart Watch,3,30983,26,68782.26,Silver,Mumbai,Net Banking
C1819,O78619,2025-12-13,Sports,Dumbbells,5,5182,0,25910.0,Platinum,Hyderabad,UPI
C1949,O98912,2025-09-11,Home Decor,Lamp,2,3954,21,6247.32,Silver,Bangalore,UPI
C1649,O98669,2025-07-30,Fashion,Jacket,1,4891,12,4304.08,Silver,Delhi,Net Banking
C1835,O77129,2026-01-20,Electronics,Smartphone,3,31639,21,74984.43,Silver,Delhi,Debit Card
C1282,O78499,2025-12-23,Home Decor,Carpet,5,4932,2,24166.8,Gold,Mumbai,Net Banking
C1282,O62377,2025-10-25,Groceries,Eggs,1,1207,8,1110.44,Gold,Chennai,Debit Card
C1212,O37994,2025-09-11,Fashion,T-Shirt,1,4080,4,3916.8,Silver,Chennai,Wallet
C1539,O38125,2026-04-19,Fashion,Jeans,4,2029,15,6898.6,Silver,Bangalore,Credit Card
C1575,O32968,2026-06-02,Sports,Football,2,7332,17,12171.12,Gold,Hyderabad,Wallet
C1416,O91318,2025-08-30,Beauty,Face Wash,4,3617,13,12587.16,Silver,Hyderabad,UPI
C1718,O26222,2025-09-28,Electronics,Laptop,5,30398,1,150470.1,Silver,Mumbai,Wallet
C1840,O62282,2025-06-08,Home Decor,Wall Art,2,16284,3,31590.96,Platinum,Mumbai,Credit Card
C1943,O83085,2025-08-25,Beauty,Shampoo,4,4722,6,17754.72,Platinum,Chennai,Debit Card
C1418,O64273,2026-02-10,Beauty,Face Wash,5,4087,16,17165.4,Gold,Delhi,Wallet
C1284,O64953,2025-11-25,Sports,Football,4,14572,13,50710.56,Platinum,Delhi,Net Banking
C1803,O34038,2026-05-26,Electronics,Smart Watch,1,5831,1,5772.69,Silver,Mumbai,Credit Card
C1214,O96892,2026-02-08,Sports,Dumbbells,4,4810,13,16738.8,Silver,Bangalore,Net Banking
C1753,O79239,2025-07-24,Electronics,Headphones,3,45363,24,103427.64,Gold,Delhi,Wallet
C1633,O72778,2026-04-28,Beauty,Face Wash,4,6290,0,25160.0,Platinum,Hyderabad,Credit Card
C1526,O88011,2026-04-22,Home Decor,Wall Art,3,5128,9,13999.44,Gold,Hyderabad,UPI
C1925,O51710,2025-10-10,Home Decor,Curtains,3,7868,3,22895.88,Silver,Mumbai,Wallet
C1353,O51279,2026-03-04,Sports,Dumbbells,3,8550,5,24367.5,Gold,Bangalore,Credit Card
C1468,O24560,2026-01-11,Fashion,Jeans,5,9802,5,46559.5,Platinum,Chennai,Debit Card
C1786,O71651,2025-11-03,Electronics,Smart Watch,4,33162,4,127342.08,Platinum,Chennai,UPI
C1244,O73166,2026-04-26,Fashion,Jacket,3,6210,3,18071.1,Platinum,Delhi,Debit Card
C1545,O97435,2025-10-10,Fashion,Jeans,2,1444,1,2859.12,Silver,Mumbai,Wallet
C1562,O16570,2026-01-13,Fashion,Jeans,5,1075,17,4461.25,Gold,Delhi,Net Banking
C1176,O98761,2025-08-31,Home Decor,Lamp,1,9629,12,8473.52,Silver,Bangalore,UPI
C1635,O69313,2025-07-30,Home Decor,Wall Art,5,11449,18,46940.9,Gold,Bangalore,Credit Card
C1805,O83121,2025-06-27,Groceries,Milk,2,1075,13,1870.5,Gold,Pune,Wallet
C1806,O65636,2026-05-17,Sports,Yoga Mat,2,15288,2,29964.48,Platinum,Delhi,Debit Card
C1396,O84180,2025-09-03,Groceries,Bread,4,146,18,478.88,Silver,Chennai,UPI
C1829,O56981,2026-01-01,Fashion,Jacket,4,5622,18,18440.16,Platinum,Mumbai,Credit Card
C1854,O23828,2025-06-20,Beauty,Face Wash,1,4778,6,4491.32,Platinum,Chennai,Wallet
C1125,O87113,2025-08-16,Groceries,Milk,5,977,9,4445.35,Silver,Delhi,Wallet
C1622,O97901,2026-01-07,Sports,Cricket Bat,4,897,11,3193.32,Silver,Chennai,Credit Card
C1120,O62312,2025-08-20,Sports,Football,3,4631,5,13198.35,Silver,Delhi,Wallet
C1021,O78889,2025-08-27,Groceries,Rice,5,425,2,2082.5,Silver,Chennai,Credit Card
C1412,O93772,2026-05-09,Fashion,Jacket,5,7924,23,30507.4,Platinum,Bangalore,Net Banking
C1784,O46030,2026-05-13,Home Decor,Curtains,4,13006,6,48902.56,Platinum,Pune,UPI
C1946,O10563,2026-03-17,Beauty,Shampoo,5,6706,13,29171.1,Gold,Mumbai,Wallet
C1208,O89462,2025-12-03,Electronics,Smartphone,1,36744,0,36744.0,Gold,Chennai,UPI
C1386,O76944,2026-01-17,Fashion,Jacket,4,5098,20,16313.6,Gold,Mumbai,Credit Card
C1520,O62732,2025-11-14,Groceries,Rice,1,1693,17,1405.19,Silver,Hyderabad,Credit Card
C1213,O38058,2026-05-02,Home Decor,Lamp,1,14628,28,10532.16,Platinum,Mumbai,Wallet
C1561,O69883,2026-03-10,Sports,Cricket Bat,3,656,30,1377.6,Silver,Pune,Wallet
C1520,O56950,2025-12-29,Fashion,Shoes,2,2980,5,5662.0,Gold,Mumbai,Wallet
C1724,O49434,2026-02-10,Groceries,Milk,3,1749,13,4564.89,Silver,Bangalore,Wallet
C1958,O15760,2026-05-17,Sports,Dumbbells,4,4418,26,13077.28,Silver,Chennai,Net Banking
C1358,O16667,2025-07-17,Fashion,Shoes,5,1648,12,7251.2,Platinum,Mumbai,UPI
C1151,O51347,2025-12-05,Electronics,Smartphone,4,45366,1,179649.36,Gold,Chennai,Credit Card
C1074,O61948,2025-12-15,Sports,Cricket Bat,2,2817,26,4169.16,Silver,Delhi,Debit Card
C1111,O62913,2026-04-21,Fashion,Jeans,5,4468,8,20552.8,Platinum,Bangalore,UPI
C1336,O71622,2025-06-13,Fashion,Jeans,1,3573,6,3358.62,Gold,Pune,Credit Card
C1843,O56537,2026-04-27,Groceries,Rice,5,546,0,2730.0,Platinum,Bangalore,UPI
C1839,O91553,2026-01-12,Groceries,Eggs,1,2070,30,1449.0,Platinum,Pune,Debit Card
C1024,O86801,2025-11-29,Beauty,Face Wash,5,4669,11,20777.05,Silver,Hyderabad,Net Banking
C1702,O99119,2026-05-27,Sports,Football,5,13542,25,50782.5,Platinum,Pune,Net Banking
C1352,O94248,2025-11-14,Home Decor,Carpet,3,7356,16,18537.12,Silver,Chennai,Credit Card
C1325,O90569,2026-03-10,Beauty,Perfume,4,1272,11,4528.32,Gold,Pune,Credit Card
C1911,O59712,2025-07-18,Sports,Yoga Mat,1,7556,24,5742.56,Silver,Chennai,Debit Card
C1185,O86849,2025-07-20,Electronics,Smartphone,5,27349,24,103926.2,Silver,Chennai,UPI
C1781,O48894,2025-11-04,Home Decor,Carpet,5,8942,1,44262.9,Silver,Delhi,Debit Card
C1006,O53565,2025-12-20,Electronics,Headphones,5,43296,10,194832.0,Platinum,Mumbai,Wallet
C1768,O69010,2026-04-28,Electronics,Laptop,2,47529,24,72244.08,Silver,Hyderabad,Wallet
C1670,O31734,2026-03-19,Sports,Yoga Mat,1,6038,26,4468.12,Platinum,Chennai,UPI
C1334,O87365,2026-01-30,Sports,Yoga Mat,4,7167,27,20927.64,Silver,Chennai,Credit Card
C1696,O62420,2025-06-13,Home Decor,Lamp,3,19572,16,49321.44,Platinum,Hyderabad,Net Banking
C1266,O75294,2025-08-02,Beauty,Face Wash,3,8100,15,20655.0,Platinum,Hyderabad,Debit Card
C1217,O53176,2025-07-13,Electronics,Laptop,5,22735,10,102307.5,Gold,Chennai,Credit Card
C1222,O60041,2026-01-10,Sports,Football,2,8641,5,16417.9,Gold,Hyderabad,Credit Card
C1225,O23467,2025-09-30,Groceries,Eggs,1,2050,2,2009.0,Platinum,Delhi,Wallet
C1985,O48309,2025-11-23,Beauty,Perfume,2,7878,26,11659.44,Platinum,Delhi,Credit Card
C1562,O46972,2026-01-25,Groceries,Bread,5,565,25,2118.75,Silver,Bangalore,Credit Card
C1847,O92032,2025-07-27,Electronics,Laptop,5,36723,28,132202.8,Gold,Bangalore,Debit Card
C1879,O94419,2026-01-28,Home Decor,Carpet,2,13374,5,25410.6,Platinum,Chennai,Debit Card
C1027,O14044,2025-11-12,Electronics,Smartphone,1,31506,1,31190.94,Gold,Bangalore,Credit Card
C1258,O14471,2026-03-03,Groceries,Eggs,3,602,14,1553.16,Silver,Hyderabad,Net Banking
C1122,O65256,2025-06-06,Sports,Dumbbells,5,10729,14,46134.7,Gold,Mumbai,Net Banking
C1114,O24246,2025-11-05,Electronics,Smart Watch,2,72156,11,128437.68,Platinum,Mumbai,Net Banking
C1922,O18816,2026-04-14,Groceries,Rice,2,2695,30,3773.0,Gold,Bangalore,Net Banking
C1235,O20473,2025-06-05,Electronics,Smartphone,4,63949,27,186731.08,Gold,Chennai,Debit Card
C1988,O80931,2026-01-10,Groceries,Bread,3,1059,13,2763.99,Silver,Mumbai,Net Banking
C1243,O81496,2025-07-25,Home Decor,Carpet,5,3733,28,13438.8,Silver,Chennai,UPI
C1293,O38447,2025-08-09,Home Decor,Carpet,3,4566,9,12465.18,Platinum,Hyderabad,UPI
C1048,O62473,2026-02-27,Beauty,Moisturizer,4,3818,2,14966.56,Silver,Hyderabad,Wallet
C1095,O95246,2026-03-19,Home Decor,Lamp,1,14640,26,10833.6,Platinum,Bangalore,Wallet
C1727,O38256,2026-02-19,Home Decor,Carpet,1,7827,10,7044.3,Gold,Bangalore,Debit Card
C1721,O18498,2025-11-15,Electronics,Headphones,4,56008,14,192667.52,Gold,Mumbai,Net Banking
C1663,O44419,2026-04-19,Electronics,Smartphone,4,35173,11,125215.88,Gold,Chennai,UPI
C1872,O94918,2025-06-13,Fashion,Shoes,3,3957,8,10921.32,Gold,Chennai,Debit Card
C1228,O19382,2025-07-18,Beauty,Face Wash,5,1310,5,6222.5,Platinum,Delhi,Debit Card
C1039,O87626,2025-11-05,Electronics,Headphones,3,15860,19,38539.8,Silver,Hyderabad,Credit Card
C1274,O41039,2025-11-25,Electronics,Smartphone,3,44896,5,127953.6,Platinum,Chennai,Net Banking
C1476,O58579,2026-05-12,Home Decor,Wall Art,3,2958,11,7897.86,Silver,Pune,Debit Card
C1081,O70280,2025-08-04,Sports,Football,5,2241,5,10644.75,Gold,Mumbai,Debit Card
C1190,O36689,2025-08-26,Beauty,Face Wash,3,3948,6,11133.36,Silver,Bangalore,Wallet
C1971,O56795,2025-10-23,Beauty,Shampoo,3,320,5,912.0,Silver,Bangalore,Debit Card
C1018,O39993,2025-11-20,Beauty,Face Wash,2,1066,8,1961.44,Silver,Mumbai,Debit Card
C1733,O79633,2026-01-31,Electronics,Headphones,4,25324,15,86101.6,Platinum,Mumbai,Wallet
C1566,O19964,2026-04-21,Groceries,Rice,4,1694,3,6572.72,Silver,Chennai,Wallet
C1856,O58115,2026-01-15,Groceries,Rice,2,2338,0,4676.0,Platinum,Bangalore,Wallet
C1889,O47435,2025-12-19,Electronics,Smartphone,5,59182,23,227850.7,Gold,Mumbai,UPI
C1242,O59139,2026-01-03,Home Decor,Wall Art,4,3726,13,12966.48,Platinum,Bangalore,Net Banking
C1619,O74029,2026-02-18,Electronics,Smartphone,5,49576,4,237964.8,Platinum,Mumbai,Credit Card
C1045,O50458,2025-08-06,Fashion,Jeans,5,7506,9,34152.3,Platinum,Hyderabad,Wallet
C1464,O22059,2025-12-20,Beauty,Shampoo,1,2581,0,2581.0,Gold,Hyderabad,Credit Card
C1530,O84047,2025-12-20,Beauty,Shampoo,3,7690,14,19840.2,Platinum,Hyderabad,Net Banking
C1503,O50867,2025-08-19,Groceries,Bread,2,236,1,467.28,Platinum,Hyderabad,Credit Card
C1449,O29622,2026-03-29,Groceries,Bread,3,1620,3,4714.2,Gold,Hyderabad,Credit Card
C1989,O68637,2025-06-19,Home Decor,Wall Art,3,12960,14,33436.8,Gold,Hyderabad,Debit Card
C1366,O80371,2025-07-16,Home Decor,Curtains,5,4185,18,17158.5,Gold,Bangalore,Net Banking
C1968,O47731,2025-06-16,Fashion,T-Shirt,5,6482,3,31437.7,Platinum,Delhi,Credit Card
C1297,O83729,2025-07-15,Beauty,Perfume,3,6100,25,13725.0,Platinum,Chennai,Wallet
C1188,O14509,2025-08-20,Groceries,Rice,5,3540,21,13983.0,Platinum,Bangalore,Wallet
C1508,O32350,2026-01-26,Sports,Football,3,2056,25,4626.0,Platinum,Hyderabad,UPI
C1490,O25334,2026-05-19,Electronics,Laptop,1,40578,13,35302.86,Platinum,Bangalore,Credit Card
C1354,O72927,2026-01-12,Fashion,Shoes,1,3445,7,3203.85,Silver,Pune,Net Banking
C1072,O68427,2026-04-23,Sports,Football,4,3293,21,10405.88,Silver,Chennai,Net Banking
C1133,O92074,2025-12-19,Fashion,T-Shirt,3,699,21,1656.63,Silver,Mumbai,Net Banking
C1279,O99253,2026-03-31,Fashion,T-Shirt,3,2313,27,5065.47,Silver,Chennai,Debit Card
C1518,O69463,2025-08-06,Fashion,Shoes,4,3460,27,10103.2,Platinum,Pune,Debit Card
C1050,O24885,2025-12-04,Sports,Football,4,3381,30,9466.8,Gold,Chennai,Debit Card
C1106,O39262,2026-02-24,Home Decor,Carpet,2,14760,20,23616.0,Platinum,Delhi,Net Banking
C1602,O62550,2025-09-30,Groceries,Rice,4,2923,13,10172.04,Gold,Delhi,Net Banking
C1091,O92425,2025-09-23,Electronics,Smart Watch,2,34803,6,65429.64,Silver,Delhi,Credit Card
C1401,O14505,2025-08-26,Fashion,Jacket,4,4796,24,14579.84,Platinum,Hyderabad,Credit Card
C1194,O11668,2025-11-04,Sports,Football,5,3891,26,14396.7,Gold,Chennai,UPI
C1993,O50847,2025-09-06,Beauty,Perfume,3,4047,23,9348.57,Gold,Hyderabad,UPI
C1486,O50050,2026-04-26,Beauty,Perfume,5,3769,27,13756.85,Silver,Pune,Wallet
C1373,O46789,2025-12-18,Sports,Cricket Bat,3,10849,0,32547.0,Gold,Bangalore,Wallet
C1366,O70764,2025-09-04,Sports,Dumbbells,5,3396,14,14602.8,Gold,Mumbai,Net Banking
C1705,O43181,2026-06-04,Fashion,Shoes,1,2253,7,2095.29,Gold,Chennai,Debit Card
C1802,O44581,2026-02-27,Beauty,Moisturizer,2,2977,4,5715.84,Silver,Pune,UPI
C1674,O17268,2025-11-04,Groceries,Bread,3,404,27,884.76,Silver,Chennai,Credit Card
C1777,O88794,2025-09-17,Beauty,Face Wash,1,9784,8,9001.28,Platinum,Pune,Debit Card
C1943,O89327,2026-01-14,Groceries,Eggs,1,2878,27,2100.94,Gold,Delhi,UPI
C1988,O49639,2026-04-09,Home Decor,Wall Art,3,16988,13,44338.68,Platinum,Pune,Credit Card
C1453,O97309,2026-02-26,Groceries,Rice,2,3284,0,6568.0,Platinum,Bangalore,Net Banking
C1888,O88300,2025-11-04,Electronics,Smartphone,4,20600,11,73336.0,Silver,Hyderabad,Debit Card
C1070,O74325,2025-07-10,Home Decor,Curtains,2,2359,17,3915.94,Gold,Pune,UPI
C1501,O30696,2025-07-25,Electronics,Laptop,2,30951,15,52616.7,Gold,Hyderabad,UPI
C1779,O82926,2026-03-24,Electronics,Smart Watch,2,6387,18,10474.68,Silver,Bangalore,Debit Card
C1251,O18213,2025-10-27,Beauty,Face Wash,3,1900,13,4959.0,Silver,Bangalore,Credit Card
C1616,O24667,2025-12-05,Beauty,Shampoo,2,4580,15,7786.0,Silver,Chennai,Wallet
C1625,O38700,2026-03-27,Groceries,Milk,5,999,23,3846.15,Silver,Mumbai,Credit Card
C1104,O52697,2025-12-07,Fashion,Jacket,1,4947,21,3908.13,Silver,Pune,UPI
C1358,O48353,2025-08-09,Home Decor,Curtains,2,9717,25,14575.5,Gold,Delhi,UPI
C1033,O58598,2025-10-19,Home Decor,Wall Art,3,9378,2,27571.32,Gold,Pune,Net Banking
C1272,O64299,2025-07-30,Fashion,T-Shirt,4,2744,23,8451.52,Silver,Mumbai,Net Banking
C1806,O85183,2025-07-06,Fashion,Shoes,3,1894,18,4659.24,Silver,Pune,Debit Card
C1533,O38052,2025-08-05,Groceries,Milk,1,232,26,171.68,Gold,Mumbai,Net Banking
C1201,O49661,2026-04-22,Sports,Dumbbells,3,1395,10,3766.5,Silver,Chennai,Wallet
C1279,O50744,2025-07-06,Groceries,Rice,3,3098,12,8178.72,Platinum,Mumbai,UPI
C1638,O51186,2025-10-08,Groceries,Milk,5,415,25,1556.25,Silver,Pune,Credit Card
C1098,O43056,2025-11-25,Home Decor,Carpet,2,15004,8,27607.36,Platinum,Delhi,Credit Card
C1972,O37991,2025-06-13,Fashion,Jeans,3,1386,17,3451.14,Gold,Bangalore,Credit Card
C1565,O56724,2026-05-12,Groceries,Rice,1,2172,9,1976.52,Gold,Bangalore,Credit Card
C1270,O45532,2025-06-16,Electronics,Headphones,1,45889,4,44053.44,Silver,Bangalore,UPI
C1373,O20519,2025-11-22,Sports,Football,5,2230,21,8808.5,Gold,Pune,Debit Card
C1867,O81710,2026-02-04,Fashion,T-Shirt,4,2740,13,9535.2,Platinum,Chennai,Debit Card
C1347,O47915,2026-03-13,Groceries,Rice,5,192,7,892.8,Silver,Mumbai,UPI
C1251,O60705,2025-12-17,Electronics,Headphones,4,58324,4,223964.16,Platinum,Pune,Credit Card
C1779,O35784,2025-09-17,Sports,Yoga Mat,1,4548,15,3865.8,Gold,Mumbai,Net Banking
C1642,O66843,2025-11-12,Beauty,Face Wash,1,2668,11,2374.52,Gold,Delhi,Net Banking
C1290,O32231,2026-05-23,Beauty,Shampoo,5,5070,8,23322.0,Gold,Delhi,UPI
C1873,O62141,2025-08-06,Groceries,Eggs,2,956,12,1682.56,Platinum,Chennai,Debit Card
C1258,O22575,2026-04-24,Home Decor,Curtains,3,7913,30,16617.3,Silver,Delhi,Wallet
C1353,O87222,2025-09-06,Sports,Yoga Mat,5,1923,29,6826.65,Silver,Chennai,Debit Card
C1834,O87784,2026-03-07,Groceries,Rice,1,463,28,333.36,Gold,Bangalore,UPI
C1859,O97685,2025-10-09,Home Decor,Curtains,3,3512,27,7691.28,Platinum,Delhi,Wallet
C1956,O17749,2026-03-07,Beauty,Face Wash,1,1031,22,804.18,Silver,Bangalore,Credit Card
C1481,O62184,2025-06-20,Home Decor,Wall Art,5,12466,19,50487.3,Platinum,Hyderabad,Credit Card
C1110,O51463,2026-01-27,Fashion,T-Shirt,2,7162,9,13034.84,Gold,Delhi,UPI
C1756,O17323,2025-12-27,Beauty,Perfume,5,6122,15,26018.5,Platinum,Hyderabad,Wallet
C1047,O64023,2026-05-21,Groceries,Milk,2,1311,21,2071.38,Gold,Chennai,Wallet
C1967,O87144,2026-05-17,Fashion,Shoes,4,4796,19,15539.04,Platinum,Pune,Debit Card
C1176,O90103,2026-02-27,Fashion,Jeans,4,3215,14,11059.6,Silver,Mumbai,UPI
C1667,O65360,2025-06-26,Electronics,Smartphone,1,31358,9,28535.78,Silver,Mumbai,Credit Card
C1623,O27866,2025-11-08,Beauty,Perfume,1,1616,8,1486.72,Platinum,Bangalore,Debit Card
C1345,O29899,2025-07-22,Home Decor,Curtains,3,13802,15,35195.1,Platinum,Pune,Debit Card
C1463,O96061,2026-05-05,Home Decor,Carpet,5,12208,6,57377.6,Platinum,Pune,Debit Card
C1461,O55812,2026-02-25,Fashion,Jeans,5,591,13,2570.85,Silver,Bangalore,Credit Card
C1544,O56145,2025-12-06,Electronics,Smartphone,2,39532,5,75110.8,Gold,Pune,Credit Card
C1866,O91664,2025-07-07,Home Decor,Curtains,3,18106,9,49429.38,Platinum,Pune,Credit Card
C1390,O72176,2025-08-17,Beauty,Face Wash,4,7948,4,30520.32,Platinum,Pune,UPI
C1843,O68952,2025-09-08,Electronics,Headphones,5,52855,28,190278.0,Gold,Mumbai,Wallet
C1650,O53088,2025-10-24,Electronics,Headphones,2,12528,0,25056.0,Gold,Mumbai,Wallet
C1113,O11591,2025-06-18,Sports,Yoga Mat,4,8008,6,30110.08,Platinum,Hyderabad,Net Banking
C1701,O15713,2026-04-24,Fashion,Shoes,4,4437,24,13488.48,Silver,Pune,Wallet
C1331,O25401,2026-03-22,Beauty,Shampoo,3,855,23,1975.05,Gold,Pune,Net Banking
C1514,O63406,2025-10-06,Groceries,Bread,1,3456,22,2695.68,Platinum,Delhi,Debit Card
C1384,O27597,2025-12-18,Sports,Cricket Bat,5,6528,8,30028.8,Platinum,Pune,Debit Card
C1200,O75575,2025-09-17,Home Decor,Wall Art,4,19136,12,67358.72,Platinum,Hyderabad,Debit Card
C1431,O77957,2025-10-03,Electronics,Smart Watch,2,60202,28,86690.88,Gold,Mumbai,Credit Card
C1327,O20121,2025-12-15,Electronics,Headphones,4,23042,28,66360.96,Platinum,Mumbai,UPI
C1586,O55278,2026-05-12,Electronics,Laptop,1,66649,25,49986.75,Gold,Pune,Credit Card
C1479,O42931,2025-07-26,Fashion,T-Shirt,4,3156,6,11866.56,Platinum,Chennai,Net Banking
C1218,O45552,2026-01-05,Electronics,Smart Watch,5,68617,19,277898.85,Gold,Mumbai,UPI
C1929,O74216,2025-09-24,Home Decor,Carpet,1,13620,22,10623.6,Gold,Delhi,Credit Card
C1812,O41435,2026-03-18,Electronics,Headphones,4,37181,10,133851.6,Silver,Delhi,Debit Card
C1088,O52617,2025-07-10,Beauty,Face Wash,2,1070,1,2118.6,Platinum,Bangalore,Wallet
C1325,O75692,2025-06-22,Groceries,Rice,3,1047,30,2198.7,Gold,Chennai,Net Banking
C1914,O56103,2026-05-21,Fashion,Jacket,2,3116,2,6107.36,Platinum,Delhi,Credit Card
C1504,O43899,2026-03-29,Beauty,Shampoo,4,3490,29,9911.6,Gold,Bangalore,Net Banking
C1441,O77731,2025-07-02,Sports,Yoga Mat,4,993,5,3773.4,Gold,Bangalore,UPI
C1474,O88767,2026-03-19,Sports,Football,5,1354,6,6363.8,Silver,Pune,Net Banking
C1005,O19312,2026-05-25,Fashion,Jacket,4,632,21,1997.12,Silver,Delhi,Wallet
C1423,O42586,2026-03-09,Sports,Cricket Bat,4,10036,24,30509.44,Gold,Hyderabad,Debit Card
C1689,O17516,2025-09-22,Electronics,Smartphone,4,28645,12,100830.4,Gold,Delhi,Credit Card
C1761,O86268,2025-12-01,Groceries,Eggs,1,2270,16,1906.8,Platinum,Bangalore,Credit Card
C1655,O78608,2025-12-13,Sports,Cricket Bat,5,3394,26,12557.8,Gold,Delhi,Wallet
C1925,O87022,2026-03-07,Sports,Cricket Bat,3,996,17,2480.04,Silver,Mumbai,Wallet
C1065,O84490,2025-09-15,Home Decor,Wall Art,1,3649,11,3247.61,Gold,Delhi,UPI
C1988,O69373,2025-10-18,Sports,Yoga Mat,5,3811,25,14291.25,Silver,Bangalore,Debit Card
C1981,O77843,2026-03-25,Electronics,Smartphone,1,28134,9,25601.94,Gold,Hyderabad,Credit Card
C1396,O66900,2026-02-14,Fashion,Shoes,5,1544,29,5481.2,Platinum,Hyderabad,Debit Card
C1973,O78764,2026-05-18,Sports,Yoga Mat,4,15190,24,46177.6,Platinum,Hyderabad,Wallet
C1773,O32448,2025-07-03,Groceries,Milk,2,1639,5,3114.1,Gold,Bangalore,Debit Card
C1251,O41077,2025-10-03,Groceries,Rice,5,3752,16,15758.4,Platinum,Mumbai,Wallet
C1425,O36024,2026-02-25,Beauty,Face Wash,3,1293,18,3180.78,Gold,Mumbai,Net Banking
C1049,O71237,2025-08-11,Electronics,Headphones,2,35254,8,64867.36,Silver,Hyderabad,UPI
C1182,O83900,2025-10-01,Beauty,Face Wash,5,2283,16,9588.6,Silver,Chennai,Debit Card
C1174,O16965,2025-09-03,Beauty,Face Wash,4,2065,15,7021.0,Gold,Hyderabad,Net Banking
C1125,O48542,2026-01-20,Electronics,Smart Watch,4,16360,27,47771.2,Gold,Delhi,Wallet
C1971,O65738,2026-04-14,Beauty,Moisturizer,1,1761,11,1567.29,Gold,Chennai,Credit Card
C1624,O83163,2025-07-22,Electronics,Headphones,5,46070,17,191190.5,Platinum,Hyderabad,UPI
C1099,O93220,2026-04-05,Sports,Yoga Mat,3,3940,9,10756.2,Gold,Mumbai,Net Banking
C1207,O50663,2025-06-22,Home Decor,Lamp,1,7360,14,6329.6,Platinum,Chennai,Net Banking
C1530,O10467,2025-07-19,Fashion,Jacket,4,3758,1,14881.68,Silver,Delhi,Credit Card
C1310,O71901,2026-03-19,Electronics,Headphones,5,72526,0,362630.0,Gold,Delhi,Net Banking
C1251,O93040,2025-09-29,Beauty,Shampoo,5,926,7,4305.9,Silver,Hyderabad,Net Banking
C1158,O80030,2025-10-09,Beauty,Moisturizer,1,6114,13,5319.18,Gold,Chennai,Debit Card
C1625,O85716,2025-08-06,Groceries,Eggs,4,495,5,1881.0,Silver,Chennai,Credit Card
C1937,O49156,2025-09-12,Electronics,Smartphone,5,55774,29,197997.7,Platinum,Delhi,Credit Card
C1912,O38117,2025-07-15,Home Decor,Curtains,5,5064,28,18230.4,Silver,Pune,Wallet
C1191,O99933,2025-10-05,Home Decor,Wall Art,4,6326,8,23279.68,Platinum,Pune,Wallet
C1081,O60732,2025-12-04,Home Decor,Lamp,2,12866,20,20585.6,Platinum,Pune,Debit Card
C1258,O85167,2025-09-25,Fashion,T-Shirt,2,2490,13,4332.6,Gold,Pune,Net Banking
C1696,O45391,2025-06-20,Beauty,Perfume,1,2253,27,1644.69,Gold,Delhi,UPI
C1913,O40178,2025-11-25,Beauty,Perfume,3,1180,2,3469.2,Platinum,Bangalore,Net Banking
C1374,O57228,2026-03-19,Home Decor,Lamp,1,9194,5,8734.3,Silver,Bangalore,Debit Card
C1713,O14067,2025-11-28,Home Decor,Curtains,3,1188,30,2494.8,Silver,Delhi,Credit Card
C1832,O14214,2025-10-08,Fashion,Jacket,3,9870,8,27241.2,Platinum,Chennai,Debit Card
C1067,O16848,2026-03-16,Home Decor,Curtains,2,4310,6,8102.8,Silver,Bangalore,UPI
C1311,O83206,2026-02-03,Beauty,Shampoo,4,5542,6,20837.92,Platinum,Bangalore,Wallet
C1052,O26256,2026-05-23,Fashion,Shoes,4,4264,2,16714.88,Gold,Chennai,UPI
C1748,O35928,2026-04-22,Beauty,Perfume,2,8666,0,17332.0,Platinum,Chennai,UPI
C1998,O22543,2025-12-29,Home Decor,Lamp,5,2280,16,9576.0,Gold,Hyderabad,Debit Card
C1837,O50602,2025-09-29,Electronics,Headphones,5,84230,13,366400.5,Platinum,Chennai,Net Banking
C1352,O29141,2025-08-13,Groceries,Bread,3,2412,21,5716.44,Platinum,Mumbai,Net Banking
C1467,O61925,2026-03-12,Home Decor,Wall Art,2,1020,11,1815.6,Silver,Chennai,Credit Card
C1592,O98609,2026-01-27,Sports,Yoga Mat,3,2551,25,5739.75,Silver,Chennai,Wallet
C1784,O44329,2025-08-06,Electronics,Smartphone,2,13891,16,23336.88,Silver,Bangalore,Credit Card
C1411,O98342,2025-12-07,Sports,Yoga Mat,4,6130,22,19125.6,Silver,Delhi,UPI
C1125,O59015,2025-08-05,Electronics,Smartphone,5,45464,30,159124.0,Silver,Pune,Net Banking
C1966,O64109,2025-12-02,Electronics,Smartphone,2,17257,25,25885.5,Silver,Delhi,Credit Card
C1518,O39344,2026-01-01,Electronics,Smart Watch,1,86644,30,60650.8,Platinum,Delhi,UPI
C1105,O61151,2025-12-19,Fashion,Shoes,4,7453,17,24743.96,Gold,Mumbai,Debit Card
C1493,O45144,2025-10-25,Home Decor,Lamp,4,11640,7,43300.8,Gold,Hyderabad,Debit Card
C1271,O83424,2026-05-20,Fashion,Jacket,2,1676,8,3083.84,Platinum,Delhi,Wallet
C1927,O22299,2025-07-09,Electronics,Laptop,2,18663,21,29487.54,Silver,Hyderabad,Credit Card
C1253,O35640,2025-12-20,Electronics,Headphones,4,61802,26,182933.92,Platinum,Hyderabad,Debit Card
C1249,O15406,2025-08-17,Beauty,Shampoo,5,2942,3,14268.7,Platinum,Hyderabad,Wallet
C1504,O59440,2025-09-28,Home Decor,Curtains,4,14272,2,55946.24,Platinum,Pune,Credit Card
C1866,O21895,2025-08-01,Groceries,Bread,5,1459,22,5690.1,Silver,Bangalore,Credit Card
C1572,O44174,2025-06-21,Electronics,Headphones,4,37493,14,128975.92,Silver,Chennai,UPI
C1056,O95052,2026-05-02,Groceries,Milk,4,1026,17,3406.32,Gold,Mumbai,Debit Card
C1915,O79555,2025-06-14,Fashion,Jacket,3,2634,15,6716.7,Platinum,Chennai,Wallet
C1401,O42668,2026-02-09,Home Decor,Wall Art,5,7726,3,37471.1,Platinum,Mumbai,Debit Card
C1388,O85312,2026-02-05,Groceries,Rice,3,2812,29,5989.56,Platinum,Bangalore,Credit Card
C1545,O48000,2026-05-02,Beauty,Perfume,4,7081,28,20393.28,Gold,Chennai,Credit Card
C1596,O89152,2025-11-17,Beauty,Shampoo,4,1410,8,5188.8,Gold,Hyderabad,Wallet
C1585,O13567,2025-07-14,Home Decor,Curtains,4,14398,11,51256.88,Platinum,Chennai,Wallet
C1446,O19041,2025-09-03,Fashion,Jacket,4,9424,12,33172.48,Platinum,Bangalore,Net Banking
C1081,O28265,2025-11-03,Home Decor,Curtains,1,7238,26,5356.12,Platinum,Delhi,Debit Card
C1300,O40463,2025-06-27,Sports,Dumbbells,2,10248,30,14347.2,Platinum,Pune,Credit Card
C1523,O68489,2025-06-17,Groceries,Milk,2,3810,23,5867.4,Platinum,Bangalore,Net Banking
C1613,O56049,2025-09-13,Groceries,Rice,3,526,20,1262.4,Gold,Pune,Debit Card
C1182,O93490,2025-10-22,Home Decor,Wall Art,5,5366,17,22268.9,Silver,Pune,Net Banking
C1879,O35702,2025-06-20,Fashion,Jeans,2,3504,4,6727.68,Silver,Pune,Net Banking
C1843,O93713,2026-01-07,Electronics,Smartphone,3,22894,22,53571.96,Platinum,Mumbai,Debit Card
C1553,O20161,2025-11-05,Beauty,Shampoo,5,711,19,2879.55,Gold,Mumbai,UPI
C1486,O19473,2025-11-25,Groceries,Milk,2,162,22,252.72,Silver,Pune,Credit Card
C1404,O54853,2026-02-18,Groceries,Rice,4,1515,26,4484.4,Gold,Mumbai,Net Banking
C1332,O95729,2026-02-16,Home Decor,Wall Art,3,9139,23,21111.09,Gold,Chennai,Credit Card
C1825,O46180,2026-03-04,Home Decor,Curtains,1,5292,28,3810.24,Silver,Delhi,Wallet
C1833,O68180,2026-05-01,Groceries,Eggs,1,364,24,276.64,Platinum,Hyderabad,Debit Card
C1311,O91750,2026-02-18,Electronics,Headphones,2,26277,19,42568.74,Silver,Hyderabad,UPI
C1152,O73560,2026-03-06,Sports,Yoga Mat,1,8336,16,7002.24,Platinum,Delhi,UPI
C1002,O62827,2026-04-09,Home Decor,Carpet,5,8626,10,38817.0,Platinum,Bangalore,UPI
C1164,O55881,2026-03-20,Groceries,Eggs,5,114,0,570.0,Silver,Delhi,Credit Card
C1598,O63815,2025-11-25,Beauty,Shampoo,3,278,11,742.26,Silver,Bangalore,Credit Card
C1694,O19099,2025-11-09,Sports,Dumbbells,1,5720,29,4061.2,Platinum,Hyderabad,Net Banking
C1203,O71810,2025-11-14,Groceries,Milk,4,869,19,2815.56,Silver,Delhi,UPI
C1693,O26777,2026-02-21,Beauty,Shampoo,4,2996,1,11864.16,Silver,Delhi,Debit Card
C1344,O51575,2026-04-15,Electronics,Smartphone,2,66768,24,101487.36,Platinum,Chennai,UPI
C1107,O24622,2025-08-12,Home Decor,Lamp,1,7094,15,6029.9,Silver,Mumbai,Debit Card
C1329,O11315,2025-06-06,Electronics,Headphones,2,85446,13,148676.04,Platinum,Hyderabad,Debit Card
C1884,O80071,2026-03-08,Home Decor,Lamp,5,19156,25,71835.0,Platinum,Mumbai,Net Banking
C1238,O61431,2026-03-03,Electronics,Headphones,5,58380,14,251034.0,Gold,Hyderabad,Credit Card
C1429,O41718,2026-04-06,Electronics,Laptop,1,79954,22,62364.12,Platinum,Delhi,UPI
C1323,O87214,2025-07-16,Sports,Yoga Mat,3,2344,17,5836.56,Silver,Delhi,Wallet
C1662,O43784,2025-11-26,Fashion,T-Shirt,4,6016,7,22379.52,Gold,Bangalore,Wallet
C1121,O21545,2025-08-19,Fashion,T-Shirt,4,5094,3,19764.72,Platinum,Pune,Wallet
C1028,O84600,2025-07-18,Fashion,Jeans,3,5090,11,13590.3,Platinum,Pune,Credit Card
C1371,O23061,2025-08-04,Beauty,Face Wash,2,1453,22,2266.68,Gold,Bangalore,Wallet
C1766,O93647,2026-03-09,Sports,Football,3,8658,7,24155.82,Gold,Hyderabad,Credit Card
C1140,O63781,2025-12-24,Groceries,Milk,5,1803,19,7302.15,Silver,Delhi,Debit Card
C1123,O65032,2025-10-29,Beauty,Moisturizer,2,5217,14,8973.24,Gold,Pune,Debit Card
C1297,O73002,2026-05-06,Beauty,Moisturizer,3,2481,10,6698.7,Gold,Delhi,Credit Card
C1809,O63618,2025-06-26,Fashion,Jeans,1,9958,23,7667.66,Platinum,Chennai,Credit Card
C1908,O51689,2025-12-19,Electronics,Headphones,2,37937,4,72839.04,Silver,Bangalore,Wallet
C1728,O88198,2026-04-04,Groceries,Eggs,5,2706,13,11771.1,Platinum,Delhi,Credit Card
C1133,O47166,2025-11-15,Electronics,Smartphone,1,35046,9,31891.86,Platinum,Hyderabad,Net Banking
C1287,O88437,2025-12-20,Beauty,Moisturizer,4,6146,28,17700.48,Platinum,Bangalore,Net Banking
C1347,O79641,2025-11-16,Home Decor,Curtains,4,4380,4,16819.2,Silver,Pune,UPI
C1566,O94603,2025-12-08,Electronics,Smartphone,4,29434,20,94188.8,Platinum,Bangalore,UPI
C1407,O77137,2026-02-01,Sports,Dumbbells,2,1004,3,1947.76,Platinum,Mumbai,Debit Card
C1941,O38826,2025-09-25,Beauty,Face Wash,1,4178,24,3175.28,Platinum,Pune,UPI
C1604,O42478,2026-04-23,Sports,Yoga Mat,3,15922,15,40601.1,Platinum,Mumbai,Wallet
C1516,O88007,2025-09-03,Sports,Football,1,8340,7,7756.2,Platinum,Hyderabad,Credit Card
C1567,O50819,2026-05-22,Groceries,Milk,5,2611,4,12532.8,Gold,Delhi,Debit Card
C1480,O16106,2025-10-17,Home Decor,Carpet,2,15098,6,28384.24,Platinum,Delhi,Net Banking
C1210,O37816,2025-11-13,Sports,Dumbbells,2,7354,23,11325.16,Platinum,Pune,Wallet
C1626,O56748,2026-03-20,Beauty,Perfume,1,4010,26,2967.4,Silver,Bangalore,Credit Card
C1678,O71700,2026-01-29,Beauty,Face Wash,4,6436,20,20595.2,Platinum,Chennai,Credit Card
C1023,O54152,2026-03-30,Groceries,Eggs,2,1138,5,2162.2,Silver,Pune,Debit Card
C1053,O64707,2025-12-15,Groceries,Bread,3,2641,15,6734.55,Gold,Pune,Debit Card
C1129,O38502,2025-06-30,Electronics,Headphones,3,48301,11,128963.67,Gold,Bangalore,Credit Card
C1320,O58018,2026-02-28,Sports,Dumbbells,5,15256,8,70177.6,Platinum,Bangalore,Debit Card
C1029,O14477,2025-11-24,Groceries,Bread,5,808,25,3030.0,Platinum,Pune,Wallet
C1166,O96143,2025-07-18,Sports,Football,2,8852,22,13809.12,Platinum,Bangalore,Debit Card
C1497,O45380,2026-01-12,Fashion,Jacket,4,7078,26,20950.88,Gold,Chennai,Debit Card
C1763,O57227,2025-11-04,Electronics,Headphones,3,27956,21,66255.72,Platinum,Bangalore,Credit Card
C1040,O83676,2026-04-19,Home Decor,Lamp,3,8260,7,23045.4,Silver,Bangalore,Debit Card
C1268,O78361,2026-01-16,Fashion,Shoes,5,3343,17,13873.45,Silver,Mumbai,UPI
C1926,O75510,2025-07-06,Groceries,Rice,3,2569,8,7090.44,Gold,Delhi,UPI
C1767,O11615,2025-07-17,Sports,Cricket Bat,4,11653,6,43815.28,Gold,Hyderabad,Wallet
C1821,O77854,2025-09-17,Beauty,Perfume,2,3456,11,6151.68,Gold,Hyderabad,Wallet
C1375,O55716,2026-03-10,Electronics,Smart Watch,3,6293,8,17368.68,Silver,Delhi,Debit Card
C1639,O15194,2026-04-22,Electronics,Laptop,5,31782,20,127128.0,Silver,Mumbai,Debit Card
C1915,O25966,2026-06-03,Fashion,Jacket,2,3799,15,6458.3,Silver,Hyderabad,UPI
C1092,O30077,2025-08-07,Groceries,Eggs,1,2806,6,2637.64,Platinum,Hyderabad,UPI
C1035,O16012,2025-11-26,Sports,Yoga Mat,4,11178,16,37558.08,Platinum,Chennai,Credit Card
C1230,O23686,2025-06-28,Groceries,Milk,4,3620,12,12742.4,Platinum,Mumbai,Wallet
C1598,O13583,2026-01-14,Fashion,Jeans,3,1566,29,3335.58,Gold,Mumbai,Net Banking
C1221,O19059,2025-06-12,Fashion,T-Shirt,4,5212,22,16261.44,Gold,Delhi,Wallet
C1897,O88953,2025-07-19,Home Decor,Lamp,1,7023,12,6180.24,Silver,Mumbai,Debit Card
C1707,O60544,2025-10-21,Fashion,Jacket,2,1363,25,2044.5,Gold,Mumbai,Net Banking
C1709,O91373,2025-08-30,Electronics,Smartphone,4,30769,28,88614.72,Silver,Hyderabad,UPI
C1297,O87958,2025-12-14,Groceries,Eggs,1,3214,7,2989.02,Platinum,Chennai,Wallet
C1284,O53195,2025-08-23,Home Decor,Wall Art,1,5508,4,5287.68,Platinum,Chennai,Credit Card
C1138,O27415,2025-08-19,Sports,Yoga Mat,5,954,13,4149.9,Silver,Delhi,UPI
C1101,O28781,2026-04-15,Home Decor,Curtains,5,11272,28,40579.2,Gold,Hyderabad,UPI
C1229,O62530,2025-08-16,Fashion,Jeans,2,3730,16,6266.4,Gold,Bangalore,Credit Card
C1039,O84851,2025-10-14,Fashion,Shoes,4,2713,25,8139.0,Silver,Pune,UPI
C1598,O28003,2025-12-12,Fashion,T-Shirt,2,4592,3,8908.48,Platinum,Pune,Debit Card
C1340,O66528,2025-06-17,Electronics,Laptop,2,44760,18,73406.4,Platinum,Pune,Wallet
C1446,O44165,2026-03-26,Fashion,Shoes,5,8522,20,34088.0,Platinum,Chennai,Debit Card
C1078,O60063,2025-06-25,Home Decor,Carpet,4,2809,28,8089.92,Silver,Mumbai,Credit Card
C1561,O80199,2026-02-04,Electronics,Smartphone,2,33742,8,62085.28,Gold,Delhi,Debit Card
C1216,O83140,2026-05-25,Home Decor,Lamp,2,4364,23,6720.56,Silver,Delhi,UPI
C1425,O30435,2026-05-28,Beauty,Moisturizer,4,5004,6,18815.04,Gold,Delhi,Wallet
C1514,O20070,2025-09-01,Sports,Dumbbells,3,11802,14,30449.16,Platinum,Delhi,Debit Card
C1481,O67797,2025-06-18,Fashion,Jacket,3,3985,17,9922.65,Gold,Delhi,Wallet
C1795,O46741,2025-09-17,Home Decor,Wall Art,4,7706,10,27741.6,Silver,Delhi,Debit Card
C1594,O61707,2026-04-06,Electronics,Smartphone,5,30114,21,118950.3,Gold,Bangalore,UPI
C1656,O70471,2025-10-11,Electronics,Laptop,5,61489,7,285923.85,Gold,Hyderabad,Wallet
C1742,O59713,2025-07-04,Home Decor,Carpet,4,1353,15,4600.2,Silver,Delhi,Debit Card
C1874,O83851,2025-10-04,Groceries,Milk,2,768,9,1397.76,Platinum,Hyderabad,Debit Card
C1341,O67737,2026-02-10,Groceries,Milk,5,742,30,2597.0,Platinum,Mumbai,Net Banking
C1582,O19182,2026-02-15,Beauty,Face Wash,4,641,17,2128.12,Silver,Mumbai,Debit Card
C1794,O19856,2025-11-15,Groceries,Milk,5,3754,18,15391.4,Platinum,Chennai,Debit Card
C1976,O36046,2025-11-21,Sports,Yoga Mat,1,6700,19,5427.0,Platinum,Pune,UPI
C1966,O86703,2026-03-13,Fashion,Jacket,2,1850,20,2960.0,Platinum,Hyderabad,Wallet
C1453,O44070,2025-11-16,Home Decor,Wall Art,4,17136,7,63745.92,Platinum,Mumbai,Debit Card
C1438,O76316,2025-07-31,Home Decor,Wall Art,1,12966,25,9724.5,Gold,Delhi,UPI
C1086,O71073,2026-01-15,Beauty,Shampoo,4,3980,2,15601.6,Platinum,Hyderabad,Debit Card
C1693,O70432,2025-06-08,Groceries,Milk,2,3602,25,5403.0,Platinum,Hyderabad,Credit Card
C1733,O43330,2025-11-06,Fashion,T-Shirt,3,6514,9,17783.22,Platinum,Chennai,UPI
C1914,O23525,2025-06-23,Electronics,Headphones,2,49686,23,76516.44,Gold,Chennai,Net Banking
C1582,O96345,2025-07-25,Home Decor,Carpet,3,8165,6,23025.3,Silver,Bangalore,Net Banking
C1489,O69820,2025-11-25,Sports,Dumbbells,2,9722,7,18082.92,Platinum,Pune,Debit Card
C1810,O36938,2026-04-16,Electronics,Headphones,2,85638,24,130169.76,Platinum,Hyderabad,Debit Card
C1184,O51427,2025-06-11,Groceries,Bread,1,994,15,844.9,Platinum,Pune,Debit Card
C1485,O20450,2025-11-08,Fashion,Jacket,2,3412,22,5322.72,Platinum,Mumbai,UPI
C1528,O33296,2026-04-17,Fashion,Jacket,1,3594,16,3018.96,Gold,Bangalore,Wallet
C1154,O75684,2026-01-18,Fashion,Jeans,5,1855,8,8533.0,Gold,Hyderabad,UPI
C1725,O24244,2025-07-24,Beauty,Shampoo,3,3688,13,9625.68,Platinum,Delhi,Debit Card
C1198,O77063,2025-08-23,Home Decor,Lamp,3,6255,14,16137.9,Silver,Bangalore,Wallet
C1157,O48265,2026-04-30,Electronics,Smart Watch,2,53410,12,94001.6,Platinum,Mumbai,UPI
C1984,O27252,2025-07-09,Fashion,Jacket,2,4937,16,8294.16,Silver,Hyderabad,Credit Card
C1227,O66984,2025-08-12,Groceries,Rice,4,3232,16,10859.52,Platinum,Pune,UPI
C1715,O96194,2026-01-29,Electronics,Laptop,3,54142,6,152680.44,Platinum,Bangalore,Debit Card
C1397,O36459,2025-11-16,Sports,Football,5,6081,19,24628.05,Silver,Delhi,UPI
C1128,O41223,2026-04-27,Groceries,Rice,1,1492,21,1178.68,Platinum,Mumbai,Wallet
C1627,O36382,2026-02-14,Home Decor,Carpet,3,3817,27,8359.23,Silver,Hyderabad,Debit Card
C1909,O59500,2026-05-16,Home Decor,Lamp,4,2186,10,7869.6,Silver,Bangalore,Credit Card
C1857,O47568,2026-05-11,Groceries,Milk,4,2238,24,6803.52,Platinum,Mumbai,UPI
C1873,O11462,2026-01-08,Sports,Cricket Bat,4,4224,18,13854.72,Platinum,Chennai,Wallet
C1664,O10179,2026-03-22,Beauty,Shampoo,1,6814,20,5451.2,Gold,Hyderabad,Credit Card
C1409,O53705,2025-08-26,Home Decor,Wall Art,1,9252,0,9252.0,Silver,Mumbai,Credit Card
C1132,O60778,2026-01-06,Home Decor,Wall Art,4,6954,9,25312.56,Platinum,Mumbai,Wallet
C1641,O29446,2025-10-25,Electronics,Smart Watch,1,15180,19,12295.8,Gold,Bangalore,Net Banking
C1613,O91283,2025-09-22,Sports,Dumbbells,5,1476,28,5313.6,Silver,Mumbai,Wallet
C1644,O83174,2025-08-21,Fashion,T-Shirt,3,4982,10,13451.4,Silver,Hyderabad,Wallet
C1918,O44141,2026-03-24,Groceries,Milk,5,1654,2,8104.6,Silver,Hyderabad,Debit Card
C1207,O99825,2026-03-24,Home Decor,Lamp,3,1145,21,2713.65,Silver,Chennai,Net Banking
C1302,O20118,2025-10-23,Electronics,Laptop,1,73261,2,71795.78,Gold,Bangalore,UPI
C1423,O80063,2026-01-13,Groceries,Milk,1,387,19,313.47,Gold,Mumbai,UPI
C1114,O49833,2026-01-10,Beauty,Moisturizer,1,3863,30,2704.1,Silver,Chennai,Net Banking
C1921,O12413,2026-04-05,Electronics,Smart Watch,2,46844,5,89003.6,Platinum,Chennai,Debit Card
C1835,O65334,2025-06-25,Sports,Yoga Mat,5,8515,7,39594.75,Gold,Delhi,Credit Card
C1916,O96039,2026-03-12,Sports,Yoga Mat,5,13910,1,68854.5,Platinum,Chennai,Credit Card
C1314,O20934,2026-04-03,Electronics,Laptop,2,41448,27,60514.08,Silver,Bangalore,UPI
C1251,O76162,2025-12-10,Beauty,Moisturizer,3,715,19,1737.45,Silver,Chennai,Debit Card
C1246,O55215,2026-01-23,Groceries,Milk,4,1926,7,7164.72,Silver,Delhi,UPI
C1803,O83906,2026-01-18,Groceries,Eggs,5,201,11,894.45,Silver,Mumbai,UPI
C1097,O11037,2025-10-27,Groceries,Bread,5,1042,18,4272.2,Silver,Mumbai,UPI
C1991,O29149,2025-07-06,Electronics,Laptop,3,19945,22,46671.3,Gold,Mumbai,Net Banking
C1607,O61929,2025-12-20,Fashion,Jeans,1,725,9,659.75,Silver,Mumbai,UPI
C1447,O40354,2026-04-22,Electronics,Smart Watch,5,21036,30,73626.0,Platinum,Pune,Net Banking
C1612,O26183,2025-08-19,Electronics,Smart Watch,4,79044,22,246617.28,Platinum,Mumbai,Credit Card
C1487,O64153,2026-04-15,Beauty,Shampoo,2,1458,30,2041.2,Silver,Bangalore,Wallet
C1150,O38679,2026-01-22,Beauty,Face Wash,3,4045,23,9343.95,Silver,Pune,Credit Card
C1881,O20837,2025-09-19,Electronics,Smartphone,1,67617,22,52741.26,Gold,Chennai,UPI
C1624,O59848,2026-02-08,Groceries,Rice,5,2408,10,10836.0,Platinum,Mumbai,Debit Card
C1378,O49252,2025-07-14,Home Decor,Wall Art,1,13914,14,11966.04,Gold,Mumbai,Wallet
C1711,O17631,2025-12-02,Beauty,Face Wash,4,5721,12,20137.92,Gold,Mumbai,Net Banking
C1086,O64115,2025-12-16,Sports,Football,2,2708,28,3899.52,Silver,Hyderabad,UPI
C1135,O99531,2025-10-03,Groceries,Eggs,4,2965,24,9013.6,Gold,Chennai,Credit Card
C1061,O99206,2025-12-24,Home Decor,Carpet,1,4561,9,4150.51,Silver,Bangalore,Net Banking
C1310,O60166,2025-11-29,Groceries,Bread,4,2022,11,7198.32,Gold,Pune,Debit Card
C1171,O66200,2025-12-03,Electronics,Headphones,4,34996,12,123185.92,Gold,Mumbai,Debit Card
C1043,O30307,2025-12-06,Groceries,Bread,4,1653,24,5025.12,Gold,Mumbai,Debit Card
C1146,O72105,2026-05-15,Beauty,Shampoo,1,1801,1,1782.99,Silver,Chennai,Wallet
C1839,O70853,2026-01-16,Sports,Football,4,1531,17,5082.92,Gold,Bangalore,UPI
C1637,O17423,2025-08-31,Sports,Cricket Bat,5,5303,9,24128.65,Silver,Pune,UPI
C1569,O37670,2026-01-02,Home Decor,Wall Art,3,11838,30,24859.8,Gold,Chennai,UPI
C1549,O29703,2025-06-16,Beauty,Face Wash,2,545,17,904.7,Silver,Bangalore,Net Banking
C1758,O38612,2025-07-12,Fashion,Jacket,1,7413,27,5411.49,Gold,Hyderabad,Net Banking
C1330,O43322,2025-10-29,Groceries,Milk,4,2614,7,9724.08,Platinum,Mumbai,Credit Card
C1004,O13304,2025-10-01,Electronics,Smart Watch,4,77846,12,274017.92,Platinum,Delhi,UPI
C1160,O86569,2025-09-30,Groceries,Rice,4,230,18,754.4,Silver,Delhi,UPI
C1609,O88570,2025-09-30,Home Decor,Curtains,5,17134,16,71962.8,Platinum,Mumbai,Credit Card
C1447,O38883,2026-04-02,Electronics,Smart Watch,3,10469,16,26381.88,Silver,Delhi,UPI
C1858,O94360,2025-10-31,Groceries,Eggs,2,2170,12,3819.2,Platinum,Pune,Credit Card
C1517,O26239,2026-05-26,Electronics,Headphones,3,32051,14,82691.58,Silver,Pune,Wallet
C1447,O97564,2026-01-17,Electronics,Headphones,3,28746,19,69852.78,Platinum,Hyderabad,Credit Card
C1012,O88156,2026-03-02,Groceries,Bread,3,388,6,1094.16,Silver,Delhi,Wallet
C1666,O28752,2026-01-25,Groceries,Eggs,2,1495,22,2332.2,Silver,Delhi,Debit Card
C1780,O19236,2026-01-28,Home Decor,Curtains,3,9922,28,21431.52,Gold,Bangalore,UPI
C1963,O70012,2026-04-06,Home Decor,Curtains,2,17342,6,32602.96,Platinum,Hyderabad,Debit Card
C1487,O22432,2026-02-13,Fashion,Jacket,4,4616,0,18464.0,Silver,Mumbai,Debit Card
C1876,O16530,2026-02-23,Beauty,Moisturizer,1,1433,10,1289.7,Silver,Hyderabad,Net Banking
C1574,O19171,2025-11-22,Sports,Yoga Mat,2,6213,24,9443.76,Silver,Hyderabad,Debit Card
C1396,O64644,2025-10-17,Home Decor,Carpet,2,8989,25,13483.5,Gold,Pune,Net Banking
C1679,O47069,2025-07-02,Groceries,Bread,4,1072,25,3216.0,Platinum,Bangalore,Wallet
C1390,O33068,2026-04-22,Sports,Cricket Bat,3,7933,2,23323.02,Silver,Chennai,Credit Card
C1979,O41981,2025-07-21,Electronics,Headphones,2,49610,17,82352.6,Silver,Bangalore,Net Banking
C1676,O53748,2025-10-26,Electronics,Headphones,3,58674,17,146098.26,Platinum,Delhi,Net Banking
C1084,O20797,2025-11-05,Home Decor,Wall Art,1,1864,18,1528.48,Gold,Chennai,Credit Card
C1855,O67200,2026-01-05,Electronics,Smart Watch,4,31342,7,116592.24,Silver,Bangalore,Debit Card
C1215,O42273,2025-10-21,Fashion,Jacket,4,5282,10,19015.2,Platinum,Bangalore,Credit Card
C1499,O40740,2025-10-17,Home Decor,Carpet,1,5647,2,5534.06,Silver,Bangalore,Wallet
C1997,O37873,2026-05-28,Sports,Dumbbells,5,2617,18,10729.7,Gold,Mumbai,UPI
C1713,O74901,2025-12-07,Electronics,Headphones,4,61947,26,183363.12,Gold,Delhi,Wallet
C1580,O31904,2026-02-19,Groceries,Milk,4,1217,3,4721.96,Silver,Bangalore,Credit Card
C1596,O96141,2025-10-08,Sports,Yoga Mat,2,7408,16,12445.44,Silver,Bangalore,Credit Card
C1930,O37207,2025-08-20,Home Decor,Carpet,4,7012,20,22438.4,Platinum,Hyderabad,Wallet
C1781,O92928,2026-03-12,Groceries,Milk,3,2160,7,6026.4,Platinum,Pune,Wallet
C1223,O34597,2026-03-08,Fashion,T-Shirt,4,6879,18,22563.12,Gold,Mumbai,Net Banking
C1835,O94656,2026-01-30,Electronics,Smartphone,4,61706,12,217205.12,Platinum,Pune,Credit Card
C1623,O45406,2025-08-13,Groceries,Eggs,5,619,11,2754.55,Silver,Delhi,Net Banking
C1146,O61589,2025-11-06,Home Decor,Wall Art,5,5174,9,23541.7,Silver,Chennai,Credit Card
C1946,O16337,2025-12-15,Beauty,Moisturizer,5,2074,20,8296.0,Silver,Bangalore,Net Banking
C1697,O62218,2025-06-30,Groceries,Bread,5,3174,11,14124.3,Platinum,Hyderabad,UPI
C1121,O77016,2025-06-08,Electronics,Laptop,3,37321,28,80613.36,Silver,Chennai,Wallet
C1996,O99032,2025-09-27,Home Decor,Curtains,4,3002,23,9246.16,Silver,Delhi,Credit Card
C1974,O62780,2026-03-01,Home Decor,Carpet,5,3940,16,16548.0,Gold,Mumbai,Wallet
C1766,O13662,2026-04-28,Groceries,Milk,4,1346,30,3768.8,Silver,Chennai,Debit Card
C1432,O98806,2026-02-16,Electronics,Smart Watch,3,62047,11,165665.49,Gold,Hyderabad,Credit Card
C1270,O98935,2025-12-10,Fashion,Shoes,4,3836,15,13042.4,Platinum,Hyderabad,Credit Card
C1845,O85526,2025-09-27,Groceries,Milk,2,728,26,1077.44,Platinum,Delhi,Credit Card
C1827,O48607,2025-11-08,Sports,Football,3,5817,16,14658.84,Silver,Bangalore,Credit Card
C1476,O32992,2025-06-24,Beauty,Shampoo,2,4681,27,6834.26,Gold,Bangalore,Debit Card
C1536,O54464,2026-03-29,Electronics,Smart Watch,5,24743,9,112580.65,Silver,Pune,Net Banking
C1639,O60213,2025-08-17,Home Decor,Curtains,4,12981,15,44135.4,Gold,Bangalore,Credit Card
C1172,O47182,2025-06-24,Groceries,Bread,5,2936,6,13799.2,Platinum,Bangalore,Credit Card
C1263,O60865,2026-01-06,Electronics,Smart Watch,3,67936,19,165084.48,Gold,Bangalore,Credit Card
C1213,O92543,2026-02-02,Beauty,Face Wash,5,4248,19,17204.4,Silver,Hyderabad,Credit Card
C1217,O69637,2026-03-04,Beauty,Perfume,2,1759,20,2814.4,Gold,Mumbai,Net Banking
C1099,O50747,2025-11-03,Sports,Dumbbells,2,11134,6,20931.92,Platinum,Delhi,UPI
C1172,O93802,2025-06-16,Beauty,Perfume,5,3501,30,12253.5,Gold,Mumbai,Debit Card
C1705,O49432,2026-04-23,Home Decor,Curtains,1,9031,29,6412.01,Gold,Pune,Debit Card
C1484,O35904,2025-06-11,Fashion,Shoes,5,1041,22,4059.9,Silver,Hyderabad,Wallet
C1055,O44847,2026-05-12,Sports,Yoga Mat,3,7881,0,23643.0,Silver,Delhi,UPI
C1128,O67601,2025-12-22,Fashion,T-Shirt,2,4834,30,6767.6,Silver,Hyderabad,Wallet
C1538,O55170,2026-02-04,Fashion,T-Shirt,1,1819,16,1527.96,Silver,Pune,Net Banking
C1926,O95987,2025-12-09,Groceries,Milk,5,1354,12,5957.6,Silver,Delhi,Debit Card
C1362,O82087,2025-09-11,Home Decor,Lamp,1,15076,29,10703.96,Platinum,Hyderabad,Credit Card
C1297,O87160,2026-03-04,Home Decor,Wall Art,5,13614,16,57178.8,Platinum,Chennai,Wallet
C1666,O62272,2025-12-08,Sports,Dumbbells,3,4881,27,10689.39,Silver,Pune,UPI
C1970,O47013,2025-12-11,Beauty,Shampoo,1,2785,1,2757.15,Gold,Pune,UPI
C1629,O70707,2026-02-25,Sports,Football,2,1274,17,2114.84,Silver,Hyderabad,Debit Card
C1908,O80739,2025-11-09,Beauty,Perfume,3,2546,5,7256.1,Platinum,Chennai,Net Banking
C1238,O86511,2026-05-12,Home Decor,Lamp,2,8188,25,12282.0,Silver,Mumbai,UPI
C1064,O49824,2025-10-28,Sports,Yoga Mat,4,11176,9,40680.64,Platinum,Mumbai,Debit Card
C1753,O50545,2025-08-24,Fashion,Shoes,2,1934,26,2862.32,Silver,Bangalore,Debit Card
C1713,O20934,2025-06-18,Electronics,Smart Watch,2,8536,26,12633.28,Silver,Chennai,Credit Card
C1786,O92568,2026-03-02,Fashion,Jacket,3,2672,6,7535.04,Platinum,Delhi,Net Banking
C1624,O65072,2025-07-26,Beauty,Perfume,3,1841,3,5357.31,Silver,Hyderabad,Credit Card
C1200,O61453,2026-01-17,Groceries,Milk,5,1088,14,4678.4,Platinum,Mumbai,Wallet
C1558,O14343,2025-11-24,Fashion,T-Shirt,5,1184,28,4262.4,Silver,Pune,Debit Card
C1858,O79124,2025-08-07,Sports,Football,4,1436,20,4595.2,Platinum,Hyderabad,Credit Card
C1029,O98280,2026-05-20,Home Decor,Wall Art,3,10296,2,30270.24,Gold,Mumbai,Debit Card
C1304,O70852,2026-02-25,Fashion,Jacket,3,2154,12,5686.56,Gold,Chennai,UPI
C1685,O55965,2026-02-02,Home Decor,Curtains,5,9247,25,34676.25,Gold,Hyderabad,Wallet
C1636,O15238,2025-07-14,Groceries,Bread,2,1647,16,2766.96,Gold,Delhi,Wallet
C1861,O51184,2025-10-12,Electronics,Smart Watch,3,73372,29,156282.36,Platinum,Chennai,Debit Card
C1526,O58737,2025-12-16,Groceries,Milk,4,2250,22,7020.0,Platinum,Chennai,UPI
C1352,O20281,2025-06-27,Electronics,Smartphone,3,19249,27,42155.31,Gold,Chennai,Debit Card
C1541,O42113,2025-11-05,Beauty,Moisturizer,5,9426,9,42888.3,Platinum,Mumbai,Wallet
C1731,O67361,2026-01-28,Electronics,Laptop,1,12199,30,8539.3,Gold,Hyderabad,Net Banking
C1114,O83765,2025-08-14,Groceries,Eggs,3,486,26,1078.92,Gold,Hyderabad,Net Banking
C1023,O12063,2025-10-07,Groceries,Milk,5,744,28,2678.4,Silver,Bangalore,Debit Card
C1689,O93261,2025-12-27,Electronics,Smartphone,3,85728,16,216034.56,Platinum,Hyderabad,Credit Card
C1393,O11275,2026-04-12,Sports,Dumbbells,5,3339,8,15359.4,Silver,Chennai,UPI
C1868,O22759,2026-05-10,Electronics,Headphones,3,34291,11,91556.97,Silver,Hyderabad,Net Banking
C1582,O40104,2026-01-06,Fashion,T-Shirt,5,8626,16,36229.2,Platinum,Bangalore,UPI
C1214,O81346,2025-08-31,Groceries,Eggs,3,1600,3,4656.0,Gold,Pune,UPI
C1999,O18427,2025-12-15,Groceries,Rice,1,3502,13,3046.74,Platinum,Mumbai,Credit Card
C1895,O48428,2026-05-31,Electronics,Laptop,3,43418,5,123741.3,Silver,Pune,UPI
C1845,O75516,2026-02-14,Home Decor,Carpet,1,2518,20,2014.4,Platinum,Bangalore,Credit Card
C1814,O24519,2025-07-04,Fashion,Jeans,3,1260,25,2835.0,Platinum,Mumbai,Credit Card
C1610,O23356,2025-10-29,Fashion,T-Shirt,1,6574,25,4930.5,Gold,Mumbai,UPI
C1792,O92662,2026-06-03,Groceries,Bread,1,949,28,683.28,Silver,Pune,Debit Card
C1830,O19254,2025-07-08,Electronics,Headphones,3,33210,26,73726.2,Gold,Mumbai,Debit Card
C1399,O77225,2026-02-27,Groceries,Bread,3,2920,12,7708.8,Platinum,Chennai,UPI
C1975,O61439,2025-12-02,Electronics,Smartphone,1,42198,26,31226.52,Gold,Pune,Net Banking
C1363,O49469,2026-04-04,Beauty,Perfume,5,403,29,1430.65,Gold,Hyderabad,Wallet
C1068,O10707,2025-09-24,Sports,Football,1,11802,9,10739.82,Platinum,Delhi,Wallet
C1801,O10333,2026-05-24,Electronics,Headphones,4,34095,16,114559.2,Gold,Pune,Net Banking
C1354,O61952,2025-10-02,Sports,Cricket Bat,4,9655,25,28965.0,Gold,Mumbai,Credit Card
C1337,O26782,2025-12-02,Groceries,Rice,1,2305,25,1728.75,Gold,Hyderabad,Debit Card
C1416,O16749,2025-06-30,Groceries,Rice,2,630,26,932.4,Gold,Hyderabad,Debit Card
C1954,O79000,2026-05-06,Sports,Football,2,2176,17,3612.16,Gold,Hyderabad,Net Banking
C1048,O20513,2026-01-28,Sports,Football,5,7552,4,36249.6,Silver,Mumbai,Debit Card
C1679,O12380,2026-05-25,Sports,Dumbbells,5,4417,30,15459.5,Gold,Hyderabad,Credit Card
C1881,O95464,2026-02-21,Home Decor,Wall Art,1,3525,5,3348.75,Silver,Hyderabad,Credit Card
C1958,O49377,2025-07-02,Electronics,Laptop,4,35316,15,120074.4,Platinum,Pune,Wallet
C1056,O69388,2025-06-12,Electronics,Headphones,2,41295,4,79286.4,Gold,Delhi,Wallet
C1745,O52288,2025-07-20,Electronics,Headphones,2,10870,13,18913.8,Platinum,Hyderabad,UPI
C1859,O79474,2025-10-29,Home Decor,Curtains,2,8206,10,14770.8,Silver,Pune,UPI
C1630,O70161,2025-11-04,Fashion,Jeans,1,4022,7,3740.46,Silver,Chennai,Wallet
C1155,O89980,2026-01-24,Beauty,Shampoo,5,5560,30,19460.0,Gold,Mumbai,Net Banking
C1142,O36739,2025-09-21,Home Decor,Wall Art,1,18134,10,16320.6,Platinum,Mumbai,Net Banking
C1548,O51963,2026-01-05,Sports,Cricket Bat,1,3400,16,2856.0,Silver,Bangalore,UPI
C1697,O42930,2025-12-15,Electronics,Headphones,2,30230,0,60460.0,Silver,Chennai,Debit Card
C1375,O10574,2026-04-12,Beauty,Perfume,3,3367,19,8181.81,Silver,Delhi,UPI
C1024,O59865,2025-09-01,Home Decor,Curtains,3,15560,8,42945.6,Platinum,Delhi,UPI
C1561,O14272,2026-04-04,Sports,Dumbbells,5,5489,30,19211.5,Silver,Hyderabad,Net Banking
C1068,O78672,2025-12-08,Home Decor,Carpet,1,2383,28,1715.76,Silver,Pune,Net Banking
C1373,O58802,2026-05-06,Groceries,Eggs,2,668,28,961.92,Silver,Bangalore,UPI
C1431,O51285,2025-10-02,Sports,Yoga Mat,1,4963,4,4764.48,Silver,Delhi,UPI
C1891,O68967,2025-08-24,Home Decor,Curtains,4,9679,10,34844.4,Silver,Mumbai,Debit Card
C1113,O68659,2025-06-11,Groceries,Bread,2,1270,8,2336.8,Gold,Chennai,Debit Card
C1525,O11330,2025-12-15,Fashion,Jacket,4,3183,26,9421.68,Silver,Mumbai,UPI
C1070,O65741,2026-03-24,Fashion,Shoes,2,7448,17,12363.68,Platinum,Delhi,Credit Card
C1879,O53779,2026-05-12,Home Decor,Wall Art,5,5873,1,29071.35,Silver,Hyderabad,Wallet
C1220,O42623,2026-04-12,Sports,Cricket Bat,5,7791,2,38175.9,Silver,Mumbai,Credit Card
C1443,O14310,2025-11-27,Electronics,Smart Watch,2,74076,21,117040.08,Platinum,Pune,Credit Card
C1003,O46456,2026-02-01,Fashion,Jeans,1,6678,27,4874.94,Gold,Pune,Debit Card
C1174,O52742,2026-04-03,Sports,Yoga Mat,1,5081,3,4928.57,Silver,Chennai,Credit Card
C1823,O85416,2025-06-10,Home Decor,Carpet,1,10278,5,9764.1,Gold,Hyderabad,Debit Card
C1445,O36986,2026-04-24,Beauty,Moisturizer,2,3888,29,5520.96,Gold,Bangalore,Debit Card
C1260,O15780,2026-02-24,Fashion,Jacket,4,2953,19,9567.72,Silver,Delhi,Debit Card
C1722,O22445,2025-10-30,Electronics,Headphones,3,32611,2,95876.34,Gold,Hyderabad,Credit Card
C1510,O11796,2025-08-22,Groceries,Rice,1,2398,7,2230.14,Platinum,Chennai,Wallet
C1831,O71244,2026-05-21,Home Decor,Wall Art,5,6506,10,29277.0,Platinum,Pune,Debit Card
C1142,O32061,2025-12-08,Sports,Dumbbells,4,4626,11,16468.56,Gold,Bangalore,Credit Card
C1899,O76058,2025-08-13,Home Decor,Carpet,1,11202,4,10753.92,Gold,Pune,UPI
C1181,O24652,2025-09-25,Groceries,Rice,3,1253,9,3420.69,Silver,Pune,Credit Card
C1786,O95342,2025-12-25,Groceries,Bread,5,1072,8,4931.2,Silver,Chennai,Debit Card
C1908,O67477,2026-05-27,Fashion,T-Shirt,5,2711,8,12470.6,Silver,Mumbai,Wallet
C1098,O53970,2025-11-30,Fashion,T-Shirt,5,4798,11,21351.1,Platinum,Chennai,Debit Card
C1391,O34433,2026-03-09,Electronics,Smartphone,5,84528,22,329659.2,Platinum,Bangalore,Wallet
C1985,O67991,2026-02-13,Home Decor,Wall Art,5,1947,2,9540.3,Silver,Delhi,Wallet
C1704,O49398,2026-04-20,Groceries,Rice,1,494,16,414.96,Silver,Delhi,Debit Card
C1767,O67218,2026-01-08,Electronics,Smart Watch,2,20980,19,33987.6,Gold,Chennai,Net Banking
C1569,O75165,2025-10-02,Fashion,Jeans,3,4928,19,11975.04,Platinum,Pune,Net Banking
C1468,O91054,2026-05-25,Electronics,Smart Watch,1,9097,9,8278.27,Silver,Bangalore,Wallet
C1654,O28925,2025-07-04,Home Decor,Curtains,2,14604,21,23074.32,Platinum,Chennai,Net Banking
C1928,O57947,2025-08-09,Home Decor,Curtains,2,11055,10,19899.0,Gold,Hyderabad,Net Banking
C1721,O88249,2025-12-13,Sports,Dumbbells,2,7670,7,14266.2,Silver,Mumbai,Credit Card
C1699,O42074,2026-03-20,Sports,Dumbbells,1,1765,1,1747.35,Silver,Bangalore,Net Banking
C1523,O88529,2026-02-06,Electronics,Smartphone,2,51021,29,72449.82,Gold,Mumbai,Wallet
C1403,O77804,2026-04-18,Electronics,Smartphone,2,66399,3,128814.06,Gold,Hyderabad,Wallet
C1883,O16518,2025-12-25,Groceries,Eggs,4,294,28,846.72,Gold,Delhi,UPI
C1627,O30106,2026-02-21,Beauty,Face Wash,4,709,26,2098.64,Gold,Delhi,Wallet
C1274,O29702,2026-05-25,Electronics,Smartphone,1,19964,20,15971.2,Platinum,Bangalore,Debit Card
C1699,O78092,2026-05-06,Sports,Football,1,3169,7,2947.17,Gold,Chennai,Debit Card
C1938,O53223,2026-04-28,Fashion,Jacket,4,8142,0,32568.0,Platinum,Pune,Debit Card
C1417,O13750,2025-07-21,Sports,Yoga Mat,5,11827,21,46716.65,Gold,Delhi,UPI
C1795,O15003,2025-09-26,Beauty,Perfume,1,2964,23,2282.28,Silver,Hyderabad,Credit Card
C1532,O46754,2025-06-25,Fashion,Jeans,1,4434,24,3369.84,Gold,Hyderabad,Net Banking
C1196,O33392,2026-05-28,Home Decor,Lamp,1,6894,10,6204.6,Silver,Mumbai,UPI
C1798,O77645,2025-07-11,Fashion,T-Shirt,2,4417,15,7508.9,Gold,Delhi,Credit Card
C1134,O85483,2025-12-25,Sports,Dumbbells,2,695,25,1042.5,Silver,Pune,Debit Card
C1686,O50770,2025-08-25,Sports,Dumbbells,4,1888,3,7325.44,Platinum,Delhi,Net Banking
C1194,O58240,2026-05-20,Beauty,Perfume,1,3804,28,2738.88,Platinum,Delhi,Net Banking
C1917,O64783,2025-11-25,Fashion,Shoes,3,2479,19,6023.97,Silver,Mumbai,Credit Card
C1314,O74615,2025-07-20,Electronics,Smartphone,1,43780,0,43780.0,Gold,Hyderabad,UPI
C1593,O24764,2026-03-29,Beauty,Moisturizer,3,4554,3,13252.14,Platinum,Delhi,Wallet
C1189,O45684,2026-05-16,Electronics,Smartphone,2,62070,21,98070.6,Gold,Hyderabad,Credit Card
C1249,O67456,2025-10-10,Fashion,T-Shirt,2,1981,12,3486.56,Gold,Bangalore,UPI
C1354,O91883,2025-08-20,Home Decor,Curtains,5,6154,26,22769.8,Silver,Hyderabad,UPI
C1482,O43133,2025-11-26,Beauty,Perfume,2,4439,1,8789.22,Silver,Hyderabad,Wallet
C1219,O47499,2026-01-17,Sports,Football,5,5895,28,21222.0,Gold,Delhi,Net Banking
C1994,O83217,2025-09-15,Groceries,Bread,1,531,25,398.25,Gold,Delhi,Credit Card
C1599,O18031,2026-01-14,Electronics,Smartphone,2,20928,23,32229.12,Silver,Chennai,Credit Card
C1177,O73543,2026-05-05,Home Decor,Lamp,4,6680,26,19772.8,Platinum,Bangalore,Credit Card
C1709,O22528,2026-03-08,Fashion,T-Shirt,3,7836,12,20687.04,Platinum,Chennai,UPI
C1227,O13739,2025-07-01,Fashion,Shoes,4,1196,25,3588.0,Platinum,Hyderabad,Credit Card
C1512,O53731,2025-10-18,Electronics,Smartphone,2,30488,5,57927.2,Platinum,Delhi,Net Banking
C1506,O75056,2026-02-20,Groceries,Milk,5,492,0,2460.0,Silver,Bangalore,Debit Card
C1444,O40351,2026-06-04,Electronics,Laptop,2,12553,7,23348.58,Silver,Mumbai,Net Banking
C1191,O28824,2026-05-07,Beauty,Face Wash,4,8254,25,24762.0,Platinum,Delhi,Debit Card
C1224,O44372,2026-05-13,Beauty,Perfume,3,3443,26,7643.46,Silver,Chennai,UPI
C1119,O90201,2026-02-13,Beauty,Moisturizer,3,3400,0,10200.0,Platinum,Pune,Net Banking
C1317,O70174,2025-09-30,Beauty,Shampoo,4,3329,8,12250.72,Silver,Delhi,UPI
C1057,O90486,2026-05-19,Fashion,Shoes,3,1071,10,2891.7,Silver,Mumbai,UPI
C1641,O51162,2025-07-03,Beauty,Perfume,5,6098,2,29880.2,Platinum,Mumbai,UPI
C1264,O51825,2026-03-01,Groceries,Rice,1,3398,29,2412.58,Platinum,Pune,Credit Card
C1954,O98660,2025-07-08,Home Decor,Lamp,1,16048,27,11715.04,Platinum,Bangalore,Net Banking
C1138,O91346,2025-09-07,Sports,Yoga Mat,5,3271,24,12429.8,Silver,Mumbai,UPI
C1825,O64062,2026-03-20,Sports,Dumbbells,1,1150,22,897.0,Gold,Chennai,UPI
C1625,O72406,2026-02-17,Electronics,Smart Watch,1,25372,27,18521.56,Silver,Chennai,Debit Card
C1636,O16791,2026-05-21,Home Decor,Curtains,2,3450,26,5106.0,Silver,Hyderabad,Net Banking
C1535,O12409,2025-10-26,Home Decor,Wall Art,3,7536,20,18086.4,Silver,Chennai,Net Banking
C1121,O60439,2025-11-12,Sports,Yoga Mat,5,1020,22,3978.0,Silver,Pune,UPI
C1484,O32481,2025-08-23,Fashion,T-Shirt,3,4877,16,12290.04,Silver,Bangalore,UPI
C1262,O70692,2026-05-25,Home Decor,Lamp,1,4970,7,4622.1,Platinum,Hyderabad,Net Banking
C1464,O40045,2025-11-21,Fashion,Shoes,5,7140,19,28917.0,Platinum,Delhi,Credit Card
C1394,O10147,2025-07-07,Beauty,Moisturizer,4,4488,5,17054.4,Platinum,Mumbai,Debit Card
C1108,O79678,2026-05-27,Fashion,Jacket,2,8434,15,14337.8,Platinum,Chennai,Wallet
C1173,O20079,2025-11-20,Fashion,Jeans,2,4129,23,6358.66,Silver,Hyderabad,Net Banking
C1543,O61141,2026-01-05,Home Decor,Curtains,5,1897,11,8441.65,Gold,Hyderabad,Wallet
C1733,O70722,2026-06-02,Groceries,Rice,4,2236,0,8944.0,Gold,Bangalore,UPI
C1048,O33259,2026-05-25,Beauty,Moisturizer,3,1250,5,3562.5,Platinum,Delhi,Wallet
C1706,O40018,2025-10-02,Home Decor,Wall Art,3,18066,25,40648.5,Platinum,Hyderabad,Credit Card
C1757,O69312,2026-02-25,Fashion,T-Shirt,4,1144,20,3660.8,Platinum,Hyderabad,Debit Card
C1001,O60607,2025-06-16,Sports,Cricket Bat,1,6409,24,4870.84,Gold,Hyderabad,Debit Card
C1028,O71990,2026-04-26,Fashion,Shoes,3,6080,1,18057.6,Platinum,Pune,Credit Card
C1742,O13277,2025-08-26,Fashion,Jeans,3,7023,12,18540.72,Gold,Bangalore,Debit Card
C1280,O75826,2025-08-22,Electronics,Headphones,4,30292,9,110262.88,Platinum,Chennai,Wallet
C1447,O71146,2025-10-23,Beauty,Shampoo,1,2226,26,1647.24,Gold,Hyderabad,Net Banking
C1882,O91272,2026-06-02,Electronics,Headphones,3,42933,13,112055.13,Gold,Mumbai,Debit Card
C1240,O56545,2026-04-20,Fashion,Jacket,5,4108,11,18280.6,Platinum,Hyderabad,Credit Card
C1866,O75037,2026-02-26,Electronics,Smart Watch,2,42128,18,69089.92,Silver,Chennai,Net Banking
C1902,O79400,2025-06-25,Sports,Cricket Bat,2,3031,3,5880.14,Silver,Delhi,Net Banking
C1747,O40036,2026-02-24,Electronics,Headphones,5,26263,2,128688.7,Silver,Pune,Debit Card
C1888,O60357,2025-06-22,Groceries,Milk,2,1983,27,2895.18,Gold,Hyderabad,Debit Card
C1912,O11385,2025-11-10,Sports,Cricket Bat,5,12130,8,55798.0,Platinum,Mumbai,Credit Card
C1441,O38791,2025-07-20,Home Decor,Carpet,5,6075,7,28248.75,Gold,Bangalore,Wallet
C1175,O53090,2025-07-13,Groceries,Rice,2,1758,24,2672.16,Silver,Bangalore,Wallet
C1586,O76487,2025-07-06,Beauty,Face Wash,4,9376,14,32253.44,Platinum,Pune,Wallet
C1832,O71956,2025-06-18,Groceries,Bread,3,2514,27,5505.66,Gold,Bangalore,Credit Card
C1975,O90842,2026-02-09,Sports,Football,4,9564,2,37490.88,Gold,Bangalore,Net Banking
C1983,O45830,2025-12-21,Electronics,Smart Watch,1,13602,4,13057.92,Gold,Delhi,Credit Card
C1481,O69362,2026-01-30,Fashion,Jeans,5,828,12,3643.2,Silver,Chennai,Debit Card
C1018,O67525,2025-06-26,Beauty,Moisturizer,5,987,25,3701.25,Gold,Bangalore,Wallet
C1173,O74181,2026-04-01,Home Decor,Wall Art,5,13848,26,51237.6,Gold,Pune,Credit Card
C1748,O41485,2025-11-26,Electronics,Smart Watch,4,58719,23,180854.52,Gold,Delhi,Wallet
C1212,O93730,2026-01-06,Sports,Dumbbells,5,6421,7,29857.65,Silver,Bangalore,Credit Card
C1624,O26138,2025-07-22,Beauty,Face Wash,1,2375,19,1923.75,Silver,Chennai,UPI
C1575,O23402,2025-11-07,Groceries,Bread,1,537,16,451.08,Gold,Pune,UPI
C1848,O17166,2026-01-02,Beauty,Perfume,3,7297,29,15542.61,Gold,Delhi,Credit Card
C1677,O63233,2025-11-21,Fashion,Jeans,2,4340,21,6857.2,Silver,Hyderabad,Debit Card
C1759,O86390,2026-04-19,Electronics,Smart Watch,4,15027,6,56501.52,Silver,Pune,Wallet
C1616,O92090,2025-07-23,Sports,Cricket Bat,3,1332,22,3116.88,Gold,Bangalore,Wallet
C1161,O97768,2026-06-04,Sports,Cricket Bat,5,11398,20,45592.0,Gold,Mumbai,Credit Card
C1979,O95989,2026-05-03,Beauty,Perfume,5,2366,25,8872.5,Platinum,Mumbai,Wallet
C1526,O53013,2025-09-19,Sports,Yoga Mat,5,5953,28,21430.8,Gold,Chennai,UPI
C1558,O84106,2025-12-08,Sports,Yoga Mat,1,4896,11,4357.44,Platinum,Hyderabad,Wallet
C1860,O84462,2025-07-19,Home Decor,Wall Art,2,5946,0,11892.0,Gold,Bangalore,Net Banking
C1799,O70725,2025-09-30,Electronics,Smartphone,2,22008,5,41815.2,Silver,Mumbai,UPI
C1822,O55378,2025-07-28,Sports,Football,2,7558,26,11185.84,Silver,Chennai,Net Banking
C1893,O28444,2025-10-17,Sports,Cricket Bat,5,2308,11,10270.6,Gold,Pune,Net Banking
C1607,O68713,2025-09-15,Beauty,Face Wash,2,3802,4,7299.84,Gold,Hyderabad,Credit Card
C1431,O49976,2025-11-15,Groceries,Eggs,1,838,11,745.82,Gold,Hyderabad,Net Banking
C1344,O11457,2025-08-21,Beauty,Moisturizer,5,3712,17,15404.8,Silver,Pune,Net Banking
C1251,O70523,2025-09-21,Beauty,Perfume,1,9400,25,7050.0,Platinum,Chennai,Net Banking
C1648,O45729,2025-07-20,Fashion,Jacket,1,7194,14,6186.84,Platinum,Chennai,Credit Card
C1690,O59063,2025-11-04,Sports,Football,3,2817,5,8028.45,Gold,Hyderabad,Net Banking
C1120,O15551,2025-12-28,Electronics,Smart Watch,5,81832,16,343694.4,Platinum,Chennai,Net Banking
C1472,O86639,2026-04-22,Groceries,Eggs,2,1495,9,2720.9,Silver,Bangalore,UPI
C1036,O97325,2026-06-01,Electronics,Laptop,2,48642,8,89501.28,Gold,Mumbai,Credit Card
C1854,O92584,2025-06-18,Groceries,Bread,1,492,0,492.0,Silver,Pune,Net Banking
C1460,O66931,2025-08-14,Groceries,Milk,5,378,25,1417.5,Gold,Mumbai,Credit Card
C1013,O28946,2026-02-07,Home Decor,Wall Art,1,1726,26,1277.24,Silver,Chennai,Debit Card
C1956,O51934,2026-01-02,Electronics,Smartphone,5,8199,5,38945.25,Gold,Bangalore,Net Banking
C1427,O56150,2025-08-21,Home Decor,Wall Art,4,7078,11,25197.68,Silver,Hyderabad,Debit Card
C1766,O41855,2025-11-12,Electronics,Smart Watch,4,48093,5,182753.4,Silver,Chennai,Credit Card
C1143,O63762,2025-12-27,Sports,Cricket Bat,2,1719,27,2509.74,Gold,Bangalore,Net Banking
C1978,O14105,2025-07-24,Sports,Dumbbells,3,6780,29,14441.4,Platinum,Hyderabad,Net Banking
C1437,O81822,2025-10-14,Electronics,Smart Watch,3,56580,11,151068.6,Platinum,Bangalore,UPI
C1376,O66198,2025-10-13,Fashion,T-Shirt,2,3459,25,5188.5,Silver,Delhi,Net Banking
C1065,O32868,2025-07-17,Home Decor,Carpet,3,3800,24,8664.0,Platinum,Mumbai,UPI
C1062,O34827,2025-11-11,Beauty,Shampoo,1,5902,20,4721.6,Platinum,Chennai,UPI
C1976,O52789,2025-12-07,Sports,Football,2,6074,26,8989.52,Platinum,Chennai,Debit Card
C1039,O63889,2025-07-10,Sports,Dumbbells,2,7152,26,10584.96,Platinum,Chennai,Credit Card
C1417,O43647,2026-03-03,Electronics,Smart Watch,4,42642,5,162039.6,Platinum,Delhi,Net Banking
C1053,O18194,2026-04-03,Home Decor,Lamp,5,7270,14,31261.0,Platinum,Mumbai,Net Banking
C1410,O86493,2025-07-04,Fashion,Jeans,3,3906,1,11600.82,Silver,Mumbai,Wallet
C1578,O79202,2025-12-30,Sports,Cricket Bat,3,14854,26,32975.88,Platinum,Hyderabad,Credit Card
C1566,O45623,2026-04-20,Groceries,Eggs,5,2514,15,10684.5,Gold,Pune,UPI
C1093,O12630,2025-06-25,Electronics,Laptop,2,15651,6,29423.88,Gold,Chennai,Wallet
C1991,O11920,2025-09-09,Electronics,Smartphone,4,27259,7,101403.48,Gold,Chennai,Debit Card
C1537,O28546,2026-02-28,Home Decor,Lamp,2,9339,9,16996.98,Silver,Chennai,Credit Card
C1033,O50965,2026-03-21,Electronics,Laptop,3,14811,30,31103.1,Gold,Hyderabad,Debit Card
C1001,O55952,2025-06-21,Sports,Yoga Mat,2,11220,4,21542.4,Platinum,Pune,Credit Card
C1115,O55698,2025-07-22,Groceries,Bread,3,1309,30,2748.9,Silver,Chennai,Wallet
C1700,O42569,2025-07-29,Fashion,Jacket,5,1719,10,7735.5,Silver,Hyderabad,UPI
C1940,O36209,2026-04-10,Beauty,Perfume,5,4240,17,17596.0,Platinum,Mumbai,Debit Card
C1940,O89568,2026-04-25,Sports,Yoga Mat,3,7017,20,16840.8,Gold,Pune,Credit Card
C1447,O92462,2026-02-26,Groceries,Rice,3,105,13,274.05,Silver,Bangalore,Wallet
C1439,O87127,2025-10-16,Beauty,Face Wash,5,2257,2,11059.3,Gold,Mumbai,Net Banking
C1136,O15353,2025-12-17,Fashion,T-Shirt,1,5662,9,5152.42,Platinum,Chennai,UPI
C1389,O47677,2026-02-27,Home Decor,Wall Art,5,8582,6,40335.4,Platinum,Mumbai,Credit Card
C1996,O50616,2026-05-05,Groceries,Eggs,1,2742,3,2659.74,Platinum,Pune,Debit Card
C1537,O56368,2026-05-27,Sports,Dumbbells,1,3229,7,3002.97,Gold,Hyderabad,UPI
C1700,O45648,2025-06-26,Home Decor,Carpet,1,9901,13,8613.87,Gold,Mumbai,UPI
C1195,O35461,2026-04-14,Home Decor,Carpet,1,8475,26,6271.5,Silver,Mumbai,Credit Card
C1088,O43076,2026-03-15,Groceries,Bread,1,1717,0,1717.0,Gold,Pune,Debit Card
C1011,O69021,2025-12-03,Home Decor,Carpet,4,13060,23,40224.8,Gold,Hyderabad,Wallet
C1471,O74744,2025-07-15,Sports,Dumbbells,4,6537,23,20133.96,Silver,Bangalore,Net Banking
C1446,O63863,2026-04-06,Groceries,Eggs,1,1548,22,1207.44,Silver,Chennai,Wallet
C1149,O27195,2026-01-10,Sports,Yoga Mat,4,1299,6,4884.24,Silver,Hyderabad,Credit Card
C1286,O46900,2026-04-19,Groceries,Eggs,2,765,6,1438.2,Silver,Delhi,UPI
C1538,O86403,2025-10-03,Sports,Yoga Mat,5,5795,30,20282.5,Silver,Bangalore,Net Banking
C1974,O58514,2026-02-26,Beauty,Perfume,4,7312,11,26030.72,Gold,Bangalore,UPI
C1033,O92668,2025-08-14,Home Decor,Carpet,3,6926,8,19115.76,Platinum,Chennai,Debit Card
C1203,O54797,2025-06-06,Fashion,Jacket,4,4438,10,15976.8,Gold,Mumbai,UPI
C1501,O62884,2026-05-28,Fashion,Jeans,2,5824,11,10366.72,Gold,Delhi,Net Banking
C1399,O63891,2025-09-24,Sports,Dumbbells,2,11403,1,22577.94,Gold,Delhi,Wallet
C1032,O84287,2026-03-25,Fashion,Jacket,4,3874,7,14411.28,Gold,Chennai,Net Banking
C1754,O65945,2025-06-22,Electronics,Laptop,4,59976,16,201519.36,Platinum,Hyderabad,Wallet
C1347,O25299,2025-08-08,Home Decor,Lamp,1,11349,16,9533.16,Gold,Chennai,Credit Card
C1533,O48586,2025-07-29,Beauty,Perfume,4,1775,24,5396.0,Silver,Hyderabad,Credit Card
C1369,O20539,2025-12-03,Beauty,Perfume,3,2094,8,5779.44,Gold,Pune,UPI
C1390,O41129,2025-11-13,Beauty,Face Wash,1,458,10,412.2,Platinum,Delhi,UPI
C1283,O41129,2025-08-27,Sports,Yoga Mat,4,4413,14,15180.72,Silver,Bangalore,UPI
C1231,O75475,2025-09-28,Electronics,Headphones,1,33605,12,29572.4,Silver,Chennai,Debit Card
C1636,O52949,2026-05-31,Fashion,T-Shirt,5,2813,5,13361.75,Silver,Chennai,Credit Card
C1683,O41992,2026-03-07,Electronics,Headphones,3,62076,22,145257.84,Platinum,Bangalore,Debit Card
C1605,O78414,2026-03-06,Electronics,Smart Watch,3,53904,4,155243.52,Gold,Mumbai,Debit Card
C1724,O29707,2026-01-21,Groceries,Rice,3,457,5,1302.45,Gold,Pune,UPI
C1831,O28703,2025-08-25,Sports,Football,3,1514,11,4042.38,Silver,Bangalore,Credit Card
C1449,O73526,2025-07-02,Fashion,Shoes,1,1032,2,1011.36,Gold,Pune,Credit Card
C1160,O41560,2025-07-16,Electronics,Smart Watch,1,88230,26,65290.2,Platinum,Hyderabad,Net Banking
C1131,O84198,2026-01-24,Fashion,T-Shirt,1,2031,9,1848.21,Gold,Mumbai,Wallet
C1211,O52140,2026-03-19,Home Decor,Lamp,2,14570,2,28557.2,Platinum,Pune,Net Banking
C1489,O29076,2026-01-13,Home Decor,Curtains,2,7155,10,12879.0,Silver,Delhi,Credit Card
C1452,O12324,2025-09-01,Home Decor,Carpet,2,13938,28,20070.72,Platinum,Bangalore,Debit Card
C1904,O20582,2026-02-25,Fashion,Jeans,1,2526,22,1970.28,Silver,Bangalore,Debit Card
C1056,O59236,2025-12-24,Fashion,Jacket,5,1074,10,4833.0,Gold,Hyderabad,Credit Card
C1149,O91226,2026-03-13,Sports,Football,4,10324,5,39231.2,Gold,Delhi,Debit Card
C1749,O39817,2025-08-18,Fashion,Jacket,3,7128,4,20528.64,Gold,Mumbai,Credit Card
C1673,O76684,2026-03-02,Beauty,Perfume,2,4430,22,6910.8,Silver,Mumbai,Wallet
C1745,O62681,2025-09-19,Beauty,Perfume,4,1864,25,5592.0,Gold,Chennai,Net Banking
C1652,O96032,2025-07-25,Electronics,Smartphone,3,31919,14,82351.02,Silver,Bangalore,Credit Card
C1676,O10667,2026-04-22,Groceries,Milk,2,1269,1,2512.62,Silver,Delhi,Credit Card
C1726,O43508,2026-01-01,Groceries,Rice,3,1422,16,3583.44,Platinum,Chennai,UPI
C1546,O47765,2026-03-13,Fashion,Jeans,2,3049,5,5793.1,Silver,Pune,Net Banking
C1836,O86375,2025-08-17,Beauty,Perfume,5,4133,29,14672.15,Silver,Hyderabad,Credit Card
C1801,O24256,2025-07-29,Fashion,T-Shirt,3,4652,25,10467.0,Silver,Delhi,Net Banking
C1079,O88331,2025-12-30,Electronics,Smartphone,2,36724,25,55086.0,Silver,Chennai,Wallet
C1011,O29137,2026-04-02,Fashion,Jacket,2,6702,19,10857.24,Gold,Hyderabad,Wallet
C1054,O41782,2025-12-19,Beauty,Perfume,2,7262,10,13071.6,Platinum,Mumbai,UPI
C1031,O49528,2025-08-25,Fashion,Jacket,5,8788,7,40864.2,Platinum,Bangalore,UPI
C1561,O85562,2026-01-04,Beauty,Moisturizer,4,6783,0,27132.0,Gold,Pune,Net Banking
C1871,O85423,2025-08-29,Electronics,Laptop,2,45774,26,67745.52,Gold,Hyderabad,Wallet
C1801,O23999,2026-05-26,Beauty,Face Wash,2,4116,27,6009.36,Gold,Hyderabad,Net Banking
C1883,O16762,2025-09-21,Fashion,Jacket,5,2360,3,11446.0,Platinum,Pune,Net Banking
C1328,O73551,2025-06-21,Beauty,Moisturizer,1,3919,23,3017.63,Gold,Bangalore,Credit Card
C1902,O80870,2025-09-26,Home Decor,Curtains,3,7446,15,18987.3,Gold,Hyderabad,Wallet
C1642,O21411,2026-03-13,Groceries,Bread,1,1002,9,911.82,Silver,Bangalore,Credit Card
C1039,O99347,2025-10-27,Groceries,Milk,2,1071,8,1970.64,Gold,Chennai,Debit Card
C1001,O18644,2026-05-25,Fashion,Jacket,5,7137,16,29975.4,Gold,Mumbai,Debit Card
C1628,O55897,2025-10-18,Electronics,Headphones,2,23580,27,34426.8,Silver,Hyderabad,Wallet
C1692,O84552,2025-12-23,Fashion,Shoes,2,5002,23,7703.08,Platinum,Bangalore,Wallet
C1437,O87076,2025-10-27,Home Decor,Carpet,1,12400,7,11532.0,Gold,Bangalore,Wallet
C1384,O34664,2025-09-25,Electronics,Smartphone,3,29713,17,73985.37,Silver,Delhi,Credit Card
C1117,O44147,2025-08-24,Sports,Dumbbells,1,993,18,814.26,Silver,Pune,Net Banking
C1385,O48896,2025-09-02,Sports,Football,3,5739,24,13084.92,Gold,Chennai,Wallet
C1784,O93912,2025-07-17,Home Decor,Lamp,5,5007,23,19276.95,Silver,Hyderabad,Net Banking
C1143,O17015,2026-04-24,Groceries,Milk,2,3122,6,5869.36,Platinum,Pune,Net Banking
C1552,O63425,2025-07-12,Sports,Football,5,4857,29,17242.35,Gold,Bangalore,UPI
C1071,O32335,2026-04-24,Electronics,Smart Watch,1,26884,9,24464.44,Platinum,Pune,Wallet
C1631,O14694,2025-10-15,Groceries,Bread,1,117,2,114.66,Silver,Chennai,Credit Card
C1412,O32527,2025-09-12,Fashion,Jeans,1,6454,10,5808.6,Platinum,Pune,Wallet
C1961,O78231,2026-05-31,Electronics,Laptop,1,23734,29,16851.14,Silver,Chennai,Debit Card
C1466,O91591,2025-09-16,Electronics,Smart Watch,1,40624,26,30061.76,Gold,Delhi,Debit Card
C1001,O72413,2026-02-23,Sports,Yoga Mat,4,847,9,3083.08,Gold,Bangalore,Wallet
C1382,O24072,2025-06-08,Home Decor,Curtains,3,5268,27,11536.92,Platinum,Pune,Net Banking
C1190,O16171,2025-08-13,Electronics,Smart Watch,1,34678,15,29476.3,Platinum,Delhi,UPI
C1385,O65528,2025-12-23,Beauty,Shampoo,1,396,7,368.28,Gold,Delhi,Net Banking
C1837,O74955,2025-11-23,Home Decor,Wall Art,2,8475,9,15424.5,Gold,Chennai,UPI
C1589,O28754,2026-01-29,Fashion,T-Shirt,3,2625,5,7481.25,Gold,Chennai,Credit Card
C1914,O71449,2026-05-11,Groceries,Eggs,4,2268,22,7076.16,Platinum,Delhi,UPI
C1341,O86404,2025-12-01,Electronics,Headphones,5,38352,21,151490.4,Platinum,Chennai,UPI
C1491,O23147,2025-08-11,Electronics,Smartphone,4,78124,18,256246.72,Platinum,Pune,Debit Card
C1619,O58498,2026-03-22,Electronics,Smart Watch,4,74848,19,242507.52,Gold,Hyderabad,Wallet
C1996,O31455,2025-08-23,Fashion,T-Shirt,1,7278,11,6477.42,Platinum,Mumbai,UPI
C1602,O49546,2025-10-17,Home Decor,Lamp,3,18266,26,40550.52,Platinum,Bangalore,Credit Card
C1382,O58335,2025-06-22,Fashion,Jeans,5,1657,4,7953.6,Gold,Hyderabad,Net Banking
C1536,O36491,2025-11-15,Home Decor,Lamp,2,17148,3,33267.12,Platinum,Pune,Net Banking
C1853,O94160,2026-04-02,Home Decor,Lamp,3,9858,6,27799.56,Platinum,Bangalore,Wallet
C1343,O56236,2026-05-05,Sports,Dumbbells,2,4933,21,7794.14,Gold,Hyderabad,UPI
C1233,O87038,2026-04-07,Groceries,Milk,1,1960,4,1881.6,Silver,Mumbai,Net Banking
C1491,O90429,2025-11-18,Groceries,Eggs,5,2755,18,11295.5,Gold,Bangalore,Debit Card
C1408,O74069,2026-03-21,Groceries,Milk,2,920,26,1361.6,Silver,Hyderabad,Credit Card
C1700,O65903,2025-06-09,Groceries,Eggs,3,1408,29,2999.04,Silver,Chennai,Wallet
C1448,O27041,2025-08-19,Home Decor,Lamp,2,4637,28,6677.28,Silver,Hyderabad,Net Banking
C1601,O53022,2025-11-06,Home Decor,Carpet,1,9683,2,9489.34,Silver,Bangalore,UPI
C1647,O59785,2025-12-01,Groceries,Eggs,5,3702,12,16288.8,Platinum,Delhi,Wallet
C1342,O49614,2026-02-07,Beauty,Shampoo,5,9732,1,48173.4,Platinum,Bangalore,Debit Card
C1590,O32349,2026-04-03,Fashion,Jacket,3,3078,25,6925.5,Platinum,Hyderabad,Wallet
C1283,O99522,2025-10-14,Home Decor,Lamp,5,1246,21,4921.7,Silver,Mumbai,Credit Card
C1443,O31221,2025-11-29,Beauty,Perfume,3,4774,18,11744.04,Gold,Pune,UPI
C1640,O91959,2025-10-14,Fashion,Jeans,4,715,17,2373.8,Silver,Mumbai,Wallet
C1571,O97962,2025-11-10,Fashion,T-Shirt,4,6057,23,18655.56,Gold,Chennai,Net Banking
C1085,O16052,2026-04-05,Home Decor,Lamp,5,17478,29,62046.9,Platinum,Pune,UPI
C1304,O83535,2026-05-22,Beauty,Shampoo,3,286,13,746.46,Silver,Chennai,UPI
C1285,O28067,2025-09-24,Beauty,Moisturizer,5,2197,20,8788.0,Silver,Delhi,Wallet
C1784,O48897,2026-04-07,Groceries,Eggs,4,2385,15,8109.0,Gold,Hyderabad,UPI
C1135,O82868,2025-07-17,Home Decor,Wall Art,5,5229,19,21177.45,Gold,Delhi,Wallet
C1585,O14585,2025-06-27,Home Decor,Curtains,2,12240,17,20318.4,Platinum,Bangalore,Wallet
C1581,O82105,2025-07-26,Home Decor,Lamp,5,14800,6,69560.0,Gold,Hyderabad,Wallet
C1789,O63267,2025-09-25,Home Decor,Carpet,4,8542,0,34168.0,Platinum,Bangalore,Debit Card
C1585,O78494,2025-09-28,Home Decor,Lamp,2,4317,30,6043.8,Silver,Delhi,Debit Card
C1939,O48854,2026-05-22,Home Decor,Carpet,4,4105,29,11658.2,Gold,Pune,UPI
C1149,O38469,2025-10-22,Beauty,Perfume,4,1810,14,6226.4,Silver,Chennai,Net Banking
C1162,O69306,2025-08-24,Beauty,Face Wash,2,7357,23,11329.78,Gold,Pune,UPI
C1663,O92820,2026-03-03,Electronics,Laptop,1,7909,4,7592.64,Gold,Delhi,Credit Card
C1644,O78430,2025-12-30,Groceries,Milk,3,701,11,1871.67,Silver,Bangalore,UPI
C1826,O87511,2025-11-27,Electronics,Smartphone,4,42693,29,121248.12,Silver,Pune,Credit Card
C1185,O31133,2025-09-10,Fashion,Jeans,4,1159,22,3616.08,Gold,Chennai,Net Banking
C1798,O36467,2026-03-04,Home Decor,Lamp,3,11545,13,30132.45,Gold,Bangalore,Credit Card
C1383,O63601,2026-05-31,Home Decor,Lamp,2,1026,9,1867.32,Silver,Mumbai,UPI
C1381,O47064,2026-05-27,Groceries,Milk,5,2522,28,9079.2,Platinum,Hyderabad,Debit Card
C1378,O35280,2025-06-14,Electronics,Smart Watch,1,25866,0,25866.0,Gold,Bangalore,Debit Card
C1467,O94122,2025-11-20,Fashion,T-Shirt,2,2173,24,3302.96,Gold,Pune,Debit Card
C1275,O50587,2026-05-19,Fashion,Jacket,5,2263,20,9052.0,Silver,Delhi,Net Banking
C1241,O19202,2025-07-29,Sports,Cricket Bat,1,8370,19,6779.7,Gold,Bangalore,Net Banking
C1036,O62144,2025-07-17,Electronics,Smart Watch,2,17759,21,28059.22,Silver,Bangalore,Debit Card
C1024,O58364,2025-06-12,Electronics,Smartphone,2,32272,3,62607.68,Gold,Mumbai,UPI
C1017,O66945,2026-05-06,Beauty,Face Wash,2,1785,2,3498.6,Silver,Mumbai,UPI
C1351,O47696,2025-11-13,Beauty,Face Wash,2,3981,21,6289.98,Gold,Mumbai,UPI
C1694,O51351,2025-06-15,Sports,Dumbbells,4,6529,8,24026.72,Gold,Bangalore,Net Banking
C1983,O87301,2026-02-09,Beauty,Shampoo,5,2277,3,11043.45,Gold,Hyderabad,UPI
C1518,O89417,2025-09-04,Beauty,Shampoo,3,3948,30,8290.8,Silver,Bangalore,Wallet
C1430,O56081,2026-01-28,Groceries,Eggs,1,892,4,856.32,Platinum,Chennai,Debit Card
C1961,O27515,2025-09-22,Beauty,Perfume,2,1267,26,1875.16,Silver,Hyderabad,Wallet
C1189,O62959,2025-07-08,Sports,Yoga Mat,3,2028,15,5171.4,Gold,Bangalore,Net Banking
C1730,O26942,2026-01-08,Groceries,Bread,3,1988,0,5964.0,Platinum,Hyderabad,Credit Card
C1545,O22262,2026-04-03,Beauty,Shampoo,1,4000,5,3800.0,Platinum,Hyderabad,Wallet
C1173,O39978,2025-12-17,Fashion,Jacket,4,7936,2,31109.12,Platinum,Hyderabad,Net Banking
C1349,O85670,2025-10-25,Electronics,Headphones,3,43216,0,129648.0,Platinum,Delhi,Debit Card
C1395,O26430,2025-11-16,Fashion,Jacket,5,2135,12,9394.0,Silver,Chennai,Net Banking
C1493,O65082,2025-09-23,Fashion,T-Shirt,4,2084,15,7085.6,Platinum,Hyderabad,Debit Card
C1152,O27404,2025-11-07,Sports,Football,3,878,21,2080.86,Silver,Chennai,Net Banking
C1440,O56179,2026-05-24,Fashion,T-Shirt,3,4916,19,11945.88,Silver,Bangalore,Credit Card
C1673,O94179,2025-07-19,Home Decor,Carpet,1,8742,11,7780.38,Gold,Hyderabad,UPI
C1060,O65268,2026-04-20,Home Decor,Carpet,3,8520,10,23004.0,Platinum,Hyderabad,Wallet
C1155,O62366,2025-11-03,Sports,Dumbbells,3,946,28,2043.36,Gold,Hyderabad,Credit Card
C1366,O79832,2025-07-20,Sports,Cricket Bat,1,1243,20,994.4,Silver,Delhi,UPI
C1965,O75315,2026-02-18,Electronics,Headphones,4,46824,1,185423.04,Silver,Mumbai,Wallet
C1749,O86336,2025-07-16,Fashion,Jeans,3,6168,6,17393.76,Gold,Hyderabad,Wallet
C1841,O46046,2025-07-14,Home Decor,Wall Art,4,9052,28,26069.76,Silver,Bangalore,Net Banking
C1289,O47309,2026-04-08,Sports,Dumbbells,1,1854,18,1520.28,Silver,Chennai,Net Banking
C1405,O25508,2025-07-31,Groceries,Bread,2,399,17,662.34,Gold,Pune,Credit Card
C1651,O50919,2026-04-04,Electronics,Headphones,3,47974,1,142482.78,Silver,Delhi,Credit Card
C1672,O99324,2025-06-09,Home Decor,Lamp,3,5833,12,15399.12,Silver,Delhi,Credit Card
C1249,O12625,2025-07-11,Fashion,T-Shirt,3,1632,9,4455.36,Gold,Chennai,Wallet
C1181,O12730,2025-09-01,Electronics,Smart Watch,1,39102,24,29717.52,Gold,Chennai,Wallet
C1443,O57095,2026-03-08,Sports,Football,4,9728,11,34631.68,Platinum,Chennai,Wallet
C1851,O38989,2025-07-19,Sports,Yoga Mat,2,1736,29,2465.12,Platinum,Chennai,Credit Card
C1853,O89479,2026-04-13,Electronics,Headphones,4,42086,0,168344.0,Platinum,Pune,Net Banking
C1025,O62045,2026-01-04,Groceries,Rice,2,1273,15,2164.1,Gold,Bangalore,UPI
C1857,O28555,2025-11-20,Electronics,Laptop,5,20890,2,102361.0,Gold,Mumbai,Credit Card
C1626,O98298,2025-06-07,Fashion,T-Shirt,5,3270,10,14715.0,Gold,Chennai,Wallet
C1952,O42586,2025-08-12,Fashion,Jacket,1,1507,10,1356.3,Silver,Hyderabad,UPI
C1778,O60386,2025-12-18,Sports,Cricket Bat,2,14948,7,27803.28,Platinum,Chennai,Debit Card
C1169,O89688,2025-08-04,Beauty,Moisturizer,4,4844,14,16663.36,Platinum,Chennai,Credit Card
C1621,O90403,2026-04-18,Fashion,Jeans,1,9194,25,6895.5,Platinum,Mumbai,Credit Card
C1050,O40678,2026-03-02,Beauty,Perfume,4,4083,30,11432.4,Silver,Hyderabad,Credit Card
C1095,O53943,2025-11-11,Home Decor,Carpet,1,3087,4,2963.52,Gold,Chennai,UPI
C1030,O37925,2025-09-24,Home Decor,Wall Art,2,19900,18,32636.0,Platinum,Mumbai,UPI
C1782,O37885,2025-11-20,Electronics,Headphones,2,24335,16,40882.8,Silver,Mumbai,Credit Card
C1714,O25607,2025-08-09,Sports,Dumbbells,3,10518,23,24296.58,Platinum,Chennai,Credit Card
C1625,O95021,2025-10-01,Home Decor,Wall Art,4,4681,28,13481.28,Gold,Chennai,Debit Card
C1210,O11981,2026-01-23,Electronics,Smart Watch,1,46934,1,46464.66,Silver,Mumbai,Credit Card
C1438,O68786,2026-03-17,Sports,Yoga Mat,5,15784,9,71817.2,Platinum,Chennai,Credit Card
C1875,O95295,2025-12-05,Groceries,Milk,4,1946,6,7316.96,Silver,Hyderabad,UPI
C1461,O65461,2025-10-25,Beauty,Face Wash,1,3844,6,3613.36,Gold,Delhi,Debit Card
C1991,O95016,2026-03-22,Groceries,Eggs,1,1535,26,1135.9,Silver,Mumbai,Wallet
C1908,O35064,2025-11-19,Sports,Yoga Mat,4,7971,3,30927.48,Silver,Bangalore,Net Banking
C1045,O94267,2025-10-14,Sports,Yoga Mat,4,1260,0,5040.0,Gold,Mumbai,Debit Card
C1964,O60979,2025-07-06,Beauty,Perfume,4,9286,6,34915.36,Platinum,Bangalore,Debit Card
C1972,O56066,2026-04-29,Fashion,T-Shirt,5,2838,14,12203.4,Platinum,Chennai,Debit Card
C1247,O28414,2025-06-20,Groceries,Rice,1,1573,10,1415.7,Gold,Pune,Net Banking
C1125,O86097,2026-03-26,Beauty,Face Wash,4,7184,29,20402.56,Platinum,Bangalore,Wallet
C1365,O93586,2026-02-01,Electronics,Smart Watch,5,33029,25,123858.75,Silver,Chennai,Credit Card
C1754,O55382,2026-03-06,Home Decor,Curtains,1,15756,26,11659.44,Platinum,Pune,Net Banking
C1802,O32972,2026-03-15,Sports,Cricket Bat,2,2714,2,5319.44,Silver,Hyderabad,Wallet
C1356,O85475,2026-05-08,Beauty,Perfume,5,6573,12,28921.2,Gold,Hyderabad,Debit Card
C1163,O16715,2026-04-29,Fashion,Jeans,1,4547,25,3410.25,Silver,Mumbai,UPI
C1981,O41031,2025-09-23,Home Decor,Curtains,2,3322,19,5381.64,Platinum,Delhi,UPI
C1593,O15017,2026-05-22,Fashion,Jacket,4,3442,29,9775.28,Gold,Hyderabad,Wallet
C1195,O56380,2026-04-17,Fashion,Jacket,1,5720,29,4061.2,Platinum,Mumbai,Debit Card
C1297,O56063,2026-02-15,Beauty,Moisturizer,4,608,29,1726.72,Silver,Bangalore,Net Banking
C1361,O53155,2026-05-17,Electronics,Smart Watch,3,45463,10,122750.1,Gold,Delhi,UPI
C1588,O70567,2025-06-28,Beauty,Face Wash,3,6265,21,14848.05,Gold,Chennai,Net Banking
C1465,O31695,2026-01-23,Sports,Cricket Bat,3,7953,21,18848.61,Silver,Delhi,Debit Card
C1544,O46047,2025-10-22,Home Decor,Wall Art,5,10969,15,46618.25,Gold,Chennai,UPI
C1424,O21410,2025-11-03,Home Decor,Curtains,5,7473,17,31012.95,Silver,Mumbai,Net Banking
C1594,O48291,2025-12-13,Sports,Cricket Bat,2,5993,6,11266.84,Silver,Chennai,Credit Card
C1769,O42605,2025-09-01,Beauty,Moisturizer,2,5798,8,10668.32,Platinum,Mumbai,Debit Card
C1962,O95164,2026-03-08,Groceries,Bread,2,1030,6,1936.4,Gold,Mumbai,Credit Card
C1669,O42451,2026-03-30,Groceries,Rice,2,2802,6,5267.76,Platinum,Hyderabad,Wallet
C1503,O14344,2026-02-01,Home Decor,Curtains,1,1650,5,1567.5,Gold,Delhi,Wallet
C1896,O90113,2026-03-31,Fashion,Shoes,5,5416,26,20039.2,Gold,Mumbai,Debit Card
C1006,O66596,2025-06-10,Fashion,Jeans,3,4152,14,10712.16,Silver,Mumbai,Credit Card
C1975,O93751,2025-07-11,Electronics,Smart Watch,4,14550,0,58200.0,Platinum,Chennai,Debit Card
C1631,O16665,2025-10-30,Sports,Yoga Mat,3,1109,0,3327.0,Silver,Mumbai,Debit Card
C1929,O17715,2026-02-09,Beauty,Moisturizer,3,7878,11,21034.26,Platinum,Delhi,Credit Card
C1079,O42092,2025-07-27,Home Decor,Carpet,3,5433,11,14506.11,Silver,Pune,Net Banking
C1562,O47976,2026-05-19,Home Decor,Carpet,5,14797,10,66586.5,Gold,Bangalore,Debit Card
C1740,O67377,2026-05-14,Beauty,Perfume,2,3086,9,5616.52,Platinum,Bangalore,Credit Card
C1350,O15327,2025-09-23,Fashion,Jeans,3,4680,23,10810.8,Silver,Bangalore,Net Banking
C1992,O10388,2025-12-06,Electronics,Smart Watch,5,23701,29,84138.55,Gold,Bangalore,UPI
C1112,O25883,2025-10-03,Beauty,Perfume,2,7161,3,13892.34,Gold,Bangalore,Debit Card
C1569,O52792,2025-10-10,Sports,Football,5,10984,20,43936.0,Platinum,Hyderabad,Credit Card
C1425,O99177,2025-12-05,Beauty,Shampoo,5,275,20,1100.0,Silver,Delhi,Credit Card
C1205,O24503,2025-11-24,Home Decor,Lamp,5,12040,9,54782.0,Gold,Pune,Debit Card
C1985,O49750,2025-11-04,Sports,Yoga Mat,5,7968,24,30278.4,Gold,Mumbai,Debit Card
C1499,O20003,2026-05-24,Groceries,Eggs,5,916,4,4396.8,Silver,Delhi,Net Banking
C1309,O38540,2026-05-20,Beauty,Perfume,4,3574,13,12437.52,Silver,Chennai,UPI
C1683,O93045,2026-03-04,Sports,Yoga Mat,2,2569,23,3956.26,Gold,Delhi,UPI
C1863,O44297,2025-11-26,Groceries,Milk,2,2208,22,3444.48,Gold,Hyderabad,UPI
C1604,O73558,2026-02-09,Fashion,Shoes,1,6736,19,5456.16,Gold,Bangalore,UPI
C1931,O37056,2025-09-09,Fashion,Shoes,4,1952,1,7729.92,Platinum,Hyderabad,Debit Card
C1266,O58284,2025-09-24,Beauty,Face Wash,2,486,28,699.84,Silver,Pune,Wallet
C1837,O77757,2025-09-14,Home Decor,Carpet,5,6265,3,30385.25,Silver,Mumbai,Wallet
C1413,O48603,2025-08-24,Groceries,Eggs,5,634,20,2536.0,Silver,Chennai,Debit Card
C1172,O77083,2025-10-16,Home Decor,Curtains,5,7756,24,29472.8,Platinum,Bangalore,Net Banking
C1628,O61422,2026-02-07,Sports,Football,4,7337,27,21424.04,Silver,Chennai,Net Banking
C1186,O91268,2026-03-29,Electronics,Smartphone,2,71224,7,132476.64,Platinum,Pune,Net Banking
C1687,O79891,2026-03-11,Beauty,Moisturizer,1,368,21,290.72,Silver,Bangalore,Credit Card
C1740,O37873,2026-05-31,Beauty,Perfume,1,3911,5,3715.45,Silver,Pune,UPI
C1994,O59872,2025-07-08,Electronics,Smartphone,5,21000,10,94500.0,Gold,Pune,Debit Card
C1115,O24470,2025-07-09,Sports,Cricket Bat,1,8934,2,8755.32,Platinum,Chennai,Debit Card
C1143,O99607,2025-07-02,Fashion,Jacket,4,6766,30,18944.8,Platinum,Chennai,UPI
C1972,O99213,2026-05-29,Sports,Yoga Mat,1,7750,12,6820.0,Silver,Mumbai,Net Banking
C1852,O95339,2026-05-07,Fashion,Shoes,3,6529,23,15081.99,Gold,Delhi,Net Banking
C1092,O13666,2025-06-14,Home Decor,Carpet,2,8110,3,15733.4,Silver,Pune,Debit Card
C1400,O49604,2026-01-28,Home Decor,Carpet,3,9787,10,26424.9,Silver,Mumbai,Credit Card
C1065,O78744,2026-01-31,Beauty,Moisturizer,3,3130,16,7887.6,Silver,Bangalore,Wallet
C1037,O92117,2025-10-13,Sports,Football,1,9470,30,6629.0,Platinum,Pune,UPI
C1474,O72808,2026-02-20,Beauty,Shampoo,2,2518,25,3777.0,Gold,Delhi,Net Banking
C1603,O70261,2025-11-22,Home Decor,Carpet,5,3512,0,17560.0,Platinum,Chennai,Debit Card
C1508,O56821,2026-05-29,Home Decor,Lamp,4,14232,25,42696.0,Platinum,Mumbai,Credit Card
C1382,O36353,2025-10-25,Fashion,Jacket,1,4206,23,3238.62,Silver,Delhi,UPI
C1837,O90324,2025-08-16,Groceries,Milk,5,588,29,2087.4,Platinum,Mumbai,Credit Card
C1711,O66463,2026-01-26,Home Decor,Wall Art,5,6417,5,30480.75,Silver,Pune,Credit Card
C1399,O40533,2026-04-26,Electronics,Laptop,2,76512,16,128540.16,Platinum,Hyderabad,Debit Card
C1151,O28262,2026-04-02,Electronics,Smartphone,2,86452,17,143510.32,Platinum,Chennai,Credit Card
C1408,O72442,2026-04-20,Sports,Football,1,5843,28,4206.96,Silver,Mumbai,Debit Card
C1916,O88144,2026-01-28,Fashion,T-Shirt,2,3480,15,5916.0,Platinum,Bangalore,Wallet
C1763,O94789,2025-12-26,Home Decor,Wall Art,1,5448,16,4576.32,Silver,Chennai,Net Banking
C1877,O83156,2025-06-24,Beauty,Moisturizer,2,1834,28,2640.96,Silver,Delhi,UPI
C1038,O67227,2026-06-02,Home Decor,Curtains,5,15632,25,58620.0,Platinum,Hyderabad,Wallet
C1098,O48311,2026-03-26,Fashion,Jeans,1,1837,25,1377.75,Gold,Pune,Credit Card
C1395,O75790,2025-11-21,Fashion,T-Shirt,2,9306,21,14703.48,Platinum,Hyderabad,Wallet
C1991,O89936,2026-01-29,Sports,Cricket Bat,2,5787,6,10879.56,Silver,Bangalore,Wallet
C1066,O17146,2025-12-22,Fashion,Shoes,2,5185,4,9955.2,Gold,Hyderabad,Wallet
C1815,O15474,2025-09-20,Beauty,Shampoo,4,7317,26,21658.32,Gold,Chennai,UPI
C1963,O38117,2025-06-21,Sports,Yoga Mat,2,666,30,932.4,Silver,Delhi,UPI
C1993,O63003,2026-04-08,Groceries,Rice,3,1080,15,2754.0,Silver,Pune,UPI
C1518,O95296,2025-06-28,Home Decor,Carpet,2,10608,26,15699.84,Gold,Chennai,Net Banking
C1963,O43434,2025-10-14,Home Decor,Wall Art,5,5368,15,22814.0,Platinum,Chennai,Net Banking
C1390,O30214,2025-12-25,Electronics,Headphones,1,45102,6,42395.88,Silver,Mumbai,Debit Card
C1554,O60297,2025-07-25,Beauty,Shampoo,3,4382,21,10385.34,Silver,Chennai,Credit Card
C1927,O38145,2026-03-11,Home Decor,Curtains,2,10564,20,16902.4,Platinum,Delhi,UPI
C1062,O47114,2026-04-15,Home Decor,Carpet,4,6364,1,25201.44,Gold,Mumbai,UPI
C1319,O94986,2025-08-01,Home Decor,Lamp,3,8870,0,26610.0,Platinum,Hyderabad,Net Banking
C1328,O30642,2026-02-11,Electronics,Headphones,5,33928,17,140801.2,Silver,Delhi,Net Banking
C1170,O37613,2025-12-02,Beauty,Shampoo,4,5355,2,20991.6,Gold,Delhi,Credit Card
C1360,O74723,2026-01-26,Fashion,T-Shirt,3,3132,16,7892.64,Silver,Bangalore,UPI
C1709,O33818,2026-03-28,Sports,Dumbbells,1,1875,9,1706.25,Gold,Hyderabad,UPI
C1692,O65674,2025-12-10,Beauty,Shampoo,5,802,0,4010.0,Platinum,Delhi,Net Banking
C1039,O52130,2025-08-12,Beauty,Face Wash,3,3481,1,10338.57,Silver,Hyderabad,Credit Card
C1929,O60353,2025-09-21,Groceries,Rice,4,648,11,2306.88,Gold,Chennai,UPI
C1842,O31599,2026-02-24,Groceries,Rice,2,766,26,1133.68,Silver,Hyderabad,Debit Card
C1815,O43306,2026-06-01,Electronics,Headphones,5,22844,24,86807.2,Platinum,Bangalore,Credit Card
C1935,O27120,2025-08-30,Home Decor,Lamp,1,19174,19,15530.94,Platinum,Hyderabad,Wallet
C1732,O66302,2026-01-23,Beauty,Face Wash,1,4628,16,3887.52,Platinum,Bangalore,UPI
C1557,O35131,2025-09-25,Groceries,Eggs,1,534,24,405.84,Gold,Chennai,UPI
C1176,O35700,2026-04-06,Electronics,Headphones,5,23505,14,101071.5,Gold,Chennai,Debit Card
C1584,O70054,2025-09-07,Groceries,Bread,4,3092,25,9276.0,Platinum,Hyderabad,Credit Card
C1115,O38477,2026-02-10,Beauty,Perfume,3,4029,25,9065.25,Silver,Bangalore,Net Banking
C1183,O25191,2025-12-15,Groceries,Rice,2,2242,19,3632.04,Gold,Pune,Net Banking
C1318,O66058,2025-07-28,Beauty,Shampoo,4,1743,11,6205.08,Silver,Delhi,UPI
C1148,O97237,2025-06-27,Sports,Football,5,15462,9,70352.1,Platinum,Mumbai,Net Banking
C1148,O40667,2025-10-16,Home Decor,Wall Art,4,8646,29,24554.64,Platinum,Mumbai,Debit Card
C1084,O66766,2025-10-31,Home Decor,Carpet,2,4696,8,8640.64,Silver,Bangalore,Credit Card
C1342,O21396,2025-10-26,Beauty,Shampoo,5,3704,10,16668.0,Platinum,Delhi,Wallet
C1050,O31874,2026-03-18,Beauty,Face Wash,4,3958,19,12823.92,Silver,Pune,UPI
C1375,O52498,2025-12-18,Home Decor,Carpet,4,16050,8,59064.0,Platinum,Bangalore,Debit Card
C1686,O57159,2025-09-18,Fashion,Jeans,5,8120,28,29232.0,Platinum,Delhi,Net Banking
C1325,O68698,2026-02-02,Beauty,Shampoo,4,590,3,2289.2,Silver,Hyderabad,Credit Card
C1467,O86694,2026-04-03,Electronics,Smart Watch,3,91804,8,253379.04,Platinum,Delhi,Wallet
C1786,O10290,2025-10-07,Home Decor,Carpet,3,12002,26,26644.44,Platinum,Hyderabad,UPI
C1183,O75449,2025-09-22,Fashion,Jeans,3,2127,12,5615.28,Gold,Mumbai,UPI
C1878,O87369,2025-12-10,Beauty,Face Wash,2,6830,20,10928.0,Platinum,Delhi,UPI
C1847,O83809,2025-06-15,Sports,Yoga Mat,5,1900,27,6935.0,Platinum,Mumbai,Wallet
C1893,O41461,2025-12-16,Home Decor,Wall Art,4,5188,7,19299.36,Gold,Mumbai,Net Banking
C1291,O53425,2026-04-20,Groceries,Milk,5,1026,18,4206.6,Platinum,Pune,Wallet
C1371,O21970,2026-01-15,Electronics,Laptop,3,18468,17,45985.32,Platinum,Bangalore,UPI
C1265,O52675,2026-04-06,Home Decor,Carpet,5,8377,17,34764.55,Gold,Pune,Debit Card
C1312,O48597,2025-11-15,Home Decor,Curtains,1,15582,29,11063.22,Platinum,Bangalore,Net Banking
C1053,O92637,2026-03-28,Electronics,Smart Watch,1,28462,16,23908.08,Platinum,Pune,Debit Card
C1444,O33806,2025-09-13,Groceries,Eggs,1,1533,25,1149.75,Silver,Bangalore,Debit Card
C1847,O96085,2025-10-14,Sports,Cricket Bat,5,15874,10,71433.0,Platinum,Hyderabad,Net Banking
C1516,O46284,2025-06-17,Fashion,Jeans,1,1384,17,1148.72,Silver,Mumbai,UPI
C1180,O80710,2025-12-27,Beauty,Shampoo,1,6708,24,5098.08,Gold,Mumbai,UPI
C1825,O99857,2025-12-13,Beauty,Perfume,2,4706,2,9223.76,Platinum,Hyderabad,Debit Card
C1815,O65630,2026-05-29,Home Decor,Lamp,1,2898,8,2666.16,Gold,Mumbai,Net Banking
C1323,O13682,2026-02-27,Groceries,Bread,2,542,29,769.64,Silver,Hyderabad,Wallet
C1240,O94199,2025-11-25,Electronics,Laptop,1,48629,10,43766.1,Silver,Mumbai,Wallet
C1580,O62329,2025-09-08,Beauty,Shampoo,2,8790,14,15118.8,Platinum,Delhi,Credit Card
C1498,O84056,2025-07-02,Fashion,Shoes,2,4373,12,7696.48,Silver,Mumbai,Debit Card
C1599,O65589,2026-05-06,Electronics,Headphones,4,16698,19,54101.52,Platinum,Pune,Debit Card
C1467,O50261,2025-10-08,Fashion,Shoes,5,3792,14,16305.6,Gold,Bangalore,Debit Card
C1918,O50922,2025-12-29,Beauty,Perfume,2,675,25,1012.5,Gold,Hyderabad,Wallet
C1096,O36513,2026-05-06,Electronics,Laptop,1,18198,0,18198.0,Gold,Delhi,Debit Card
C1847,O68586,2026-02-26,Beauty,Face Wash,3,939,10,2535.3,Silver,Bangalore,Debit Card
C1616,O92195,2025-08-17,Fashion,Shoes,4,1646,2,6452.32,Platinum,Bangalore,Net Banking
C1298,O17577,2025-10-19,Electronics,Smart Watch,5,41463,16,174144.6,Gold,Mumbai,Net Banking
C1167,O64853,2025-09-24,Electronics,Laptop,2,35923,10,64661.4,Silver,Delhi,Credit Card
C1545,O48694,2025-12-07,Groceries,Rice,3,1963,3,5712.33,Gold,Bangalore,Wallet
C1594,O66606,2025-08-01,Fashion,T-Shirt,4,605,26,1790.8,Silver,Mumbai,Wallet
C1492,O92831,2025-09-02,Fashion,Shoes,1,8308,15,7061.8,Platinum,Delhi,Net Banking
C1243,O71812,2026-05-04,Sports,Yoga Mat,5,2081,28,7491.6,Silver,Hyderabad,Wallet
C1718,O91491,2025-10-02,Fashion,T-Shirt,2,766,9,1394.12,Silver,Hyderabad,UPI
C1287,O87550,2026-04-26,Sports,Dumbbells,3,2221,14,5730.18,Gold,Delhi,UPI
C1755,O99845,2026-02-08,Home Decor,Lamp,4,12787,25,38361.0,Gold,Bangalore,Wallet
C1125,O91329,2026-03-23,Home Decor,Carpet,4,13726,19,44472.24,Gold,Bangalore,Credit Card
C1141,O64438,2026-05-01,Electronics,Laptop,1,66366,7,61720.38,Platinum,Delhi,Debit Card
C1521,O52405,2025-07-01,Electronics,Laptop,5,55134,3,267399.9,Platinum,Bangalore,Wallet
C2000,O37780,2025-06-07,Sports,Cricket Bat,4,5413,0,21652.0,Silver,Chennai,Net Banking
C1968,O21238,2025-08-04,Fashion,Shoes,2,3482,30,4874.8,Silver,Mumbai,Net Banking
C1746,O95901,2026-04-11,Electronics,Smartphone,5,65800,19,266490.0,Platinum,Chennai,Debit Card
C1653,O32319,2025-11-20,Electronics,Smartphone,4,31752,2,124467.84,Gold,Hyderabad,Debit Card
C1339,O44020,2025-07-22,Home Decor,Curtains,4,5302,22,16542.24,Platinum,Bangalore,Wallet
C1799,O14665,2026-04-15,Groceries,Milk,3,1166,17,2903.34,Platinum,Bangalore,Credit Card
C1522,O83205,2026-03-11,Fashion,T-Shirt,1,5452,1,5397.48,Gold,Delhi,Wallet
C1570,O15943,2025-07-22,Sports,Yoga Mat,5,689,4,3307.2,Silver,Hyderabad,Credit Card
C1539,O56771,2025-07-27,Electronics,Laptop,4,17586,24,53461.44,Gold,Mumbai,Debit Card
C1916,O69613,2025-07-06,Home Decor,Carpet,3,7822,29,16660.86,Platinum,Pune,Wallet
C1347,O62294,2025-08-04,Groceries,Milk,5,3384,11,15058.8,Platinum,Pune,UPI
C1753,O70804,2025-10-13,Groceries,Rice,5,276,23,1062.6,Silver,Chennai,Wallet
C1259,O92359,2025-07-07,Fashion,T-Shirt,3,1743,22,4078.62,Silver,Mumbai,Net Banking
C1694,O20277,2025-06-29,Groceries,Bread,4,795,12,2798.4,Gold,Delhi,Debit Card
C1640,O87178,2026-03-28,Groceries,Bread,4,152,14,522.88,Silver,Hyderabad,Credit Card
C1321,O90467,2025-09-13,Sports,Yoga Mat,3,2739,14,7066.62,Gold,Pune,Credit Card
C1282,O72968,2025-11-27,Sports,Football,5,1221,0,6105.0,Gold,Delhi,UPI
C1145,O78254,2025-12-07,Home Decor,Wall Art,2,2042,15,3471.4,Silver,Bangalore,Wallet
C1554,O89217,2026-04-21,Beauty,Face Wash,3,5418,9,14791.14,Gold,Bangalore,UPI
C1333,O69534,2026-04-04,Groceries,Bread,4,2570,24,7812.8,Platinum,Pune,Credit Card
C1316,O72315,2025-12-19,Sports,Cricket Bat,4,4334,13,15082.32,Silver,Delhi,Debit Card
C1153,O81874,2025-06-24,Groceries,Bread,2,2342,26,3466.16,Platinum,Hyderabad,Credit Card
C1952,O24924,2026-05-15,Groceries,Bread,1,970,12,853.6,Silver,Pune,Credit Card
C1197,O86887,2025-09-15,Fashion,Jacket,5,4675,2,22907.5,Gold,Chennai,Wallet
C1997,O60535,2025-10-21,Fashion,T-Shirt,1,7590,30,5313.0,Platinum,Bangalore,Debit Card
C1954,O66126,2026-05-01,Beauty,Face Wash,2,4434,12,7803.84,Silver,Chennai,Net Banking
C1102,O48023,2026-01-27,Fashion,Shoes,4,3723,30,10424.4,Gold,Delhi,Debit Card
C1408,O51173,2026-01-16,Fashion,Jeans,5,4426,19,17925.3,Silver,Hyderabad,Credit Card
C1949,O44932,2026-05-14,Sports,Football,5,1920,14,8256.0,Silver,Delhi,UPI
C1910,O52631,2026-03-25,Sports,Cricket Bat,5,1684,7,7830.6,Gold,Pune,UPI
C1287,O16465,2026-03-22,Electronics,Laptop,4,24299,8,89420.32,Silver,Pune,UPI
C1462,O60506,2025-12-18,Sports,Yoga Mat,4,4330,26,12816.8,Silver,Bangalore,Debit Card
C1164,O85313,2025-06-30,Fashion,Shoes,3,1899,26,4215.78,Gold,Bangalore,Credit Card
C1575,O23580,2025-08-29,Sports,Dumbbells,4,1000,5,3800.0,Silver,Bangalore,UPI
C1906,O56591,2026-04-05,Beauty,Shampoo,5,5172,9,23532.6,Platinum,Mumbai,Wallet
C1483,O65060,2025-09-09,Electronics,Smart Watch,5,24381,18,99962.1,Gold,Mumbai,Net Banking
C1878,O58577,2026-04-30,Sports,Football,3,9657,7,26943.03,Gold,Chennai,Wallet
C1034,O85333,2026-02-15,Sports,Dumbbells,2,8281,29,11759.02,Gold,Hyderabad,Credit Card
C1535,O56164,2026-02-19,Sports,Yoga Mat,1,6949,26,5142.26,Gold,Pune,Wallet
C1075,O24343,2025-12-01,Electronics,Headphones,4,19124,17,63491.68,Silver,Mumbai,Credit Card
C1297,O99506,2026-03-02,Fashion,Shoes,4,6123,10,22042.8,Gold,Mumbai,Net Banking
C1506,O15182,2025-10-11,Fashion,T-Shirt,3,4635,21,10984.95,Silver,Bangalore,Wallet
C1592,O86923,2026-04-15,Sports,Dumbbells,5,5404,12,23777.6,Gold,Pune,Debit Card
C1906,O35113,2025-07-25,Fashion,Jacket,4,4701,7,17487.72,Silver,Chennai,Debit Card
C1111,O94417,2026-01-07,Fashion,Jeans,5,3922,13,17060.7,Platinum,Delhi,Wallet
C1810,O33380,2026-03-09,Fashion,Shoes,5,4293,9,19533.15,Gold,Chennai,Credit Card
C1217,O68328,2025-11-08,Groceries,Rice,1,1669,7,1552.17,Gold,Bangalore,Wallet
C1423,O74474,2025-08-21,Groceries,Eggs,3,174,27,381.06,Silver,Bangalore,UPI
C1700,O67734,2025-07-06,Fashion,Shoes,5,2276,9,10355.8,Silver,Delhi,Net Banking
C1195,O18223,2026-05-29,Sports,Football,2,989,28,1424.16,Silver,Pune,Wallet
C1227,O21609,2025-10-07,Sports,Cricket Bat,2,5467,22,8528.52,Gold,Delhi,Credit Card
C1413,O58281,2025-09-15,Fashion,Jacket,1,4902,13,4264.74,Silver,Mumbai,Debit Card
C1269,O61079,2026-03-26,Home Decor,Lamp,4,8323,20,26633.6,Gold,Delhi,Credit Card
C1627,O45078,2026-05-22,Home Decor,Wall Art,2,6949,9,12647.18,Gold,Pune,UPI
C1410,O44721,2026-02-25,Groceries,Bread,3,396,9,1081.08,Silver,Chennai,Debit Card
C1696,O54250,2026-05-27,Beauty,Moisturizer,4,978,4,3755.52,Gold,Bangalore,Net Banking
C1932,O82427,2025-08-09,Electronics,Laptop,4,22492,30,62977.6,Gold,Hyderabad,Credit Card
C1030,O74064,2025-10-13,Electronics,Smart Watch,4,11990,19,38847.6,Silver,Chennai,Credit Card
C1792,O37705,2025-06-24,Home Decor,Carpet,5,16298,21,64377.1,Platinum,Chennai,Net Banking
C1147,O28217,2026-03-14,Home Decor,Carpet,3,9064,11,24200.88,Gold,Delhi,Credit Card
C1496,O85433,2025-11-11,Fashion,Jacket,4,4098,22,12785.76,Gold,Pune,UPI
C1785,O87354,2025-08-04,Groceries,Eggs,3,3412,8,9417.12,Platinum,Chennai,Net Banking
C1114,O11074,2025-09-22,Beauty,Face Wash,5,9134,8,42016.4,Platinum,Hyderabad,UPI
C1749,O49118,2026-01-29,Electronics,Headphones,1,43426,4,41688.96,Gold,Bangalore,UPI
C1394,O68917,2025-06-16,Beauty,Perfume,1,9922,28,7143.84,Platinum,Hyderabad,Wallet
C1282,O97886,2026-05-24,Home Decor,Carpet,5,16916,13,73584.6,Platinum,Mumbai,Credit Card
C1492,O94653,2026-03-20,Sports,Cricket Bat,4,6598,27,19266.16,Silver,Bangalore,Net Banking
C1254,O72916,2026-04-26,Electronics,Laptop,2,28894,11,51431.32,Silver,Chennai,Credit Card
C1152,O52856,2026-02-05,Sports,Dumbbells,2,6238,15,10604.6,Gold,Bangalore,Debit Card
C1541,O61709,2026-04-02,Fashion,Shoes,4,2874,6,10806.24,Silver,Bangalore,Debit Card
C1129,O96872,2025-07-09,Home Decor,Lamp,3,6058,25,13630.5,Silver,Bangalore,Debit Card
C1404,O71987,2026-04-25,Groceries,Rice,3,3898,23,9004.38,Platinum,Pune,Credit Card
C1219,O54624,2025-08-13,Electronics,Laptop,3,40064,12,105768.96,Platinum,Chennai,Net Banking
C1139,O77805,2026-05-11,Beauty,Moisturizer,4,3526,1,13962.96,Gold,Pune,Debit Card
C1235,O67132,2026-03-17,Home Decor,Carpet,2,14388,13,25035.12,Platinum,Hyderabad,Credit Card
C1407,O32294,2025-10-28,Home Decor,Wall Art,4,5991,9,21807.24,Gold,Pune,Credit Card
C1116,O60554,2025-12-05,Groceries,Milk,1,163,25,122.25,Silver,Bangalore,UPI
C1145,O26282,2026-02-14,Fashion,Jacket,1,8726,6,8202.44,Platinum,Delhi,Net Banking
C1467,O80953,2025-09-11,Electronics,Smartphone,1,44106,6,41459.64,Silver,Hyderabad,Net Banking
C1665,O69167,2026-01-13,Sports,Cricket Bat,1,4406,0,4406.0,Silver,Bangalore,UPI
C1652,O84418,2025-09-16,Groceries,Milk,4,2524,28,7269.12,Platinum,Mumbai,Net Banking
C1529,O42166,2025-10-31,Home Decor,Wall Art,4,4094,8,15065.92,Silver,Hyderabad,Debit Card
C1474,O97789,2025-08-27,Fashion,T-Shirt,3,5085,13,13271.85,Gold,Pune,Credit Card
C1372,O43355,2025-09-19,Beauty,Perfume,4,1146,22,3575.52,Gold,Hyderabad,Net Banking
C1493,O80783,2025-10-27,Electronics,Laptop,1,52822,15,44898.7,Platinum,Bangalore,UPI
C1787,O26760,2026-04-26,Sports,Cricket Bat,5,3385,16,14217.0,Silver,Chennai,Debit Card
C1494,O20312,2025-06-15,Groceries,Milk,2,1624,3,3150.56,Platinum,Pune,Debit Card
C1229,O33483,2025-10-12,Sports,Yoga Mat,3,13762,10,37157.4,Platinum,Delhi,Debit Card
C1994,O31804,2026-01-01,Sports,Yoga Mat,4,1154,5,4385.2,Platinum,Chennai,Wallet
C1459,O37686,2025-10-17,Electronics,Smart Watch,4,13162,10,47383.2,Platinum,Chennai,Credit Card
C1822,O71723,2026-01-01,Sports,Dumbbells,2,9211,20,14737.6,Gold,Chennai,Net Banking
C1979,O66014,2026-05-06,Groceries,Milk,1,1932,6,1816.08,Platinum,Bangalore,Net Banking
C1428,O10621,2025-07-25,Fashion,Shoes,4,6518,1,25811.28,Platinum,Hyderabad,UPI
C1178,O21607,2025-10-15,Sports,Football,2,2837,4,5447.04,Silver,Pune,Wallet
C1318,O55335,2025-11-06,Beauty,Shampoo,1,6070,7,5645.1,Platinum,Hyderabad,UPI
C1918,O23194,2026-03-14,Sports,Cricket Bat,5,3513,14,15105.9,Gold,Pune,Wallet
C1696,O92561,2026-05-04,Electronics,Laptop,2,13370,29,18985.4,Silver,Hyderabad,Wallet
C1431,O51803,2025-12-28,Groceries,Bread,5,707,9,3216.85,Silver,Bangalore,Net Banking
C1490,O35098,2025-11-07,Electronics,Headphones,4,25118,23,77363.44,Platinum,Pune,Credit Card
C1571,O49079,2025-11-22,Beauty,Shampoo,4,2206,19,7147.44,Gold,Chennai,Credit Card
C1040,O62496,2026-02-17,Fashion,Jeans,4,1603,29,4552.52,Gold,Delhi,Debit Card
C1422,O65808,2025-07-06,Fashion,Jeans,3,2330,15,5941.5,Platinum,Mumbai,Net Banking
C1216,O79281,2025-07-13,Home Decor,Curtains,2,5858,28,8435.52,Platinum,Delhi,UPI
C1092,O35751,2026-04-27,Home Decor,Wall Art,5,13924,1,68923.8,Gold,Bangalore,Credit Card
C1114,O12783,2026-04-05,Electronics,Laptop,1,40895,19,33124.95,Silver,Bangalore,UPI
C1001,O86739,2026-04-19,Fashion,Jacket,2,954,21,1507.32,Silver,Pune,Credit Card
C1738,O97571,2026-03-14,Fashion,T-Shirt,1,6978,9,6349.98,Platinum,Delhi,UPI
C1683,O20514,2026-02-20,Sports,Dumbbells,1,2910,21,2298.9,Silver,Hyderabad,Net Banking
C1103,O38976,2026-02-05,Beauty,Moisturizer,2,1022,10,1839.6,Platinum,Mumbai,Wallet
C1964,O48228,2025-09-12,Groceries,Bread,2,3804,22,5934.24,Platinum,Pune,UPI
C1732,O88753,2025-10-02,Fashion,Jacket,1,7264,14,6247.04,Gold,Delhi,Net Banking
C1244,O19777,2025-11-15,Home Decor,Wall Art,3,6732,13,17570.52,Gold,Mumbai,UPI
C1921,O73280,2026-03-21,Electronics,Smart Watch,5,41676,5,197961.0,Platinum,Pune,Debit Card
C1683,O11888,2026-02-12,Beauty,Moisturizer,5,1889,22,7367.1,Silver,Mumbai,Wallet
C1731,O59623,2025-08-08,Electronics,Smartphone,1,21313,0,21313.0,Gold,Chennai,Net Banking
C1070,O31215,2025-09-11,Electronics,Smartphone,2,25658,24,39000.16,Platinum,Hyderabad,UPI
C1077,O16386,2025-09-16,Fashion,Shoes,2,4957,28,7138.08,Silver,Pune,Debit Card
C1822,O23181,2026-05-10,Sports,Football,5,5400,17,22410.0,Platinum,Hyderabad,Debit Card
C1040,O14730,2025-11-11,Sports,Yoga Mat,5,2078,10,9351.0,Platinum,Hyderabad,Net Banking
C1219,O83573,2025-12-06,Fashion,Jeans,1,3214,4,3085.44,Gold,Hyderabad,Net Banking
C1180,O82510,2026-01-04,Beauty,Perfume,3,6082,24,13866.96,Gold,Pune,Debit Card
C1533,O56731,2026-05-29,Home Decor,Lamp,3,7224,10,19504.8,Silver,Bangalore,UPI
C1799,O69111,2025-08-05,Sports,Cricket Bat,1,5828,13,5070.36,Silver,Delhi,Debit Card
C1821,O12964,2026-01-26,Electronics,Laptop,2,22599,26,33446.52,Silver,Pune,UPI
C1013,O37802,2026-02-11,Groceries,Rice,4,354,23,1090.32,Platinum,Delhi,UPI
C1411,O37958,2025-08-07,Fashion,T-Shirt,2,2641,12,4648.16,Gold,Hyderabad,Wallet
C1620,O41386,2026-01-09,Beauty,Perfume,3,3834,10,10351.8,Gold,Pune,Net Banking
C1623,O71864,2026-06-01,Beauty,Moisturizer,4,3099,19,10040.76,Gold,Pune,Net Banking
C1787,O85520,2025-08-15,Home Decor,Curtains,3,13317,27,29164.23,Gold,Chennai,Debit Card
C1056,O10209,2025-08-19,Beauty,Shampoo,4,1692,16,5685.12,Platinum,Delhi,Debit Card
C1008,O23085,2025-06-11,Home Decor,Carpet,5,2938,22,11458.2,Gold,Mumbai,Net Banking
C1919,O78965,2026-02-09,Electronics,Laptop,2,74228,17,123218.48,Platinum,Hyderabad,Wallet
C1233,O37810,2026-04-15,Home Decor,Curtains,4,10598,23,32641.84,Platinum,Bangalore,Credit Card
C1974,O69075,2025-06-27,Sports,Dumbbells,3,4045,4,11649.6,Gold,Pune,Credit Card
C1998,O84550,2025-07-05,Sports,Yoga Mat,3,2713,22,6348.42,Gold,Delhi,Debit Card
C1809,O21060,2026-05-22,Home Decor,Wall Art,1,17610,24,13383.6,Platinum,Bangalore,Credit Card
C1058,O66650,2026-03-20,Home Decor,Wall Art,2,17930,6,33708.4,Platinum,Hyderabad,Debit Card
C1438,O49049,2026-05-24,Beauty,Shampoo,2,2778,12,4889.28,Silver,Pune,Credit Card
C1964,O98233,2025-07-02,Groceries,Rice,5,1095,27,3996.75,Silver,Chennai,Credit Card
C1847,O67293,2025-11-22,Groceries,Rice,1,3842,21,3035.18,Platinum,Pune,Debit Card
C1889,O52444,2025-09-06,Groceries,Milk,4,438,4,1681.92,Platinum,Chennai,UPI
C1535,O50319,2025-08-17,Home Decor,Wall Art,2,2225,2,4361.0,Silver,Mumbai,UPI
C1722,O16391,2025-12-11,Beauty,Face Wash,5,5600,15,23800.0,Platinum,Pune,Credit Card
C1671,O85557,2026-02-19,Beauty,Perfume,1,4310,27,3146.3,Platinum,Hyderabad,Debit Card
C1203,O11120,2026-06-03,Electronics,Headphones,3,86762,5,247271.7,Platinum,Bangalore,Debit Card
C1198,O12565,2025-06-11,Fashion,Jeans,4,6297,5,23928.6,Gold,Chennai,Debit Card
C1607,O32823,2026-01-28,Groceries,Eggs,3,1564,25,3519.0,Gold,Delhi,UPI
C1618,O94917,2025-06-25,Sports,Football,3,10480,15,26724.0,Platinum,Bangalore,Wallet
C1571,O39077,2025-10-09,Groceries,Rice,1,1885,3,1828.45,Silver,Mumbai,Wallet
C1757,O31583,2026-03-07,Sports,Yoga Mat,3,5160,7,14396.4,Platinum,Pune,Wallet
C1189,O42709,2025-12-01,Fashion,T-Shirt,5,6469,17,26846.35,Gold,Pune,Debit Card
C1662,O56066,2025-08-01,Home Decor,Lamp,2,9369,26,13866.12,Silver,Hyderabad,Wallet
C1275,O90914,2026-01-03,Sports,Cricket Bat,5,5115,28,18414.0,Silver,Chennai,Wallet
C1072,O68187,2025-06-07,Fashion,Shoes,4,1006,0,4024.0,Gold,Bangalore,Credit Card
C1651,O77356,2026-05-17,Groceries,Bread,5,3808,16,15993.6,Platinum,Mumbai,Wallet
C1216,O47422,2026-05-15,Groceries,Milk,1,1746,18,1431.72,Platinum,Chennai,Wallet
C1136,O75200,2025-06-09,Fashion,Shoes,1,9904,9,9012.64,Platinum,Bangalore,Net Banking
C1367,O34510,2025-12-25,Fashion,Jeans,2,5022,13,8738.28,Platinum,Pune,Debit Card
C1505,O91718,2025-07-26,Home Decor,Wall Art,2,5484,10,9871.2,Platinum,Mumbai,Credit Card
C1977,O71808,2026-04-28,Electronics,Laptop,2,20592,27,30064.32,Silver,Bangalore,Debit Card
C1206,O69747,2025-09-17,Electronics,Laptop,2,8746,17,14518.36,Gold,Mumbai,Wallet
C1441,O49409,2025-07-28,Sports,Dumbbells,1,5060,3,4908.2,Silver,Mumbai,Debit Card
C1659,O26923,2026-01-05,Fashion,T-Shirt,4,6262,12,22042.24,Gold,Chennai,Debit Card
C1128,O97360,2025-07-29,Groceries,Rice,2,1967,17,3265.22,Silver,Delhi,Wallet
C1417,O63609,2025-10-25,Beauty,Perfume,5,3880,27,14162.0,Gold,Bangalore,Net Banking
C1311,O11241,2025-09-04,Fashion,Jeans,1,1156,11,1028.84,Platinum,Bangalore,Net Banking
C1820,O17732,2025-11-10,Electronics,Laptop,5,62070,24,235866.0,Gold,Pune,Credit Card
C1841,O55797,2026-01-06,Groceries,Bread,5,1110,30,3885.0,Gold,Mumbai,Credit Card
C1907,O12430,2025-09-28,Sports,Yoga Mat,1,895,21,707.05,Gold,Chennai,Wallet
C1705,O73531,2025-07-12,Electronics,Smart Watch,5,88656,8,407817.6,Platinum,Delhi,UPI
C1891,O91132,2026-05-19,Beauty,Shampoo,5,7080,25,26550.0,Platinum,Chennai,Credit Card
C1597,O79353,2026-02-28,Sports,Yoga Mat,3,2772,0,8316.0,Silver,Mumbai,Wallet
C1945,O65674,2025-12-02,Sports,Cricket Bat,1,6510,18,5338.2,Gold,Delhi,Net Banking
C1032,O82340,2025-09-03,Home Decor,Carpet,1,2670,16,2242.8,Platinum,Bangalore,Wallet
C1570,O28812,2025-10-07,Sports,Football,3,1733,20,4159.2,Silver,Hyderabad,Credit Card
C1527,O22020,2025-07-28,Electronics,Headphones,2,27984,6,52609.92,Gold,Chennai,Wallet
C1697,O41611,2026-01-09,Electronics,Smartphone,2,49661,15,84423.7,Silver,Bangalore,Credit Card
C1027,O40265,2025-06-05,Fashion,Jeans,5,868,0,4340.0,Silver,Pune,Credit Card
C1699,O17307,2025-11-18,Beauty,Moisturizer,5,2881,8,13252.6,Silver,Mumbai,Net Banking
C1386,O17489,2025-10-05,Sports,Cricket Bat,2,9877,7,18371.22,Gold,Chennai,UPI
C1377,O50588,2025-12-11,Groceries,Eggs,1,521,23,401.17,Silver,Pune,Debit Card
C1021,O39653,2026-04-07,Electronics,Headphones,2,41678,19,67518.36,Silver,Chennai,UPI
C1925,O74479,2025-08-06,Sports,Cricket Bat,5,1407,10,6331.5,Silver,Mumbai,UPI
C1432,O40824,2025-09-19,Sports,Dumbbells,3,5863,0,17589.0,Silver,Delhi,Wallet
C1284,O75109,2026-03-28,Home Decor,Carpet,3,8955,28,19342.8,Gold,Bangalore,Debit Card
C1929,O51059,2026-01-28,Beauty,Perfume,4,4274,22,13334.88,Silver,Chennai,Net Banking
C1162,O25024,2026-05-24,Fashion,T-Shirt,4,4995,16,16783.2,Gold,Hyderabad,Net Banking
C1390,O92721,2025-10-13,Home Decor,Carpet,2,1321,18,2166.44,Silver,Mumbai,Debit Card
C1026,O18371,2025-11-22,Sports,Dumbbells,1,10936,24,8311.36,Gold,Mumbai,Wallet
C1245,O25624,2025-12-03,Sports,Yoga Mat,2,5074,13,8828.76,Silver,Pune,UPI
C1492,O40797,2026-02-13,Sports,Yoga Mat,5,6100,11,27145.0,Silver,Delhi,Net Banking
C1978,O43262,2025-09-24,Home Decor,Curtains,3,9578,9,26147.94,Platinum,Delhi,Debit Card
C1362,O10434,2026-05-07,Groceries,Eggs,1,3744,23,2882.88,Platinum,Bangalore,Credit Card
C1336,O35310,2025-07-04,Beauty,Shampoo,2,2208,23,3400.32,Gold,Hyderabad,Debit Card
C1904,O72384,2025-12-04,Sports,Cricket Bat,3,1390,13,3627.9,Platinum,Bangalore,Wallet
C1876,O85663,2025-10-22,Electronics,Laptop,2,45447,19,73624.14,Silver,Bangalore,Credit Card
C1602,O46740,2025-12-03,Electronics,Headphones,3,48225,3,140334.75,Gold,Mumbai,Wallet
C1263,O17261,2025-10-29,Beauty,Shampoo,5,2776,13,12075.6,Silver,Delhi,UPI
C1139,O45790,2026-04-03,Fashion,Shoes,4,5408,6,20334.08,Platinum,Chennai,Credit Card
C1979,O94207,2026-03-07,Fashion,Jacket,4,6942,26,20548.32,Platinum,Bangalore,UPI
C1438,O52196,2026-03-22,Groceries,Rice,3,1078,7,3007.62,Platinum,Mumbai,UPI
C1380,O19034,2026-03-16,Sports,Football,1,1023,4,982.08,Gold,Chennai,Debit Card
C1641,O46852,2025-07-22,Sports,Football,3,4096,7,11427.84,Silver,Mumbai,Net Banking
C1041,O92562,2025-07-04,Groceries,Bread,1,3520,8,3238.4,Platinum,Bangalore,Wallet
C1653,O18215,2026-01-18,Groceries,Bread,1,1358,21,1072.82,Platinum,Hyderabad,Net Banking
C1158,O21476,2025-07-25,Fashion,Jacket,2,4791,9,8719.62,Silver,Bangalore,Debit Card
C1841,O68515,2025-12-31,Beauty,Moisturizer,5,3842,10,17289.0,Silver,Pune,Net Banking
C1220,O60157,2025-11-04,Groceries,Eggs,3,1212,28,2617.92,Platinum,Bangalore,UPI
C1291,O87557,2026-06-03,Beauty,Perfume,1,1734,4,1664.64,Silver,Chennai,Credit Card
C1091,O94452,2026-05-17,Groceries,Rice,2,639,1,1265.22,Silver,Chennai,Credit Card
C1388,O16818,2025-06-05,Home Decor,Wall Art,2,5122,24,7785.44,Gold,Hyderabad,Wallet
C1702,O39113,2025-12-06,Sports,Cricket Bat,3,8902,13,23234.22,Platinum,Bangalore,UPI
C1081,O88545,2025-10-18,Sports,Dumbbells,3,5532,14,14272.56,Silver,Hyderabad,Debit Card
C1387,O82515,2025-10-02,Sports,Dumbbells,5,3767,7,17516.55,Silver,Pune,Net Banking
C1618,O11960,2025-06-17,Fashion,T-Shirt,3,1024,10,2764.8,Platinum,Chennai,Net Banking
C1651,O13521,2025-10-29,Beauty,Shampoo,4,226,10,813.6,Silver,Chennai,Net Banking
C1387,O65727,2025-10-08,Groceries,Milk,5,316,21,1248.2,Platinum,Chennai,UPI
C1062,O40106,2026-05-18,Groceries,Milk,1,1470,12,1293.6,Gold,Hyderabad,Credit Card
C1006,O63243,2026-01-09,Groceries,Eggs,3,2481,13,6475.41,Gold,Chennai,Net Banking
C1142,O19327,2026-04-10,Beauty,Perfume,5,3721,15,15814.25,Silver,Bangalore,Credit Card
C1305,O33393,2026-02-04,Beauty,Perfume,5,1264,30,4424.0,Gold,Hyderabad,Credit Card
C1741,O20188,2025-06-30,Beauty,Shampoo,2,1812,22,2826.72,Platinum,Delhi,Net Banking
C1757,O93392,2025-06-10,Sports,Cricket Bat,4,7590,2,29752.8,Platinum,Hyderabad,UPI
C1066,O90756,2026-03-13,Fashion,Jeans,3,4271,23,9866.01,Silver,Bangalore,Net Banking
C1912,O98175,2026-04-04,Groceries,Milk,2,2632,28,3790.08,Gold,Chennai,Net Banking
C1610,O93918,2026-04-25,Home Decor,Lamp,1,10332,1,10228.68,Gold,Mumbai,Net Banking
C1335,O82877,2026-04-09,Sports,Yoga Mat,4,7747,9,28199.08,Gold,Pune,Wallet
C1833,O67502,2025-08-18,Home Decor,Wall Art,2,10846,19,17570.52,Platinum,Chennai,UPI
C1308,O73346,2025-09-05,Sports,Football,4,5652,19,18312.48,Platinum,Pune,Wallet
C1023,O90225,2026-04-22,Fashion,Jeans,4,4091,7,15218.52,Silver,Delhi,Wallet
C1374,O80777,2026-04-06,Home Decor,Carpet,2,11328,8,20843.52,Gold,Mumbai,Credit Card
C1027,O63370,2025-07-25,Beauty,Perfume,1,2488,2,2438.24,Silver,Pune,Debit Card
C1167,O36712,2026-01-29,Sports,Cricket Bat,5,7944,0,39720.0,Gold,Chennai,Wallet
C1240,O16405,2025-09-14,Home Decor,Curtains,2,10152,6,19085.76,Gold,Chennai,Credit Card
C1238,O78669,2025-10-19,Home Decor,Lamp,5,6483,23,24959.55,Gold,Delhi,Debit Card
C1149,O70764,2025-09-26,Electronics,Headphones,5,27170,16,114114.0,Silver,Pune,Net Banking
C1915,O93677,2026-04-02,Electronics,Laptop,1,19732,23,15193.64,Platinum,Delhi,Wallet
C1273,O44443,2025-08-10,Home Decor,Lamp,1,9774,28,7037.28,Silver,Delhi,Credit Card
C1560,O83417,2025-11-04,Home Decor,Wall Art,5,15264,3,74030.4,Platinum,Chennai,Debit Card
C1985,O77609,2026-02-18,Beauty,Face Wash,4,4722,29,13410.48,Gold,Bangalore,Credit Card
C1077,O56301,2025-11-29,Sports,Football,1,3378,20,2702.4,Platinum,Delhi,Wallet
C1486,O37729,2025-09-20,Groceries,Rice,3,2481,18,6103.26,Gold,Mumbai,Credit Card
C1213,O16031,2025-12-19,Beauty,Shampoo,3,3439,24,7840.92,Silver,Pune,Net Banking
C1938,O91653,2025-10-17,Electronics,Headphones,4,22216,3,86198.08,Platinum,Pune,Net Banking
C1661,O88864,2026-03-11,Electronics,Smartphone,4,11923,6,44830.48,Gold,Delhi,UPI
C1970,O60183,2026-03-14,Fashion,Shoes,5,4800,9,21840.0,Platinum,Pune,Credit Card
C1031,O53535,2025-08-02,Electronics,Smartphone,2,45672,15,77642.4,Platinum,Bangalore,UPI
C1934,O76054,2026-01-02,Home Decor,Lamp,5,6834,23,26310.9,Gold,Hyderabad,Credit Card
C1555,O41808,2025-09-06,Fashion,T-Shirt,3,3654,27,8002.26,Gold,Chennai,Wallet
C1513,O43848,2025-09-29,Electronics,Smartphone,2,25183,13,43818.42,Silver,Delhi,Credit Card
C1097,O78188,2026-02-15,Sports,Cricket Bat,2,3441,27,5023.86,Gold,Mumbai,Wallet
C1963,O47623,2025-07-31,Electronics,Smart Watch,2,44160,0,88320.0,Platinum,Chennai,Net Banking
C1766,O61477,2025-09-09,Beauty,Shampoo,2,2605,6,4897.4,Gold,Chennai,Wallet
C1770,O90113,2025-12-28,Electronics,Smartphone,2,16274,5,30920.6,Silver,Chennai,Debit Card
C1019,O49884,2025-08-05,Beauty,Moisturizer,1,3664,10,3297.6,Platinum,Mumbai,UPI
C1326,O49297,2026-01-08,Beauty,Face Wash,1,5752,21,4544.08,Platinum,Mumbai,Credit Card
C1969,O10119,2025-08-28,Groceries,Bread,3,1648,12,4350.72,Silver,Mumbai,UPI
C1928,O52449,2026-02-06,Fashion,Shoes,5,7429,8,34173.4,Gold,Hyderabad,Net Banking
C1548,O11460,2025-12-03,Electronics,Smartphone,1,48506,9,44140.46,Platinum,Delhi,Credit Card
C1223,O40573,2025-11-28,Home Decor,Curtains,5,13129,0,65645.0,Gold,Hyderabad,UPI
C1581,O61071,2026-01-07,Electronics,Smartphone,5,38766,7,180261.9,Platinum,Mumbai,Debit Card
C1149,O13933,2025-09-04,Home Decor,Lamp,5,17136,6,80539.2,Platinum,Hyderabad,Wallet
C1213,O53104,2025-10-12,Electronics,Laptop,3,55308,15,141035.4,Platinum,Chennai,Net Banking
C1885,O19624,2025-09-01,Home Decor,Curtains,4,18598,19,60257.52,Platinum,Chennai,UPI
C1302,O92212,2025-10-28,Home Decor,Carpet,4,12194,24,37069.76,Platinum,Pune,Debit Card
C1106,O40867,2025-07-24,Groceries,Milk,1,406,6,381.64,Platinum,Delhi,Wallet
C1380,O60295,2025-09-22,Groceries,Rice,2,2152,24,3271.04,Gold,Bangalore,Debit Card
C1713,O29830,2026-01-08,Beauty,Shampoo,1,2082,20,1665.6,Silver,Hyderabad,Net Banking
C1994,O82697,2026-02-21,Groceries,Bread,4,991,23,3052.28,Gold,Chennai,Wallet
C1566,O45899,2026-03-22,Beauty,Shampoo,3,5194,3,15114.54,Gold,Delhi,Wallet
C1877,O42038,2025-10-03,Sports,Yoga Mat,4,3285,10,11826.0,Gold,Mumbai,UPI
C1489,O12347,2026-04-05,Groceries,Eggs,1,1264,22,985.92,Platinum,Mumbai,Wallet
C1120,O18206,2026-06-02,Home Decor,Carpet,5,6168,2,30223.2,Platinum,Hyderabad,Net Banking
C1420,O31954,2026-04-24,Home Decor,Lamp,2,4589,22,7158.84,Silver,Bangalore,Net Banking
C1203,O30203,2026-01-27,Electronics,Headphones,3,17182,15,43814.1,Silver,Pune,Credit Card
C1377,O59506,2026-03-27,Sports,Dumbbells,5,920,24,3496.0,Silver,Chennai,UPI
C1306,O31839,2026-04-29,Home Decor,Wall Art,5,7792,21,30778.4,Platinum,Hyderabad,Net Banking
C1647,O33739,2025-07-25,Groceries,Bread,1,679,16,570.36,Silver,Chennai,UPI
C1713,O95503,2025-10-27,Groceries,Rice,3,1594,24,3634.32,Gold,Bangalore,Debit Card
C1246,O74419,2026-02-11,Groceries,Eggs,2,1788,16,3003.84,Silver,Mumbai,Net Banking
C1537,O55112,2026-03-04,Home Decor,Curtains,4,2450,17,8134.0,Platinum,Mumbai,UPI
C1492,O27876,2026-02-12,Beauty,Shampoo,1,1680,14,1444.8,Gold,Hyderabad,Net Banking
C1871,O57931,2025-08-06,Groceries,Rice,2,2944,12,5181.44,Platinum,Hyderabad,Debit Card
C1063,O98005,2025-08-30,Groceries,Rice,4,714,19,2313.36,Gold,Delhi,Wallet
C1973,O39325,2025-12-22,Fashion,Jeans,3,4938,10,13332.6,Silver,Chennai,Net Banking
C1486,O89303,2025-07-26,Sports,Yoga Mat,1,2179,12,1917.52,Silver,Pune,Wallet
C1297,O13336,2025-11-29,Electronics,Laptop,2,8888,9,16176.16,Silver,Pune,Wallet
C1225,O16890,2026-03-18,Home Decor,Carpet,5,12387,16,52025.4,Gold,Bangalore,Credit Card
C1549,O42636,2025-09-06,Beauty,Shampoo,1,4398,0,4398.0,Gold,Delhi,Wallet
C1590,O56652,2025-08-11,Groceries,Milk,3,1009,8,2784.84,Silver,Delhi,Wallet
C1745,O68981,2025-10-12,Home Decor,Wall Art,1,4714,16,3959.76,Gold,Chennai,Wallet
C1857,O38868,2026-03-07,Home Decor,Carpet,3,1915,6,5400.3,Silver,Bangalore,UPI
C1071,O15939,2025-08-07,Fashion,T-Shirt,3,8968,7,25020.72,Platinum,Bangalore,Credit Card
C1090,O63879,2025-08-12,Home Decor,Wall Art,3,12504,1,37136.88,Platinum,Mumbai,Net Banking
C1033,O75358,2025-10-14,Sports,Dumbbells,3,5326,23,12303.06,Silver,Delhi,Credit Card
C1379,O97112,2025-08-04,Groceries,Rice,1,818,15,695.3,Silver,Bangalore,Net Banking
C1271,O30357,2025-08-30,Beauty,Moisturizer,5,5269,3,25554.65,Gold,Delhi,Credit Card
C1537,O76591,2025-10-01,Beauty,Moisturizer,5,948,18,3886.8,Silver,Chennai,Debit Card
C1808,O38212,2025-10-20,Groceries,Bread,5,475,25,1781.25,Silver,Delhi,Credit Card
C1255,O26937,2026-01-13,Groceries,Eggs,4,100,13,348.0,Silver,Pune,UPI
C1739,O47501,2025-09-26,Beauty,Shampoo,3,9180,26,20379.6,Platinum,Chennai,Net Banking
C1200,O16266,2026-01-19,Sports,Football,3,4288,27,9390.72,Platinum,Pune,Net Banking
C1900,O27439,2025-08-20,Electronics,Headphones,5,40106,4,192508.8,Silver,Bangalore,Wallet
C1214,O22161,2025-11-07,Groceries,Milk,3,751,25,1689.75,Gold,Delhi,Debit Card
C1877,O76356,2025-11-10,Fashion,T-Shirt,4,2695,22,8408.4,Silver,Pune,Net Banking
C1545,O45073,2026-04-04,Sports,Yoga Mat,4,5331,2,20897.52,Gold,Chennai,Debit Card
C1873,O10161,2026-05-15,Electronics,Laptop,1,34151,8,31418.92,Silver,Pune,Net Banking
C1748,O74512,2026-06-03,Beauty,Moisturizer,2,3302,30,4622.8,Platinum,Mumbai,Wallet
C1549,O69296,2026-01-25,Sports,Cricket Bat,4,11328,17,37608.96,Gold,Hyderabad,UPI
C1800,O83815,2025-12-25,Electronics,Smart Watch,5,18418,29,65383.9,Silver,Hyderabad,Wallet
C1265,O59101,2026-03-21,Electronics,Smart Watch,4,62322,11,221866.32,Gold,Delhi,Wallet
C1923,O97359,2025-12-30,Sports,Yoga Mat,5,8028,20,32112.0,Platinum,Hyderabad,Debit Card
C1197,O82119,2026-05-23,Electronics,Smart Watch,5,40484,17,168008.6,Platinum,Delhi,Credit Card
C1910,O67458,2025-11-21,Sports,Dumbbells,1,5617,9,5111.47,Gold,Pune,Wallet
C1023,O53590,2025-10-11,Beauty,Perfume,5,9804,4,47059.2,Platinum,Pune,Wallet
C1021,O39975,2025-12-20,Home Decor,Lamp,2,12511,1,24771.78,Gold,Bangalore,UPI
C1126,O59211,2025-12-12,Groceries,Rice,1,1902,12,1673.76,Gold,Hyderabad,Wallet
C1737,O15081,2025-11-26,Fashion,Jeans,5,3771,2,18477.9,Silver,Delhi,Net Banking
C1291,O63774,2025-07-28,Sports,Football,4,4590,5,17442.0,Gold,Delhi,Net Banking
C1462,O87042,2025-08-06,Home Decor,Carpet,4,1295,25,3885.0,Silver,Chennai,Net Banking
C1850,O67195,2025-09-12,Beauty,Perfume,5,4087,1,20230.65,Silver,Delhi,Credit Card
C1198,O88188,2025-11-17,Electronics,Smartphone,4,5928,2,23237.76,Silver,Mumbai,Net Banking
C1775,O50733,2026-02-12,Home Decor,Curtains,3,5008,27,10967.52,Silver,Hyderabad,Credit Card
C1684,O13497,2026-01-29,Beauty,Perfume,4,7920,11,28195.2,Platinum,Pune,UPI
C1952,O30144,2025-08-18,Groceries,Milk,1,1241,0,1241.0,Silver,Delhi,Credit Card
C1773,O99007,2026-03-09,Groceries,Rice,5,1467,20,5868.0,Gold,Bangalore,Net Banking
C1414,O13556,2025-07-04,Fashion,Jeans,4,9456,4,36311.04,Platinum,Pune,Credit Card
C1679,O54558,2026-01-01,Fashion,Shoes,4,1678,26,4966.88,Gold,Hyderabad,Net Banking
C1613,O52906,2026-05-01,Groceries,Rice,5,2829,13,12306.15,Gold,Chennai,Credit Card
C1758,O47497,2025-06-05,Fashion,Jacket,5,4514,16,18958.8,Silver,Bangalore,Credit Card
C1672,O88597,2025-08-21,Home Decor,Wall Art,2,3462,3,6716.28,Silver,Pune,Credit Card
C1908,O67875,2025-11-10,Fashion,Jeans,3,3949,13,10306.89,Silver,Mumbai,Wallet
C1492,O33597,2026-04-01,Groceries,Rice,5,2262,20,9048.0,Platinum,Pune,Debit Card
C1755,O39310,2025-07-25,Fashion,Shoes,5,6264,6,29440.8,Gold,Hyderabad,UPI
C1691,O13992,2026-03-08,Fashion,Jeans,5,4798,14,20631.4,Platinum,Pune,UPI
C1218,O92753,2026-03-04,Groceries,Eggs,1,2394,17,1987.02,Platinum,Mumbai,Credit Card
C1505,O99843,2025-11-10,Fashion,Jacket,2,8362,5,15887.8,Platinum,Bangalore,Debit Card
C1266,O56019,2025-09-30,Home Decor,Lamp,3,9086,30,19080.6,Platinum,Bangalore,Credit Card
C1663,O54827,2025-10-06,Beauty,Face Wash,1,3487,23,2684.99,Gold,Delhi,Wallet
C1064,O16850,2025-12-18,Sports,Football,2,8367,15,14223.9,Gold,Chennai,Wallet
C1123,O98336,2026-05-04,Home Decor,Lamp,3,2321,15,5918.55,Silver,Delhi,Wallet
C1483,O32960,2026-01-11,Electronics,Headphones,4,22004,23,67772.32,Platinum,Delhi,Credit Card
C1622,O50539,2025-08-22,Home Decor,Carpet,1,1474,4,1415.04,Silver,Delhi,Credit Card
C1260,O97624,2026-02-02,Beauty,Moisturizer,3,7318,15,18660.9,Platinum,Bangalore,Net Banking
C1999,O69318,2025-06-11,Sports,Yoga Mat,5,5906,1,29234.7,Platinum,Pune,UPI
C1987,O57468,2025-07-16,Home Decor,Curtains,1,13470,3,13065.9,Platinum,Pune,UPI
C1190,O44211,2025-06-18,Home Decor,Curtains,3,9526,26,21147.72,Platinum,Hyderabad,Credit Card
C1702,O93973,2025-11-27,Home Decor,Wall Art,1,7506,6,7055.64,Platinum,Pune,Wallet
C1500,O51244,2025-10-06,Sports,Football,1,13422,14,11542.92,Platinum,Mumbai,Credit Card
C1634,O21885,2026-01-13,Sports,Football,3,9528,26,21152.16,Platinum,Bangalore,Net Banking
C1863,O65002,2025-09-03,Electronics,Headphones,5,15431,3,74840.35,Silver,Hyderabad,Wallet
C1161,O78859,2025-07-11,Home Decor,Lamp,3,9826,29,20929.38,Silver,Mumbai,Wallet
C1633,O96828,2025-08-30,Home Decor,Carpet,4,4709,14,16198.96,Silver,Mumbai,Credit Card
C1563,O17012,2026-04-04,Home Decor,Curtains,5,14760,9,67158.0,Gold,Hyderabad,Wallet
C1934,O84553,2026-04-07,Electronics,Headphones,3,23224,0,69672.0,Platinum,Chennai,UPI
C1229,O28223,2026-04-30,Beauty,Shampoo,2,6920,18,11348.8,Platinum,Hyderabad,Debit Card
C1591,O98702,2025-08-22,Groceries,Rice,5,2707,15,11504.75,Gold,Pune,Debit Card
C1266,O65916,2026-01-13,Sports,Yoga Mat,4,2250,28,6480.0,Silver,Mumbai,UPI
C1170,O95621,2025-12-03,Beauty,Face Wash,1,2949,24,2241.24,Silver,Mumbai,Wallet
C1706,O90415,2026-02-11,Groceries,Bread,1,2248,4,2158.08,Platinum,Chennai,Wallet
C1337,O20618,2025-08-10,Groceries,Eggs,3,1866,5,5318.1,Silver,Pune,Wallet
C1644,O78185,2026-04-16,Electronics,Smart Watch,5,50883,27,185722.95,Gold,Hyderabad,Credit Card
C1697,O35528,2025-10-18,Sports,Dumbbells,1,8610,18,7060.2,Platinum,Mumbai,Debit Card
C1320,O56951,2026-02-09,Fashion,Shoes,1,8062,5,7658.9,Platinum,Hyderabad,UPI
C1663,O17148,2025-11-16,Beauty,Face Wash,2,6820,5,12958.0,Platinum,Hyderabad,UPI
C1375,O15358,2025-09-28,Beauty,Perfume,2,4989,26,7383.72,Silver,Bangalore,Credit Card
C1223,O15451,2026-06-01,Home Decor,Carpet,1,11827,24,8988.52,Gold,Delhi,Debit Card
C1502,O95031,2025-12-25,Fashion,T-Shirt,4,1448,7,5386.56,Platinum,Delhi,Net Banking
C1586,O21513,2025-08-29,Groceries,Eggs,3,2494,26,5536.68,Platinum,Bangalore,Wallet
C1639,O44416,2026-01-29,Fashion,Jacket,5,3100,4,14880.0,Silver,Mumbai,Wallet
C1374,O24048,2026-04-13,Sports,Yoga Mat,4,7239,25,21717.0,Silver,Chennai,Credit Card
C1657,O48192,2025-07-29,Fashion,Shoes,1,4443,20,3554.4,Silver,Mumbai,UPI
C1141,O37562,2026-01-31,Groceries,Bread,2,788,7,1465.68,Silver,Hyderabad,UPI
C1692,O15504,2025-07-07,Sports,Football,1,4319,20,3455.2,Silver,Chennai,Debit Card
C1417,O51165,2026-02-04,Electronics,Headphones,5,6775,4,32520.0,Silver,Pune,Wallet
C1971,O98594,2025-11-25,Fashion,Jacket,1,2517,5,2391.15,Gold,Chennai,Debit Card
C1304,O21781,2026-05-18,Sports,Cricket Bat,3,5380,10,14526.0,Silver,Mumbai,UPI
C1232,O65211,2026-03-22,Home Decor,Carpet,3,2559,12,6755.76,Gold,Pune,Wallet
C1059,O73290,2026-05-01,Home Decor,Wall Art,2,2860,17,4747.6,Silver,Pune,Credit Card
C1922,O96581,2025-10-06,Fashion,Shoes,3,1325,30,2782.5,Silver,Hyderabad,Net Banking
C1045,O15776,2026-02-26,Fashion,T-Shirt,1,4922,8,4528.24,Platinum,Hyderabad,Wallet
C1603,O95892,2025-09-20,Groceries,Bread,4,315,27,919.8,Gold,Bangalore,Wallet
C1542,O96379,2025-06-11,Sports,Yoga Mat,4,3241,8,11926.88,Silver,Pune,Wallet
C1725,O46152,2025-06-28,Beauty,Moisturizer,5,1786,16,7501.2,Platinum,Bangalore,Credit Card
C1805,O51176,2026-01-07,Groceries,Milk,5,2089,7,9713.85,Gold,Bangalore,Debit Card
C1373,O10538,2025-10-21,Home Decor,Curtains,3,7803,2,22940.82,Silver,Hyderabad,Credit Card
C1248,O60512,2026-02-13,Fashion,T-Shirt,2,5229,21,8261.82,Gold,Chennai,UPI
C1176,O82323,2025-12-02,Groceries,Milk,2,684,17,1135.44,Silver,Mumbai,UPI
C1839,O97575,2025-10-25,Fashion,Jeans,2,3804,24,5782.08,Silver,Bangalore,Wallet
C1405,O43880,2026-04-03,Home Decor,Carpet,5,11988,28,43156.8,Platinum,Chennai,Debit Card
C1736,O54270,2025-07-22,Beauty,Face Wash,5,2003,4,9614.4,Silver,Delhi,Credit Card
C1397,O39829,2025-07-27,Fashion,Shoes,2,5962,24,9062.24,Gold,Delhi,Wallet
C1927,O38214,2026-03-29,Sports,Cricket Bat,4,1902,28,5477.76,Silver,Delhi,Credit Card
C1078,O79342,2025-11-14,Home Decor,Curtains,3,9715,19,23607.45,Gold,Pune,Wallet
C1200,O80201,2025-08-21,Fashion,Shoes,3,4191,6,11818.62,Gold,Chennai,UPI
C1297,O31507,2025-11-27,Fashion,Jeans,5,3478,30,12173.0,Silver,Mumbai,Debit Card
C1537,O15889,2025-12-01,Fashion,Shoes,5,6171,10,27769.5,Gold,Bangalore,UPI
C1672,O74834,2025-08-27,Groceries,Rice,1,1007,10,906.3,Silver,Delhi,Wallet
C1076,O20485,2025-07-27,Sports,Cricket Bat,3,8668,18,21323.28,Platinum,Bangalore,Net Banking
C1096,O50434,2026-01-03,Fashion,Shoes,3,4662,0,13986.0,Platinum,Mumbai,UPI
C1368,O87427,2026-05-13,Home Decor,Carpet,3,6641,21,15739.17,Silver,Delhi,Net Banking
C1373,O77856,2025-08-03,Sports,Yoga Mat,2,3786,1,7496.28,Platinum,Bangalore,Credit Card
C1405,O72894,2025-10-20,Beauty,Moisturizer,1,4036,11,3592.04,Gold,Delhi,Net Banking
C1537,O40337,2025-06-14,Fashion,Jeans,4,5864,23,18061.12,Platinum,Chennai,Wallet
C1889,O51740,2026-05-27,Electronics,Smartphone,5,42156,0,210780.0,Platinum,Hyderabad,Wallet
C1070,O56015,2025-11-22,Home Decor,Lamp,4,8869,18,29090.32,Silver,Bangalore,Wallet
C1775,O56080,2026-04-14,Groceries,Bread,1,1665,23,1282.05,Gold,Chennai,UPI
C1591,O82786,2026-04-16,Home Decor,Carpet,3,1963,13,5123.43,Silver,Delhi,Credit Card
C1968,O89962,2025-09-12,Home Decor,Curtains,5,3766,24,14310.8,Silver,Bangalore,Net Banking
C1411,O25807,2025-12-17,Fashion,T-Shirt,1,6782,20,5425.6,Platinum,Chennai,UPI
C1191,O45381,2025-11-10,Sports,Football,2,1863,1,3688.74,Silver,Delhi,Credit Card
C1315,O28241,2026-02-22,Groceries,Bread,1,1400,7,1302.0,Silver,Bangalore,UPI
C1619,O90841,2025-07-31,Electronics,Smart Watch,4,23403,16,78634.08,Gold,Bangalore,Debit Card
C1782,O28522,2026-03-03,Groceries,Milk,2,259,19,419.58,Gold,Delhi,Debit Card
C1943,O68015,2025-09-19,Home Decor,Wall Art,3,8092,18,19906.32,Silver,Hyderabad,Wallet
C1377,O92613,2025-11-24,Electronics,Smart Watch,5,54180,4,260064.0,Platinum,Chennai,Net Banking
C1820,O90136,2025-07-29,Home Decor,Lamp,4,14506,21,45838.96,Gold,Chennai,Net Banking
C1722,O99582,2026-03-09,Fashion,Jeans,3,3148,26,6988.56,Platinum,Delhi,UPI
C1181,O57373,2025-06-22,Electronics,Laptop,2,83192,1,164720.16,Platinum,Pune,UPI
C1225,O19879,2025-07-30,Home Decor,Wall Art,2,2801,8,5153.84,Silver,Mumbai,Credit Card
C1321,O85496,2026-02-22,Electronics,Smartphone,1,40441,28,29117.52,Gold,Chennai,Wallet
C1288,O56380,2025-07-17,Groceries,Eggs,2,1879,19,3043.98,Gold,Pune,Wallet
C1454,O64382,2026-04-15,Home Decor,Wall Art,4,10629,30,29761.2,Gold,Hyderabad,Credit Card
C1648,O44950,2025-07-16,Groceries,Rice,2,1956,12,3442.56,Platinum,Pune,Net Banking
C1214,O53269,2026-03-13,Groceries,Eggs,2,1392,7,2589.12,Platinum,Chennai,Debit Card
C1081,O79718,2025-12-01,Groceries,Bread,5,3098,4,14870.4,Platinum,Pune,Wallet
C1185,O23288,2025-10-18,Home Decor,Curtains,5,5399,3,26185.15,Silver,Hyderabad,UPI
C1595,O26335,2025-11-29,Home Decor,Lamp,5,10428,30,36498.0,Gold,Pune,Credit Card
C1444,O93805,2025-09-07,Electronics,Smart Watch,5,40407,23,155566.95,Gold,Mumbai,Debit Card
C1570,O46964,2025-10-04,Electronics,Laptop,3,36353,26,80703.66,Silver,Hyderabad,Net Banking
C1755,O89976,2025-09-21,Fashion,Jacket,4,6438,22,20086.56,Platinum,Mumbai,Net Banking
C1650,O12988,2026-04-24,Sports,Football,2,10840,2,21246.4,Platinum,Pune,Credit Card
C1673,O89235,2026-03-02,Sports,Yoga Mat,4,4297,21,13578.52,Gold,Delhi,Wallet
C1589,O42131,2026-05-19,Sports,Football,4,8016,17,26613.12,Platinum,Delhi,Wallet
C1507,O90510,2025-11-24,Groceries,Bread,2,169,0,338.0,Silver,Pune,Credit Card
C1754,O41543,2025-08-01,Fashion,T-Shirt,2,3921,8,7214.64,Silver,Hyderabad,Debit Card
C1098,O71589,2026-01-21,Groceries,Bread,3,1746,17,4347.54,Gold,Mumbai,Net Banking
C1713,O80653,2025-09-24,Sports,Football,2,8162,6,15344.56,Platinum,Hyderabad,Debit Card
C1795,O86101,2026-06-05,Beauty,Moisturizer,5,3343,28,12034.8,Gold,Bangalore,UPI
C1331,O85977,2025-11-15,Sports,Cricket Bat,4,3844,27,11224.48,Platinum,Delhi,Debit Card
C1351,O15241,2025-11-28,Electronics,Smart Watch,1,16924,30,11846.8,Platinum,Pune,Wallet
C1397,O31115,2025-08-31,Fashion,T-Shirt,4,2765,1,10949.4,Silver,Hyderabad,Wallet
C1268,O76078,2025-12-11,Fashion,Jeans,5,4211,1,20844.45,Silver,Mumbai,Net Banking
C1760,O43617,2025-07-03,Electronics,Smart Watch,3,69922,1,207668.34,Platinum,Hyderabad,Wallet
C1351,O19206,2025-07-07,Groceries,Bread,4,2802,25,8406.0,Gold,Pune,UPI
C1500,O39210,2025-11-26,Home Decor,Lamp,2,9916,8,18245.44,Platinum,Hyderabad,Net Banking
C1100,O11021,2026-01-31,Home Decor,Lamp,5,11308,9,51451.4,Platinum,Bangalore,Credit Card
C1884,O75773,2025-10-09,Sports,Cricket Bat,4,5454,7,20288.88,Platinum,Delhi,Wallet
C1425,O23100,2026-04-20,Beauty,Moisturizer,3,1031,12,2721.84,Silver,Delhi,Net Banking
C1658,O45515,2025-12-07,Home Decor,Lamp,3,5664,6,15972.48,Platinum,Mumbai,UPI
C1037,O41385,2026-06-04,Groceries,Bread,3,2509,17,6247.41,Gold,Chennai,Net Banking
C1051,O90565,2025-11-05,Home Decor,Lamp,4,4501,28,12962.88,Silver,Bangalore,Credit Card
C1005,O32140,2025-09-23,Fashion,Jacket,1,5934,24,4509.84,Gold,Mumbai,Debit Card
C1877,O23435,2026-02-23,Sports,Yoga Mat,2,10366,22,16170.96,Gold,Mumbai,UPI
C1614,O28890,2026-06-04,Groceries,Eggs,4,839,5,3188.2,Silver,Mumbai,Net Banking
C1241,O29929,2025-09-27,Electronics,Smart Watch,1,56541,21,44667.39,Gold,Delhi,Wallet
C1033,O53251,2026-02-14,Fashion,Jacket,3,4782,12,12624.48,Gold,Bangalore,UPI
C1891,O61720,2026-01-27,Fashion,Jacket,3,2201,18,5414.46,Silver,Hyderabad,UPI
C1523,O91236,2025-08-24,Fashion,Jacket,1,9560,17,7934.8,Platinum,Mumbai,Net Banking
C1427,O64144,2025-07-06,Sports,Dumbbells,4,8600,29,24424.0,Platinum,Mumbai,Net Banking
C1159,O36441,2026-02-03,Electronics,Headphones,4,32594,3,126464.72,Silver,Chennai,Debit Card
C1683,O54694,2025-06-11,Electronics,Headphones,3,84108,0,252324.0,Platinum,Hyderabad,Debit Card
C1743,O67464,2025-10-04,Fashion,Jacket,4,5848,2,22924.16,Platinum,Delhi,Credit Card
C1751,O49394,2025-11-23,Beauty,Shampoo,5,7275,1,36011.25,Gold,Delhi,Net Banking
C1880,O41500,2025-07-07,Electronics,Smart Watch,4,43314,24,131674.56,Silver,Delhi,Net Banking
C1179,O61928,2025-06-15,Home Decor,Carpet,5,2230,2,10927.0,Silver,Bangalore,Debit Card
C1899,O47079,2026-03-22,Beauty,Face Wash,3,804,22,1881.36,Silver,Hyderabad,UPI
C1991,O66101,2026-02-26,Home Decor,Wall Art,2,17072,13,29705.28,Platinum,Bangalore,UPI
C1302,O94834,2026-03-21,Beauty,Face Wash,3,4655,16,11730.6,Silver,Mumbai,Debit Card
C1699,O16872,2026-05-10,Groceries,Rice,2,1738,8,3197.92,Platinum,Delhi,Credit Card
C1225,O77293,2025-10-25,Beauty,Moisturizer,3,3884,30,8156.4,Platinum,Hyderabad,Wallet
C1538,O31298,2026-06-02,Electronics,Headphones,4,37130,12,130697.6,Platinum,Pune,Wallet
C1794,O84964,2025-10-10,Sports,Yoga Mat,4,2348,21,7419.68,Platinum,Mumbai,UPI
C1332,O37815,2026-05-21,Home Decor,Curtains,2,9546,10,17182.8,Gold,Chennai,Debit Card
C1662,O68690,2026-02-04,Electronics,Headphones,3,70620,21,167369.4,Gold,Delhi,Wallet
C1540,O87680,2025-09-20,Electronics,Smartphone,1,79394,19,64309.14,Platinum,Delhi,Credit Card
C1245,O66834,2025-09-05,Beauty,Shampoo,1,1162,26,859.88,Gold,Hyderabad,Net Banking
C1386,O43168,2025-09-26,Fashion,Shoes,1,4026,9,3663.66,Platinum,Pune,Wallet
C1399,O71794,2025-07-15,Sports,Dumbbells,4,2307,14,7936.08,Silver,Bangalore,UPI
C1943,O98494,2025-09-30,Home Decor,Wall Art,5,8880,24,33744.0,Platinum,Hyderabad,Credit Card
C1968,O97443,2025-11-30,Sports,Football,3,641,10,1730.7,Silver,Pune,Credit Card
C1225,O23617,2026-03-10,Electronics,Laptop,4,24303,28,69992.64,Silver,Hyderabad,Credit Card
C1131,O23857,2026-03-11,Electronics,Smart Watch,3,19184,1,56976.48,Silver,Delhi,Net Banking
C1916,O81563,2025-08-31,Home Decor,Wall Art,2,17730,18,29077.2,Platinum,Delhi,UPI
C1594,O61998,2025-10-10,Home Decor,Curtains,2,16240,19,26308.8,Platinum,Bangalore,Wallet
C1049,O35857,2026-04-14,Electronics,Headphones,4,64874,3,251711.12,Platinum,Delhi,Net Banking
C1125,O76006,2025-08-10,Fashion,Jeans,1,4944,9,4499.04,Silver,Hyderabad,UPI
C1840,O45617,2026-04-18,Electronics,Smart Watch,4,38860,5,147668.0,Silver,Hyderabad,UPI
C1509,O20533,2026-05-06,Beauty,Moisturizer,3,1436,20,3446.4,Silver,Delhi,Net Banking
C1722,O38971,2025-08-23,Home Decor,Lamp,1,7417,0,7417.0,Silver,Mumbai,Debit Card
C1532,O44089,2026-04-06,Beauty,Perfume,5,3415,8,15709.0,Gold,Hyderabad,Wallet
C1345,O48785,2025-10-12,Sports,Yoga Mat,3,1942,15,4952.1,Gold,Pune,Debit Card
C1757,O61705,2025-06-10,Sports,Cricket Bat,4,1451,11,5165.56,Silver,Chennai,UPI
C1641,O75138,2025-10-24,Fashion,Jeans,1,6350,18,5207.0,Platinum,Bangalore,Net Banking
C1574,O98437,2025-07-08,Home Decor,Wall Art,3,9061,16,22833.72,Gold,Pune,Net Banking
C1048,O23110,2026-06-05,Electronics,Headphones,1,32004,12,28163.52,Platinum,Mumbai,UPI
C1593,O44607,2026-04-25,Home Decor,Lamp,5,3771,26,13952.7,Gold,Hyderabad,Net Banking
C1628,O82144,2026-04-06,Sports,Football,3,4952,22,11587.68,Silver,Mumbai,Debit Card
C1670,O10672,2025-10-29,Fashion,Jacket,5,3388,20,13552.0,Silver,Delhi,Wallet
C1689,O88379,2025-11-24,Sports,Dumbbells,4,8029,27,23444.68,Gold,Delhi,Wallet
C1407,O49389,2026-05-24,Groceries,Milk,5,711,13,3092.85,Gold,Chennai,Net Banking
C1089,O43966,2025-09-24,Sports,Cricket Bat,3,1167,24,2660.76,Gold,Mumbai,Net Banking
C1491,O65130,2025-12-04,Fashion,T-Shirt,5,1185,10,5332.5,Gold,Pune,Wallet
C1665,O61664,2025-07-13,Sports,Dumbbells,3,12854,4,37019.52,Platinum,Bangalore,Debit Card
C1043,O87669,2025-12-18,Fashion,Jacket,1,4968,0,4968.0,Platinum,Delhi,Net Banking
C1567,O61572,2025-12-12,Home Decor,Lamp,3,6516,29,13879.08,Silver,Delhi,UPI
C1056,O43907,2026-05-04,Fashion,Shoes,1,4337,15,3686.45,Silver,Delhi,Wallet
C1727,O71361,2025-09-16,Beauty,Shampoo,3,2563,14,6612.54,Silver,Hyderabad,Credit Card
C1783,O96779,2025-10-30,Electronics,Headphones,5,24798,26,91752.6,Silver,Chennai,Credit Card
C1624,O39878,2025-12-06,Home Decor,Curtains,1,10153,15,8630.05,Gold,Bangalore,Credit Card
C1165,O78277,2026-05-21,Home Decor,Curtains,1,5118,10,4606.2,Gold,Pune,Credit Card
C1812,O92031,2026-04-29,Groceries,Rice,5,1988,19,8051.4,Platinum,Chennai,UPI
C1584,O20276,2025-07-10,Sports,Football,5,7809,4,37483.2,Gold,Delhi,Debit Card
C1872,O37819,2026-05-26,Beauty,Face Wash,1,363,29,257.73,Gold,Hyderabad,Net Banking
C1140,O79400,2025-11-27,Groceries,Eggs,5,2902,21,11462.9,Platinum,Delhi,Net Banking
C1430,O93188,2025-10-07,Groceries,Milk,3,808,5,2302.8,Platinum,Bangalore,Credit Card
C1603,O88794,2025-08-16,Sports,Yoga Mat,4,3226,14,11097.44,Gold,Pune,Credit Card
C1113,O21063,2026-02-01,Sports,Yoga Mat,4,668,17,2217.76,Silver,Mumbai,UPI
C1669,O83045,2025-12-06,Fashion,Jacket,1,5886,8,5415.12,Platinum,Bangalore,UPI
C1240,O85923,2025-09-20,Home Decor,Wall Art,5,3135,23,12069.75,Gold,Mumbai,Net Banking
C1927,O69511,2025-06-20,Home Decor,Wall Art,1,3067,24,2330.92,Silver,Mumbai,UPI
C1233,O88822,2026-02-01,Fashion,T-Shirt,3,9500,9,25935.0,Platinum,Pune,Wallet
C1304,O17761,2026-04-05,Fashion,Shoes,1,7428,15,6313.8,Platinum,Mumbai,Net Banking
C1637,O64855,2025-10-23,Sports,Cricket Bat,2,8006,17,13289.96,Platinum,Mumbai,UPI
C1898,O15470,2025-10-12,Groceries,Eggs,1,3132,20,2505.6,Platinum,Bangalore,Debit Card
C1448,O60214,2026-03-21,Groceries,Eggs,1,1788,28,1287.36,Platinum,Mumbai,Net Banking
C1548,O84263,2025-10-12,Fashion,Shoes,3,2378,22,5564.52,Silver,Mumbai,Debit Card
C1227,O49260,2026-05-26,Beauty,Perfume,2,2166,8,3985.44,Platinum,Pune,Wallet
C1770,O97502,2025-09-15,Fashion,Shoes,3,4974,26,11042.28,Silver,Chennai,Credit Card
C1263,O31901,2026-04-15,Electronics,Smart Watch,5,50406,20,201624.0,Platinum,Hyderabad,Debit Card
C1802,O40396,2026-03-15,Home Decor,Lamp,2,12028,22,18763.68,Gold,Pune,UPI
C1692,O21182,2026-03-20,Home Decor,Curtains,1,4812,3,4667.64,Platinum,Bangalore,Debit Card
C1979,O35651,2026-01-04,Beauty,Face Wash,5,5205,14,22381.5,Gold,Delhi,Net Banking
C1019,O54832,2026-02-21,Electronics,Smart Watch,5,19796,9,90071.8,Platinum,Pune,Debit Card
C1976,O50054,2026-04-03,Home Decor,Carpet,4,3386,28,9751.68,Platinum,Mumbai,Net Banking
C1820,O77094,2025-11-01,Sports,Yoga Mat,5,6760,21,26702.0,Gold,Bangalore,UPI
C1896,O20239,2025-07-15,Groceries,Bread,1,1191,22,928.98,Gold,Delhi,Net Banking
C1779,O66421,2026-04-19,Home Decor,Carpet,3,13665,7,38125.35,Gold,Pune,Wallet
C1109,O87800,2026-02-13,Sports,Football,5,12666,28,45597.6,Platinum,Chennai,Wallet
C1864,O91579,2025-06-09,Beauty,Perfume,4,4327,21,13673.32,Silver,Delhi,Credit Card
C1841,O19096,2026-04-26,Beauty,Moisturizer,2,886,18,1453.04,Silver,Mumbai,Net Banking
C1323,O67992,2025-07-10,Home Decor,Lamp,5,6184,8,28446.4,Silver,Chennai,Net Banking
C1248,O62527,2025-07-01,Home Decor,Lamp,3,12330,4,35510.4,Gold,Mumbai,Net Banking
C1462,O37981,2025-09-29,Sports,Football,1,3880,13,3375.6,Platinum,Chennai,Credit Card
C1643,O35933,2025-12-04,Electronics,Laptop,3,54814,15,139775.7,Gold,Pune,UPI
C1472,O93713,2025-12-06,Groceries,Milk,1,1078,30,754.6,Platinum,Chennai,UPI
C1215,O46421,2026-03-12,Beauty,Face Wash,5,330,26,1221.0,Gold,Delhi,Wallet
C1942,O38238,2025-06-10,Sports,Cricket Bat,2,4872,6,9159.36,Silver,Delhi,Debit Card
C1676,O27776,2025-06-10,Groceries,Rice,4,571,1,2261.16,Silver,Mumbai,Net Banking
C1723,O94666,2025-11-17,Fashion,Jacket,2,6910,5,13129.0,Platinum,Delhi,Credit Card
C1510,O19190,2025-10-11,Home Decor,Lamp,5,11122,13,48380.7,Gold,Bangalore,Debit Card
C1377,O21811,2025-11-03,Electronics,Laptop,4,87186,16,292944.96,Platinum,Delhi,Debit Card
C1921,O98860,2026-05-11,Home Decor,Lamp,5,19378,28,69760.8,Platinum,Chennai,Credit Card
C1387,O88951,2025-10-17,Groceries,Bread,3,1251,19,3039.93,Silver,Hyderabad,UPI
C1050,O74981,2025-08-05,Groceries,Bread,2,2511,23,3866.94,Gold,Chennai,UPI
C1235,O55260,2026-06-01,Electronics,Smart Watch,1,35875,30,25112.5,Gold,Pune,UPI
C1424,O57311,2025-10-26,Groceries,Milk,2,2820,28,4060.8,Platinum,Mumbai,Credit Card
C1917,O45172,2026-03-29,Groceries,Rice,2,2991,29,4247.22,Gold,Pune,Net Banking
C1314,O26660,2026-05-26,Beauty,Moisturizer,2,890,28,1281.6,Platinum,Pune,Credit Card
C1046,O17626,2025-09-29,Groceries,Bread,3,2008,8,5542.08,Platinum,Hyderabad,Net Banking
C1362,O23095,2026-04-10,Electronics,Headphones,1,51382,18,42133.24,Gold,Delhi,UPI
C1284,O93602,2025-11-20,Sports,Yoga Mat,3,7309,15,18637.95,Silver,Delhi,Net Banking
C1294,O16458,2026-01-07,Sports,Football,4,4334,28,12481.92,Silver,Mumbai,Debit Card
C1880,O78776,2025-11-12,Fashion,T-Shirt,3,3822,15,9746.1,Platinum,Bangalore,Wallet
C1369,O85710,2025-10-17,Sports,Yoga Mat,1,11110,24,8443.6,Platinum,Bangalore,Net Banking
C1115,O84296,2026-05-11,Groceries,Rice,1,3560,3,3453.2,Platinum,Hyderabad,UPI
C1806,O91941,2026-03-08,Fashion,Jeans,2,5350,3,10379.0,Platinum,Mumbai,Net Banking
C1594,O86854,2026-05-03,Sports,Yoga Mat,4,2418,25,7254.0,Gold,Delhi,Net Banking
C1114,O41685,2025-11-27,Home Decor,Carpet,3,4956,20,11894.4,Platinum,Delhi,Net Banking
C1547,O12272,2026-03-30,Beauty,Shampoo,4,8792,19,28486.08,Platinum,Hyderabad,Wallet
C1430,O61371,2025-11-12,Beauty,Moisturizer,2,210,28,302.4,Silver,Chennai,UPI
C1079,O47915,2025-10-03,Fashion,Jeans,1,9158,5,8700.1,Platinum,Mumbai,UPI
C1809,O65943,2025-07-17,Sports,Football,1,8784,30,6148.8,Platinum,Bangalore,Credit Card
C1377,O42414,2026-01-29,Groceries,Rice,1,946,18,775.72,Platinum,Delhi,Credit Card
C1197,O83970,2025-09-24,Home Decor,Lamp,5,7542,4,36201.6,Silver,Mumbai,UPI
C1455,O65359,2026-01-10,Fashion,Jeans,5,2742,23,10556.7,Gold,Pune,Net Banking
C1030,O80469,2025-10-16,Fashion,Shoes,1,9112,0,9112.0,Platinum,Bangalore,Debit Card
C1149,O34592,2025-07-07,Fashion,Jacket,4,1096,3,4252.48,Silver,Delhi,Wallet
C1255,O27770,2025-07-15,Groceries,Milk,3,602,2,1769.88,Silver,Hyderabad,UPI
C1892,O20482,2026-03-09,Home Decor,Wall Art,2,5068,25,7602.0,Silver,Mumbai,UPI
C1212,O26133,2025-06-12,Beauty,Face Wash,4,2434,0,9736.0,Silver,Mumbai,Wallet
C1533,O80702,2025-07-14,Fashion,Jacket,4,5257,20,16822.4,Gold,Hyderabad,Wallet
C1268,O86485,2026-05-24,Fashion,Shoes,5,541,23,2082.85,Silver,Delhi,Wallet
C1721,O29631,2026-01-28,Home Decor,Wall Art,4,7637,29,21689.08,Silver,Mumbai,UPI
C1072,O42719,2026-04-06,Groceries,Rice,3,480,29,1022.4,Platinum,Bangalore,Credit Card
C1223,O74908,2025-12-22,Beauty,Moisturizer,4,2337,28,6730.56,Gold,Mumbai,UPI
C1113,O83652,2026-02-13,Beauty,Perfume,4,6448,2,25276.16,Gold,Mumbai,UPI
C1422,O55663,2026-03-15,Groceries,Milk,1,780,2,764.4,Silver,Delhi,Debit Card
C1418,O25109,2026-01-14,Home Decor,Lamp,5,13969,18,57272.9,Gold,Mumbai,Credit Card
C1732,O43926,2025-08-30,Beauty,Shampoo,2,3368,18,5523.52,Platinum,Bangalore,Wallet
C1572,O34240,2025-09-15,Home Decor,Carpet,5,7910,10,35595.0,Silver,Pune,UPI
C1233,O43097,2025-08-29,Fashion,Shoes,2,4731,9,8610.42,Gold,Bangalore,Net Banking
C1395,O94529,2026-05-16,Home Decor,Lamp,4,17326,13,60294.48,Platinum,Bangalore,Credit Card
C1015,O49482,2025-12-25,Beauty,Perfume,5,2095,0,10475.0,Silver,Hyderabad,Credit Card
C1686,O75037,2026-01-08,Fashion,Shoes,3,2069,3,6020.79,Silver,Delhi,Credit Card
C1628,O68771,2026-03-22,Sports,Yoga Mat,3,10507,19,25532.01,Gold,Delhi,Credit Card
C1889,O36226,2025-12-14,Beauty,Moisturizer,4,6276,1,24852.96,Gold,Hyderabad,Debit Card
C1370,O47454,2025-09-14,Groceries,Rice,2,474,7,881.64,Gold,Bangalore,Debit Card
C1891,O41339,2025-08-21,Home Decor,Curtains,2,10419,6,19587.72,Gold,Pune,UPI
C1327,O60081,2025-07-14,Fashion,Jacket,2,1824,28,2626.56,Silver,Bangalore,Debit Card
C1533,O48049,2025-09-15,Electronics,Smart Watch,3,27840,4,80179.2,Platinum,Pune,Credit Card
C1758,O34422,2025-07-27,Groceries,Rice,2,1431,5,2718.9,Silver,Delhi,UPI
C1601,O75734,2026-02-21,Fashion,Jeans,1,7574,30,5301.8,Platinum,Mumbai,Debit Card
C1030,O56337,2026-02-23,Sports,Dumbbells,4,8044,4,30888.96,Platinum,Chennai,Debit Card
C1630,O31516,2025-08-26,Home Decor,Lamp,2,3817,8,7023.28,Silver,Hyderabad,Wallet
C1564,O53578,2025-06-27,Groceries,Milk,3,373,10,1007.1,Silver,Delhi,Wallet
C1437,O49877,2025-12-11,Groceries,Rice,2,1554,20,2486.4,Platinum,Delhi,Net Banking
C1130,O18012,2025-10-17,Groceries,Milk,3,422,7,1177.38,Platinum,Bangalore,Net Banking
C1478,O85231,2026-02-10,Sports,Dumbbells,1,7936,19,6428.16,Platinum,Chennai,Debit Card
C1398,O10027,2025-08-13,Groceries,Bread,4,1719,7,6394.68,Gold,Bangalore,Net Banking
C1742,O37605,2026-03-08,Fashion,Jacket,2,6984,9,12710.88,Platinum,Chennai,UPI
C1210,O21950,2025-12-17,Fashion,Shoes,2,4384,8,8066.56,Platinum,Hyderabad,UPI
C1912,O69873,2025-11-18,Electronics,Smartphone,4,48304,2,189351.68,Gold,Pune,Wallet
C1594,O22699,2026-05-30,Electronics,Smart Watch,3,23821,4,68604.48,Gold,Mumbai,Debit Card
C1400,O36639,2026-05-24,Electronics,Smart Watch,4,12915,8,47527.2,Silver,Delhi,Net Banking
C1756,O53688,2026-04-21,Fashion,Jeans,1,1538,18,1261.16,Platinum,Pune,UPI
C1122,O64023,2025-09-16,Home Decor,Wall Art,4,2365,25,7095.0,Silver,Mumbai,Debit Card
C1612,O68755,2025-11-06,Home Decor,Wall Art,3,7884,8,21759.84,Platinum,Mumbai,Debit Card
C1757,O75504,2026-04-20,Electronics,Smartphone,5,73490,17,304983.5,Platinum,Delhi,Wallet
C1664,O25350,2025-07-15,Home Decor,Curtains,3,14536,24,33142.08,Gold,Bangalore,UPI
C1513,O54287,2025-06-05,Electronics,Headphones,4,15921,16,53494.56,Silver,Chennai,Credit Card
C1011,O53494,2026-02-04,Home Decor,Carpet,1,15766,30,11036.2,Platinum,Delhi,Debit Card
C1263,O14944,2025-12-12,Fashion,Jeans,4,7430,15,25262.0,Platinum,Mumbai,Debit Card
C1762,O24945,2025-09-20,Beauty,Moisturizer,1,1671,25,1253.25,Silver,Bangalore,Net Banking
C1263,O84898,2025-09-29,Beauty,Face Wash,3,1695,12,4474.8,Silver,Mumbai,UPI
C1478,O36132,2025-11-21,Home Decor,Curtains,3,15478,2,45505.32,Platinum,Hyderabad,Debit Card
C1045,O82019,2025-09-20,Electronics,Headphones,3,21699,25,48822.75,Silver,Pune,Credit Card
C1748,O99170,2025-12-04,Electronics,Smartphone,4,15761,0,63044.0,Silver,Bangalore,UPI
C1249,O76284,2025-06-13,Beauty,Moisturizer,5,7322,1,36243.9,Platinum,Mumbai,Credit Card
C1601,O27218,2025-06-17,Fashion,T-Shirt,2,4411,4,8469.12,Gold,Pune,Wallet
C1422,O50207,2025-06-14,Electronics,Smartphone,4,42586,22,132868.32,Platinum,Pune,UPI
C1409,O52105,2026-03-31,Fashion,Jeans,2,2022,11,3599.16,Silver,Bangalore,Credit Card
C1615,O32524,2025-09-10,Beauty,Moisturizer,5,652,30,2282.0,Silver,Bangalore,Wallet
C1313,O51071,2025-09-16,Fashion,Jeans,1,5650,24,4294.0,Gold,Chennai,Debit Card
C1199,O28101,2025-06-29,Beauty,Shampoo,1,3781,27,2760.13,Gold,Chennai,UPI
C1519,O76724,2026-05-17,Beauty,Perfume,2,7054,12,12415.04,Gold,Mumbai,Net Banking
C1194,O71857,2025-11-01,Sports,Football,3,6733,10,18179.1,Silver,Pune,Wallet
C1405,O23234,2026-03-08,Sports,Cricket Bat,4,5966,29,16943.44,Platinum,Hyderabad,Wallet
C1279,O67293,2026-02-15,Fashion,T-Shirt,5,5236,28,18849.6,Gold,Delhi,Credit Card
C1508,O72336,2025-08-25,Fashion,Jacket,5,9796,21,38694.2,Platinum,Bangalore,Wallet
C1136,O88212,2025-08-30,Home Decor,Wall Art,1,19616,22,15300.48,Platinum,Bangalore,Wallet
C1437,O76339,2026-03-26,Electronics,Smartphone,5,69258,6,325512.6,Platinum,Bangalore,UPI
C1327,O41342,2026-05-07,Electronics,Smart Watch,1,45194,20,36155.2,Silver,Bangalore,Credit Card
C1845,O61521,2025-09-20,Sports,Football,2,3697,17,6137.02,Gold,Delhi,Debit Card
C1171,O56500,2025-11-12,Beauty,Face Wash,2,2751,11,4896.78,Gold,Bangalore,Net Banking
C1140,O63505,2025-12-17,Home Decor,Lamp,5,8462,25,31732.5,Platinum,Bangalore,Net Banking
C1643,O50527,2025-06-16,Home Decor,Curtains,3,8460,12,22334.4,Platinum,Pune,Debit Card
C1629,O29794,2025-08-20,Sports,Football,1,6893,4,6617.28,Silver,Mumbai,UPI
C1981,O14171,2025-10-24,Sports,Dumbbells,2,9796,10,17632.8,Platinum,Chennai,Debit Card
C1089,O41687,2025-12-11,Electronics,Smartphone,4,69837,5,265380.6,Gold,Mumbai,Debit Card
C1206,O48445,2025-11-15,Electronics,Laptop,4,31975,8,117668.0,Gold,Delhi,Wallet
C1723,O26323,2025-08-20,Fashion,Jacket,2,3262,18,5349.68,Platinum,Bangalore,Debit Card
C1445,O38415,2025-11-02,Home Decor,Carpet,2,6394,8,11764.96,Gold,Delhi,Debit Card
C1754,O59811,2025-06-09,Beauty,Perfume,2,4318,2,8463.28,Gold,Hyderabad,UPI
C1141,O47202,2025-09-19,Groceries,Eggs,1,2568,25,1926.0,Platinum,Pune,Credit Card
C1098,O82519,2025-10-14,Groceries,Bread,3,2469,16,6221.88,Gold,Hyderabad,Debit Card
C1493,O37838,2025-10-07,Electronics,Smart Watch,1,63732,16,53534.88,Gold,Bangalore,Debit Card
C1309,O12624,2026-03-16,Electronics,Headphones,2,17406,16,29242.08,Silver,Pune,UPI
C1843,O96420,2026-05-15,Home Decor,Curtains,4,2518,23,7755.44,Silver,Delhi,Wallet
C1884,O75088,2025-08-01,Groceries,Bread,2,1985,26,2937.8,Silver,Bangalore,Debit Card
C1371,O29924,2025-12-07,Sports,Yoga Mat,2,3408,22,5316.48,Platinum,Chennai,Net Banking
C1330,O79224,2025-12-27,Groceries,Rice,1,838,10,754.2,Gold,Bangalore,Wallet
C1648,O54431,2025-09-21,Beauty,Perfume,4,4140,3,16063.2,Silver,Mumbai,UPI
C1278,O79161,2025-09-07,Sports,Football,4,8380,14,28827.2,Platinum,Mumbai,Wallet
C1164,O54314,2026-05-06,Groceries,Rice,3,1818,30,3817.8,Silver,Pune,Debit Card
C1438,O26923,2025-10-21,Electronics,Smartphone,4,55206,11,196533.36,Platinum,Mumbai,Net Banking
C1892,O90131,2025-12-17,Sports,Dumbbells,4,3792,16,12741.12,Platinum,Bangalore,UPI
C1369,O78459,2025-12-11,Electronics,Smartphone,1,18524,2,18153.52,Silver,Mumbai,Credit Card
C1799,O15362,2026-05-17,Home Decor,Lamp,4,10537,26,31189.52,Gold,Bangalore,Debit Card
C1581,O46849,2025-10-30,Electronics,Headphones,3,25048,4,72138.24,Silver,Hyderabad,UPI
C1102,O35913,2025-08-09,Home Decor,Lamp,5,9975,5,47381.25,Gold,Bangalore,Net Banking
C1385,O91178,2025-07-05,Groceries,Milk,2,2414,11,4296.92,Platinum,Mumbai,Credit Card
C1133,O30424,2025-10-26,Groceries,Bread,2,1934,2,3790.64,Platinum,Mumbai,Wallet
C1079,O80339,2025-10-08,Groceries,Bread,3,2101,1,6239.97,Gold,Hyderabad,Credit Card
C1916,O18685,2025-12-23,Fashion,Shoes,3,3387,3,9856.17,Silver,Bangalore,Credit Card
C1557,O35615,2026-01-16,Beauty,Perfume,2,4623,20,7396.8,Gold,Pune,Debit Card
C1436,O84828,2026-04-15,Beauty,Moisturizer,2,4719,23,7267.26,Silver,Chennai,UPI
C1535,O45677,2025-10-17,Beauty,Perfume,1,7816,15,6643.6,Platinum,Hyderabad,Wallet
C1515,O25513,2025-06-20,Groceries,Bread,4,1873,8,6892.64,Gold,Delhi,Debit Card
C1878,O57070,2026-01-08,Sports,Yoga Mat,3,12418,25,27940.5,Platinum,Bangalore,Credit Card
C1270,O24139,2025-11-10,Electronics,Laptop,3,21115,2,62078.1,Silver,Bangalore,Wallet
C1073,O44696,2026-03-02,Sports,Dumbbells,2,6148,6,11558.24,Silver,Delhi,Wallet
C1469,O20911,2025-12-05,Electronics,Smartphone,3,26272,29,55959.36,Platinum,Pune,UPI
C1822,O79980,2026-03-03,Sports,Yoga Mat,2,5184,18,8501.76,Gold,Pune,Wallet
C1353,O74623,2026-01-08,Sports,Dumbbells,5,4242,24,16119.6,Gold,Hyderabad,Credit Card
C1601,O65950,2025-09-21,Groceries,Milk,3,2428,17,6045.72,Platinum,Bangalore,Credit Card
C1020,O20209,2025-11-10,Home Decor,Wall Art,4,8934,19,28946.16,Silver,Chennai,Credit Card
C1990,O86445,2025-10-01,Fashion,Jeans,4,3230,23,9948.4,Platinum,Mumbai,Credit Card
C1871,O23951,2025-10-22,Groceries,Eggs,3,1592,29,3390.96,Platinum,Delhi,Debit Card
C1582,O97000,2025-08-22,Beauty,Shampoo,4,1605,27,4686.6,Silver,Hyderabad,Debit Card
C1272,O10800,2026-02-18,Groceries,Eggs,4,1593,15,5416.2,Silver,Hyderabad,Credit Card
C1608,O77476,2025-12-14,Sports,Cricket Bat,3,3223,23,7445.13,Silver,Chennai,Wallet
C1736,O93787,2025-11-24,Groceries,Milk,3,267,14,688.86,Silver,Pune,Credit Card
C1959,O97830,2026-04-10,Sports,Yoga Mat,2,6943,7,12913.98,Gold,Chennai,Debit Card
C1158,O15784,2025-06-28,Electronics,Smartphone,3,47381,12,125085.84,Silver,Hyderabad,Debit Card
C1103,O50688,2026-06-04,Beauty,Moisturizer,4,4810,30,13468.0,Silver,Bangalore,Debit Card
C1204,O19422,2026-04-19,Home Decor,Lamp,1,4606,25,3454.5,Gold,Pune,Wallet
C1203,O56349,2025-11-06,Groceries,Rice,2,1754,0,3508.0,Silver,Chennai,Net Banking
C1146,O56796,2026-01-18,Fashion,Jeans,5,1945,29,6904.75,Gold,Mumbai,Net Banking
C1785,O29792,2025-07-29,Electronics,Laptop,1,59802,19,48439.62,Gold,Hyderabad,Wallet
C1645,O91320,2026-04-27,Electronics,Laptop,4,48394,26,143246.24,Silver,Pune,Net Banking
C1846,O82990,2026-03-11,Groceries,Milk,3,1432,7,3995.28,Gold,Bangalore,UPI
C1737,O82864,2026-01-04,Sports,Football,5,7494,22,29226.6,Gold,Chennai,Net Banking
C1968,O27758,2026-02-06,Electronics,Laptop,4,31480,10,113328.0,Gold,Chennai,Net Banking
C1069,O51524,2025-06-19,Beauty,Perfume,4,8600,22,26832.0,Platinum,Pune,Credit Card
C1362,O10107,2026-02-11,Beauty,Moisturizer,2,5432,10,9777.6,Platinum,Pune,Wallet
C1871,O42868,2025-07-09,Home Decor,Lamp,1,2585,24,1964.6,Silver,Delhi,UPI
C1088,O26169,2025-10-29,Groceries,Eggs,4,1673,3,6491.24,Silver,Delhi,UPI
C1980,O70854,2025-08-31,Electronics,Laptop,3,46552,18,114517.92,Silver,Pune,Net Banking
C1765,O47482,2026-04-18,Electronics,Smart Watch,4,33791,24,102724.64,Silver,Delhi,UPI
C1582,O21591,2026-02-25,Fashion,Jeans,1,2155,9,1961.05,Silver,Chennai,Wallet
C1932,O23160,2025-07-18,Groceries,Milk,1,2811,27,2052.03,Gold,Bangalore,Net Banking
C1126,O28696,2026-01-31,Beauty,Moisturizer,1,1830,11,1628.7,Silver,Hyderabad,UPI
C1575,O55929,2026-02-01,Sports,Football,3,6854,0,20562.0,Platinum,Bangalore,Wallet
C1320,O25704,2026-01-28,Electronics,Smartphone,1,19502,3,18916.94,Platinum,Bangalore,Wallet
C1797,O46756,2025-06-05,Fashion,T-Shirt,3,1806,28,3900.96,Gold,Delhi,Debit Card
C1385,O75828,2025-12-05,Home Decor,Curtains,4,3978,19,12888.72,Silver,Mumbai,Credit Card
C1542,O92727,2025-11-17,Sports,Cricket Bat,5,5719,4,27451.2,Gold,Mumbai,Credit Card
C1425,O25604,2025-07-02,Beauty,Face Wash,4,6360,10,22896.0,Gold,Hyderabad,Net Banking
C1183,O47490,2026-02-10,Home Decor,Curtains,1,1365,18,1119.3,Silver,Delhi,Net Banking
C1826,O61317,2026-03-03,Beauty,Shampoo,5,1398,16,5871.6,Platinum,Bangalore,Net Banking
C1757,O96665,2025-08-19,Fashion,Shoes,2,1278,29,1814.76,Silver,Pune,Net Banking
C1153,O31183,2025-09-26,Sports,Dumbbells,4,2928,7,10892.16,Platinum,Mumbai,Debit Card
C1994,O92318,2026-05-14,Electronics,Smart Watch,5,10820,22,42198.0,Silver,Delhi,UPI
C1183,O44426,2025-12-17,Beauty,Moisturizer,2,1982,23,3052.28,Platinum,Mumbai,Credit Card
C1995,O17066,2026-04-29,Home Decor,Wall Art,5,6624,23,25502.4,Platinum,Hyderabad,Wallet
C1238,O65066,2025-07-26,Fashion,T-Shirt,5,1035,2,5071.5,Gold,Bangalore,Credit Card
C1092,O75185,2026-02-04,Electronics,Headphones,2,29828,1,59059.44,Platinum,Mumbai,Debit Card
C1439,O39734,2025-10-05,Groceries,Eggs,1,748,20,598.4,Silver,Pune,Credit Card
C1528,O34528,2025-08-25,Sports,Dumbbells,1,1659,6,1559.46,Gold,Chennai,Net Banking
C1996,O82532,2026-02-12,Home Decor,Curtains,1,18052,14,15524.72,Platinum,Hyderabad,UPI
C1032,O90718,2025-11-07,Electronics,Laptop,5,49366,18,202400.6,Silver,Mumbai,Debit Card
C1230,O31919,2025-08-28,Fashion,Jacket,3,6177,18,15195.42,Gold,Pune,Debit Card
C1758,O32270,2025-11-09,Electronics,Headphones,3,45757,19,111189.51,Gold,Chennai,Debit Card
C1767,O29446,2026-02-28,Beauty,Face Wash,3,9684,10,26146.8,Platinum,Chennai,Net Banking
C1316,O99770,2026-02-19,Home Decor,Carpet,5,10730,28,38628.0,Platinum,Mumbai,Debit Card
C1246,O61435,2026-02-23,Sports,Yoga Mat,2,3961,23,6099.94,Silver,Bangalore,Net Banking
C1935,O24344,2025-09-01,Groceries,Eggs,1,1131,26,836.94,Gold,Delhi,Net Banking
C1361,O73389,2025-06-27,Groceries,Milk,2,2604,11,4635.12,Gold,Chennai,UPI
C1601,O44106,2025-06-25,Groceries,Eggs,4,1213,20,3881.6,Gold,Bangalore,UPI
C1834,O89947,2025-11-11,Beauty,Moisturizer,4,4072,10,14659.2,Silver,Hyderabad,Wallet
C1905,O61935,2026-04-28,Sports,Football,4,4280,29,12155.2,Platinum,Delhi,UPI
C1025,O90212,2026-01-03,Fashion,Jacket,4,595,22,1856.4,Silver,Delhi,Credit Card
C1952,O61630,2025-12-12,Sports,Dumbbells,1,4927,19,3990.87,Gold,Hyderabad,Net Banking
C1177,O22529,2025-10-01,Fashion,T-Shirt,2,1258,13,2188.92,Platinum,Delhi,Net Banking
C1744,O97366,2026-04-24,Groceries,Milk,4,609,26,1802.64,Silver,Delhi,Credit Card
C1556,O40666,2026-04-26,Beauty,Shampoo,3,7215,5,20562.75,Gold,Bangalore,Net Banking
C1258,O79558,2025-09-03,Groceries,Eggs,1,3530,0,3530.0,Platinum,Delhi,Wallet
C1284,O57294,2026-02-23,Fashion,T-Shirt,2,3767,12,6629.92,Silver,Pune,Net Banking
C1627,O98397,2026-03-30,Electronics,Smartphone,3,70478,5,200862.3,Platinum,Mumbai,Wallet
C1994,O16244,2026-06-04,Fashion,Jacket,2,6955,4,13353.6,Gold,Pune,Wallet
C1162,O64994,2026-03-11,Home Decor,Curtains,1,9558,7,8888.94,Silver,Chennai,Wallet
C1365,O89360,2026-05-21,Fashion,Shoes,1,1108,16,930.72,Silver,Delhi,UPI
C1911,O51915,2025-10-24,Electronics,Smart Watch,1,11566,12,10178.08,Gold,Delhi,UPI
C1675,O14787,2025-06-11,Fashion,Shoes,1,2540,18,2082.8,Platinum,Hyderabad,Wallet
C1299,O91135,2025-11-12,Home Decor,Wall Art,1,18116,28,13043.52,Platinum,Pune,Credit Card
C1919,O78255,2026-03-08,Groceries,Milk,4,1084,19,3512.16,Gold,Hyderabad,UPI
C1449,O78311,2025-12-11,Sports,Cricket Bat,4,14878,4,57131.52,Platinum,Pune,Wallet
C1049,O57058,2026-03-08,Home Decor,Lamp,1,2856,27,2084.88,Silver,Delhi,Credit Card
C1725,O29484,2025-07-26,Beauty,Moisturizer,5,2537,30,8879.5,Silver,Pune,Net Banking
C1212,O91982,2026-02-04,Sports,Yoga Mat,1,3914,25,2935.5,Platinum,Mumbai,Wallet
C1911,O76044,2025-11-12,Sports,Cricket Bat,4,5932,28,17084.16,Gold,Mumbai,Wallet
C1246,O50883,2025-09-29,Beauty,Perfume,1,7384,28,5316.48,Platinum,Mumbai,Net Banking
C1171,O68078,2025-06-08,Electronics,Headphones,3,10756,18,26459.76,Silver,Bangalore,Wallet
C1269,O41497,2025-10-08,Beauty,Face Wash,1,1768,16,1485.12,Silver,Delhi,Wallet
C1216,O11707,2026-02-07,Home Decor,Lamp,5,4882,2,23921.8,Platinum,Mumbai,UPI
C1701,O23914,2025-10-09,Groceries,Milk,1,3464,16,2909.76,Platinum,Bangalore,Debit Card
C1702,O24269,2025-12-03,Beauty,Face Wash,4,1324,28,3813.12,Silver,Mumbai,Wallet
C1180,O62692,2026-02-16,Groceries,Rice,1,2926,17,2428.58,Gold,Mumbai,Credit Card
C1170,O37023,2026-01-25,Home Decor,Lamp,2,13652,13,23754.48,Platinum,Mumbai,Credit Card
C1783,O78218,2026-05-28,Groceries,Rice,2,1984,14,3412.48,Platinum,Mumbai,Credit Card
C1368,O53039,2026-03-22,Sports,Dumbbells,4,3400,13,11832.0,Gold,Mumbai,Credit Card
C1829,O90536,2025-07-19,Groceries,Milk,4,553,12,1946.56,Gold,Mumbai,Net Banking
C1378,O68291,2025-10-24,Beauty,Moisturizer,1,862,24,655.12,Gold,Hyderabad,UPI
C1520,O51550,2025-09-25,Groceries,Bread,2,1931,7,3591.66,Silver,Hyderabad,Net Banking
C1782,O30730,2026-02-07,Electronics,Headphones,3,25725,18,63283.5,Gold,Hyderabad,Credit Card
C1675,O14825,2026-03-19,Home Decor,Carpet,2,4561,9,8301.02,Silver,Mumbai,Net Banking
C1642,O15663,2026-03-06,Sports,Cricket Bat,5,1144,13,4976.4,Gold,Mumbai,Wallet
C1755,O73892,2026-03-15,Groceries,Bread,4,193,18,633.04,Silver,Hyderabad,Wallet
C1904,O62309,2025-11-02,Groceries,Rice,5,1462,27,5336.3,Gold,Mumbai,Credit Card
C1999,O21231,2025-06-06,Sports,Football,1,7055,10,6349.5,Silver,Chennai,Debit Card
C1004,O75748,2026-03-07,Beauty,Moisturizer,2,4891,11,8705.98,Silver,Hyderabad,Net Banking
C1415,O12333,2025-08-04,Beauty,Perfume,4,444,12,1562.88,Silver,Bangalore,Wallet
C1076,O52141,2025-07-02,Sports,Yoga Mat,5,3120,9,14196.0,Platinum,Bangalore,Credit Card
C1894,O24241,2026-01-30,Fashion,Jacket,3,4345,12,11470.8,Silver,Chennai,Wallet
C1898,O29723,2025-07-20,Electronics,Smart Watch,5,40854,13,177714.9,Gold,Bangalore,Net Banking
C1446,O22958,2026-02-12,Electronics,Headphones,5,32505,6,152773.5,Gold,Bangalore,Wallet
C1130,O33446,2026-01-23,Groceries,Bread,5,1483,17,6154.45,Silver,Delhi,Credit Card
C1881,O76315,2025-12-31,Groceries,Rice,4,352,14,1210.88,Platinum,Pune,Net Banking
C1895,O67360,2025-07-13,Home Decor,Wall Art,4,3432,13,11943.36,Platinum,Mumbai,Credit Card
C1992,O38571,2025-11-16,Electronics,Smartphone,5,26599,26,98416.3,Gold,Delhi,Debit Card
C1018,O38289,2025-08-27,Fashion,Jeans,5,5632,11,25062.4,Gold,Delhi,Credit Card
C1694,O26949,2026-05-15,Electronics,Laptop,5,41274,14,177478.2,Gold,Hyderabad,Debit Card
C1700,O60255,2025-11-30,Beauty,Face Wash,2,3210,1,6355.8,Silver,Bangalore,Wallet
C1397,O95193,2025-07-20,Sports,Cricket Bat,1,1931,29,1371.01,Silver,Hyderabad,UPI
C1630,O92093,2025-11-17,Sports,Yoga Mat,2,10240,18,16793.6,Gold,Mumbai,Credit Card
C1814,O86327,2026-04-22,Fashion,T-Shirt,1,2502,14,2151.72,Silver,Delhi,Credit Card
C1544,O22057,2026-01-24,Fashion,T-Shirt,2,4688,26,6938.24,Platinum,Chennai,Net Banking
C1123,O28376,2025-09-28,Groceries,Rice,5,1006,12,4426.4,Platinum,Hyderabad,Debit Card
C1387,O24946,2025-09-18,Fashion,T-Shirt,2,2046,28,2946.24,Silver,Pune,Credit Card
C1183,O98707,2025-08-19,Sports,Dumbbells,4,2336,30,6540.8,Platinum,Delhi,UPI
C1311,O34571,2025-12-08,Home Decor,Curtains,3,10068,20,24163.2,Platinum,Delhi,Net Banking
C1456,O92280,2025-10-14,Beauty,Shampoo,1,6554,25,4915.5,Platinum,Mumbai,Wallet
C1030,O68514,2025-11-03,Sports,Cricket Bat,3,975,26,2164.5,Silver,Delhi,Wallet
C1520,O93313,2025-08-19,Groceries,Rice,1,2805,2,2748.9,Gold,Bangalore,Credit Card
C1951,O79266,2025-12-20,Fashion,Shoes,4,1575,1,6237.0,Gold,Mumbai,Debit Card
C1936,O60774,2025-06-06,Groceries,Eggs,1,506,27,369.38,Silver,Delhi,UPI
C1766,O88976,2025-11-17,Groceries,Eggs,1,831,23,639.87,Gold,Mumbai,Wallet
C1809,O14122,2026-05-20,Groceries,Rice,4,2799,2,10972.08,Gold,Pune,Credit Card
C1919,O42378,2025-07-01,Sports,Football,5,9189,19,37215.45,Gold,Delhi,Net Banking
C1729,O24806,2026-01-07,Beauty,Perfume,3,4339,25,9762.75,Silver,Pune,UPI
C1387,O35133,2025-07-27,Fashion,T-Shirt,5,3135,30,10972.5,Silver,Hyderabad,Debit Card
C1983,O43509,2026-04-19,Home Decor,Curtains,5,3524,26,13038.8,Platinum,Hyderabad,Credit Card
C1544,O60658,2025-10-04,Home Decor,Curtains,3,14602,8,40301.52,Gold,Mumbai,Debit Card
C1287,O68489,2025-07-05,Home Decor,Carpet,4,4896,26,14492.16,Gold,Chennai,Wallet
C1418,O10008,2025-07-22,Groceries,Rice,5,130,9,591.5,Silver,Bangalore,Net Banking
C1329,O88054,2025-08-05,Home Decor,Lamp,5,1985,4,9528.0,Silver,Pune,Wallet
C1270,O60998,2026-05-15,Groceries,Rice,5,1756,20,7024.0,Silver,Chennai,Wallet
C1931,O61801,2025-08-23,Electronics,Headphones,3,55970,29,119216.1,Platinum,Pune,Net Banking
C1059,O40540,2025-09-08,Fashion,T-Shirt,4,2440,13,8491.2,Gold,Mumbai,Net Banking
C1726,O55220,2026-05-06,Fashion,Jeans,1,5454,12,4799.52,Gold,Mumbai,Wallet
C1777,O58470,2025-12-15,Groceries,Eggs,4,3568,24,10846.72,Platinum,Delhi,Credit Card
C1037,O25182,2026-05-17,Electronics,Smartphone,1,39729,10,35756.1,Gold,Pune,Debit Card
C1883,O27118,2025-08-07,Beauty,Shampoo,2,6572,30,9200.8,Platinum,Pune,Credit Card
C1385,O65709,2025-06-12,Groceries,Milk,5,3178,28,11440.8,Platinum,Hyderabad,Debit Card
C1329,O77874,2026-01-08,Fashion,Shoes,3,3687,23,8516.97,Gold,Chennai,UPI
C1553,O80621,2026-05-25,Groceries,Bread,3,892,3,2595.72,Silver,Chennai,UPI
C1224,O97234,2025-08-31,Electronics,Smartphone,4,74132,25,222396.0,Platinum,Delhi,Wallet
C1652,O63020,2026-01-12,Electronics,Smart Watch,3,5636,28,12173.76,Silver,Pune,Debit Card
C1597,O93227,2025-10-23,Fashion,Shoes,1,1207,3,1170.79,Silver,Pune,Wallet
C1990,O50475,2025-11-20,Home Decor,Lamp,4,3024,25,9072.0,Platinum,Hyderabad,Net Banking
C1657,O99902,2025-07-11,Groceries,Milk,3,1503,23,3471.93,Silver,Chennai,Net Banking
C1990,O19740,2025-11-12,Groceries,Eggs,1,1042,20,833.6,Platinum,Bangalore,Net Banking
C1647,O26167,2026-01-03,Sports,Cricket Bat,3,15284,10,41266.8,Platinum,Hyderabad,Credit Card
C1522,O52048,2026-05-18,Fashion,Shoes,3,4791,22,11210.94,Gold,Hyderabad,UPI
C1718,O31545,2026-01-31,Sports,Cricket Bat,3,4188,14,10805.04,Platinum,Pune,UPI
C1892,O43522,2025-11-23,Beauty,Shampoo,3,5170,16,13028.4,Gold,Delhi,Net Banking
C1232,O39318,2025-10-19,Home Decor,Curtains,2,10284,7,19128.24,Gold,Chennai,Wallet
C1928,O41758,2025-08-03,Beauty,Face Wash,4,3420,16,11491.2,Platinum,Delhi,Wallet
C1086,O13006,2026-05-25,Electronics,Laptop,5,57308,15,243559.0,Platinum,Chennai,Wallet
C1801,O53930,2025-08-19,Home Decor,Curtains,3,6004,15,15310.2,Platinum,Hyderabad,Debit Card
C1610,O85302,2025-07-28,Beauty,Perfume,5,3399,13,14785.65,Silver,Bangalore,Debit Card
C1788,O75228,2025-08-24,Groceries,Eggs,1,1186,6,1114.84,Platinum,Bangalore,UPI
C1903,O35965,2026-04-07,Electronics,Smartphone,1,53902,29,38270.42,Platinum,Delhi,Debit Card
C1985,O23072,2026-03-09,Groceries,Eggs,3,654,17,1628.46,Platinum,Bangalore,Debit Card
C1036,O86561,2026-04-01,Home Decor,Curtains,1,7737,14,6653.82,Silver,Delhi,Net Banking
C1971,O32285,2025-10-31,Home Decor,Lamp,5,6998,9,31840.9,Platinum,Chennai,Wallet
C1136,O87761,2025-10-02,Home Decor,Wall Art,4,15934,13,55450.32,Platinum,Pune,Credit Card
C1140,O57734,2026-03-10,Sports,Football,1,9061,18,7430.02,Gold,Bangalore,Credit Card
C1186,O34411,2026-01-29,Groceries,Rice,2,630,11,1121.4,Platinum,Hyderabad,Wallet
C1331,O86002,2026-02-12,Groceries,Eggs,1,1820,2,1783.6,Silver,Mumbai,Net Banking
C1749,O69767,2025-11-06,Sports,Dumbbells,4,15002,28,43205.76,Platinum,Chennai,Debit Card
C1668,O43503,2026-04-07,Home Decor,Lamp,3,4788,1,14220.36,Silver,Hyderabad,Debit Card
C1975,O94686,2026-01-18,Sports,Dumbbells,4,2037,7,7577.64,Silver,Delhi,UPI
C1606,O68775,2025-06-05,Sports,Football,3,1790,10,4833.0,Silver,Pune,Credit Card
C1085,O22539,2026-04-10,Groceries,Bread,1,1596,29,1133.16,Platinum,Bangalore,Credit Card
C1598,O89140,2026-05-08,Home Decor,Curtains,2,3796,24,5769.92,Gold,Bangalore,Wallet
C1773,O87571,2026-04-22,Electronics,Smart Watch,4,41751,7,155313.72,Gold,Delhi,Net Banking
C1493,O81678,2025-12-13,Beauty,Moisturizer,5,2210,8,10166.0,Platinum,Pune,Net Banking
C1454,O86217,2026-01-28,Groceries,Bread,5,1434,24,5449.2,Platinum,Mumbai,Credit Card
C1360,O25655,2025-09-17,Groceries,Eggs,3,727,28,1570.32,Silver,Chennai,Debit Card
C1310,O92044,2026-02-05,Electronics,Laptop,5,15258,14,65609.4,Platinum,Delhi,UPI
C1370,O22450,2025-11-10,Beauty,Perfume,1,1482,23,1141.14,Gold,Hyderabad,Credit Card
C1011,O69985,2025-11-17,Home Decor,Lamp,2,7221,3,14008.74,Gold,Chennai,Net Banking
C1035,O49470,2025-07-12,Beauty,Perfume,3,5863,10,15830.1,Gold,Chennai,Wallet
C1088,O73114,2025-06-21,Groceries,Bread,5,2516,19,10189.8,Platinum,Hyderabad,Wallet
C1200,O51405,2025-06-12,Home Decor,Wall Art,3,1452,21,3441.24,Silver,Hyderabad,Net Banking
C1289,O26821,2025-08-26,Groceries,Milk,5,1585,5,7528.75,Gold,Bangalore,Debit Card
C1024,O88552,2025-11-23,Home Decor,Carpet,1,9703,19,7859.43,Silver,Delhi,Debit Card
C1918,O34237,2025-10-07,Groceries,Milk,4,1493,7,5553.96,Silver,Bangalore,UPI
C1394,O37681,2025-08-08,Fashion,Shoes,2,2958,16,4969.44,Platinum,Delhi,Net Banking
C1990,O49294,2025-11-05,Home Decor,Curtains,4,13152,17,43664.64,Platinum,Chennai,Wallet
C1692,O27367,2025-07-14,Electronics,Smart Watch,5,35135,29,124729.25,Silver,Mumbai,Credit Card
C1843,O99206,2025-12-15,Beauty,Moisturizer,2,3936,10,7084.8,Gold,Chennai,Debit Card
C1517,O40878,2025-12-21,Sports,Football,3,15444,18,37992.24,Platinum,Pune,Credit Card
C1899,O89797,2025-07-17,Electronics,Laptop,3,33269,12,87830.16,Silver,Pune,Debit Card
C1472,O72402,2025-07-07,Sports,Yoga Mat,2,2103,20,3364.8,Gold,Delhi,Net Banking
C1623,O10966,2025-09-10,Home Decor,Lamp,3,3385,30,7108.5,Silver,Mumbai,UPI
C1885,O28411,2025-07-18,Fashion,Shoes,1,4972,23,3828.44,Platinum,Delhi,Wallet
C1782,O64108,2025-07-27,Groceries,Rice,1,1486,24,1129.36,Platinum,Hyderabad,Net Banking
C1300,O28358,2025-12-02,Home Decor,Carpet,5,14754,30,51639.0,Gold,Chennai,Credit Card
C1910,O70305,2025-07-15,Groceries,Milk,2,1478,12,2601.28,Silver,Hyderabad,UPI
C1164,O90590,2025-10-01,Electronics,Smart Watch,1,51022,9,46430.02,Gold,Delhi,Net Banking
C1419,O40187,2026-03-17,Fashion,Jacket,4,5198,27,15178.16,Platinum,Pune,Net Banking
C1012,O64034,2025-08-04,Beauty,Perfume,1,7176,14,6171.36,Gold,Hyderabad,Debit Card
C1407,O37445,2026-05-14,Home Decor,Curtains,5,14181,13,61687.35,Gold,Hyderabad,UPI
C1071,O76958,2026-02-05,Beauty,Perfume,4,5581,12,19645.12,Gold,Pune,Credit Card
C1754,O88294,2025-10-09,Home Decor,Wall Art,3,5390,13,14067.9,Platinum,Pune,Wallet
C1827,O52213,2025-07-09,Electronics,Smart Watch,1,63456,24,48226.56,Gold,Mumbai,Credit Card
C1751,O50159,2025-11-27,Electronics,Laptop,3,48256,27,105680.64,Gold,Delhi,Net Banking
C1094,O98784,2025-07-13,Sports,Yoga Mat,3,9726,4,28010.88,Platinum,Mumbai,UPI
C1460,O27183,2026-02-08,Beauty,Face Wash,3,4014,12,10596.96,Gold,Pune,Wallet
C1702,O58354,2026-01-09,Home Decor,Lamp,3,18608,30,39076.8,Platinum,Hyderabad,Wallet
C1261,O86586,2025-08-24,Sports,Cricket Bat,1,6484,23,4992.68,Platinum,Chennai,Credit Card
C1027,O28034,2025-08-12,Electronics,Laptop,4,7827,26,23167.92,Silver,Pune,Net Banking
C1663,O28373,2026-05-03,Home Decor,Wall Art,3,2444,23,5645.64,Platinum,Delhi,Debit Card
C1128,O71121,2025-11-04,Electronics,Laptop,2,33576,3,65137.44,Silver,Hyderabad,Debit Card
C1804,O20075,2026-04-02,Electronics,Headphones,4,95818,11,341112.08,Platinum,Hyderabad,Credit Card
C1032,O18781,2026-05-20,Groceries,Bread,5,1786,4,8572.8,Silver,Pune,Wallet
C1433,O75936,2026-05-24,Groceries,Milk,5,599,25,2246.25,Silver,Chennai,Net Banking
C1141,O80634,2025-10-20,Electronics,Laptop,5,43363,27,158274.95,Gold,Bangalore,Wallet
C1543,O17686,2026-01-04,Fashion,Jeans,5,4271,27,15589.15,Silver,Pune,Credit Card
C1910,O71406,2025-08-29,Fashion,T-Shirt,5,3488,19,14126.4,Silver,Chennai,Debit Card
C1738,O81994,2026-05-04,Sports,Dumbbells,5,5098,11,22686.1,Gold,Pune,Debit Card
C1280,O26767,2026-05-26,Electronics,Smart Watch,5,36253,24,137761.4,Silver,Delhi,Net Banking
C1617,O18375,2026-03-17,Beauty,Shampoo,3,6994,14,18044.52,Platinum,Mumbai,Debit Card
C1602,O72632,2025-12-31,Home Decor,Lamp,1,18856,12,16593.28,Platinum,Chennai,Credit Card
C1452,O34846,2026-02-14,Groceries,Milk,1,1666,20,1332.8,Platinum,Delhi,UPI
C1431,O78714,2026-04-27,Fashion,Jeans,4,2632,23,8106.56,Silver,Pune,UPI
C1372,O30070,2025-07-29,Electronics,Smart Watch,3,59974,3,174524.34,Gold,Bangalore,UPI
C1106,O88144,2026-02-20,Groceries,Rice,4,2478,12,8722.56,Gold,Delhi,Credit Card
C1056,O48020,2025-08-13,Beauty,Face Wash,1,2376,12,2090.88,Silver,Delhi,UPI
C1166,O41411,2026-04-17,Beauty,Perfume,1,3852,18,3158.64,Gold,Hyderabad,UPI
C1684,O93001,2025-11-26,Home Decor,Wall Art,1,13484,4,12944.64,Platinum,Pune,Debit Card
C1802,O67116,2025-06-23,Electronics,Smartphone,5,71380,25,267675.0,Platinum,Delhi,Net Banking
C1855,O28145,2025-06-19,Home Decor,Carpet,4,17612,22,54949.44,Platinum,Mumbai,UPI
C1185,O65998,2025-09-21,Fashion,Shoes,1,3504,7,3258.72,Silver,Bangalore,Net Banking
C1194,O80820,2025-08-21,Home Decor,Wall Art,3,3754,1,11149.38,Platinum,Hyderabad,Credit Card
C1917,O85832,2026-04-28,Sports,Dumbbells,1,10468,2,10258.64,Gold,Pune,Wallet
C1802,O30501,2026-04-13,Home Decor,Wall Art,1,11528,0,11528.0,Platinum,Chennai,UPI
C1103,O36492,2025-12-30,Beauty,Moisturizer,3,3624,3,10545.84,Silver,Hyderabad,Debit Card
C1528,O45719,2025-07-21,Sports,Cricket Bat,4,4979,4,19119.36,Silver,Chennai,Credit Card
C1726,O51643,2025-11-22,Groceries,Bread,2,948,16,1592.64,Platinum,Bangalore,Debit Card
C1092,O52738,2026-05-31,Sports,Dumbbells,2,14894,19,24128.28,Platinum,Hyderabad,Debit Card
C1568,O74072,2026-02-06,Home Decor,Wall Art,4,4718,24,14342.72,Silver,Delhi,Debit Card
C1247,O21013,2026-04-02,Groceries,Rice,2,3734,3,7243.96,Platinum,Mumbai,Net Banking
C1843,O21452,2025-12-12,Sports,Football,3,2926,12,7724.64,Platinum,Delhi,Credit Card
C1093,O91053,2026-05-16,Home Decor,Wall Art,3,5520,2,16228.8,Platinum,Bangalore,Credit Card
C1305,O24026,2026-05-28,Home Decor,Curtains,1,10855,26,8032.7,Gold,Delhi,Debit Card
C1251,O91634,2026-02-07,Sports,Yoga Mat,1,10816,21,8544.64,Platinum,Bangalore,UPI
C1465,O35199,2025-07-18,Electronics,Smartphone,4,12850,8,47288.0,Silver,Pune,Wallet
C1986,O84868,2025-12-01,Home Decor,Wall Art,5,3523,14,15148.9,Silver,Delhi,Credit Card
C1334,O61286,2026-04-18,Sports,Cricket Bat,4,11602,8,42695.36,Gold,Chennai,Wallet
C1577,O62250,2025-09-29,Groceries,Rice,5,543,23,2090.55,Silver,Hyderabad,Debit Card
C1793,O75855,2026-05-09,Beauty,Perfume,5,4039,0,20195.0,Gold,Hyderabad,Wallet
C1729,O22255,2025-08-21,Beauty,Moisturizer,4,1621,26,4798.16,Gold,Delhi,Credit Card
C1559,O81320,2025-10-22,Fashion,Shoes,5,1432,10,6444.0,Platinum,Chennai,Wallet
C1943,O73232,2025-12-26,Sports,Dumbbells,3,6726,25,15133.5,Gold,Chennai,Wallet
C1105,O61752,2026-04-21,Fashion,T-Shirt,3,1526,18,3753.96,Silver,Hyderabad,Debit Card
C1602,O99053,2026-03-15,Groceries,Milk,1,1034,14,889.24,Platinum,Delhi,Credit Card
C1570,O25521,2025-10-29,Sports,Football,4,4123,24,12533.92,Gold,Pune,Debit Card
C1858,O83427,2025-09-14,Home Decor,Curtains,2,4588,7,8533.68,Silver,Hyderabad,Net Banking
C1101,O86738,2025-09-25,Groceries,Eggs,3,2802,9,7649.46,Platinum,Mumbai,UPI
C1216,O14109,2026-03-13,Electronics,Laptop,5,87644,15,372487.0,Platinum,Pune,Net Banking
C1023,O54153,2026-03-15,Beauty,Moisturizer,1,1277,28,919.44,Silver,Hyderabad,Wallet
C1223,O28216,2026-02-19,Home Decor,Wall Art,3,16008,30,33616.8,Platinum,Pune,UPI
C1502,O54898,2026-01-28,Beauty,Moisturizer,4,6608,21,20881.28,Platinum,Delhi,Credit Card
C1943,O31174,2026-03-08,Home Decor,Carpet,3,16740,29,35656.2,Platinum,Chennai,Debit Card
C1061,O61635,2026-01-07,Fashion,Shoes,4,6133,14,21097.52,Gold,Pune,Wallet
C1233,O80995,2026-01-04,Electronics,Smartphone,3,19252,1,57178.44,Gold,Hyderabad,Wallet
C1537,O91295,2026-02-02,Groceries,Rice,1,1152,5,1094.4,Platinum,Pune,UPI
C1367,O51135,2025-08-15,Sports,Yoga Mat,1,3712,9,3377.92,Silver,Bangalore,Net Banking
C1934,O21854,2026-03-11,Fashion,Shoes,2,3544,16,5953.92,Silver,Delhi,Net Banking
C1393,O61353,2025-07-10,Fashion,Jacket,3,2844,20,6825.6,Silver,Chennai,UPI
C1892,O26378,2026-02-26,Home Decor,Wall Art,5,9172,26,33936.4,Gold,Hyderabad,Net Banking
C1206,O44475,2026-01-28,Sports,Yoga Mat,3,760,10,2052.0,Silver,Pune,Net Banking
C1002,O80428,2025-12-27,Beauty,Moisturizer,3,2797,23,6461.07,Gold,Mumbai,Net Banking
C1331,O80845,2026-04-14,Fashion,Jeans,3,1467,12,3872.88,Silver,Pune,Wallet
C1061,O14910,2026-05-10,Sports,Cricket Bat,1,7671,29,5446.41,Gold,Pune,Credit Card
C1529,O75787,2026-03-09,Groceries,Rice,2,892,1,1766.16,Platinum,Delhi,Credit Card
C1976,O38983,2025-07-31,Sports,Dumbbells,2,4013,28,5778.72,Silver,Mumbai,Credit Card
C1628,O35560,2025-08-09,Groceries,Bread,3,1422,23,3284.82,Gold,Hyderabad,Wallet
C1217,O80544,2025-10-30,Fashion,Jeans,2,555,7,1032.3,Silver,Bangalore,Credit Card
C1087,O87714,2026-02-26,Groceries,Bread,5,2334,29,8285.7,Gold,Hyderabad,UPI
C1829,O30333,2025-07-02,Groceries,Eggs,1,3076,9,2799.16,Platinum,Mumbai,Wallet
C1324,O65762,2026-03-23,Beauty,Perfume,4,3384,14,11640.96,Gold,Hyderabad,UPI
C1791,O25241,2026-01-31,Electronics,Smartphone,2,59821,5,113659.9,Gold,Delhi,Credit Card
C1752,O18532,2025-08-02,Home Decor,Lamp,3,3230,5,9205.5,Platinum,Mumbai,Debit Card
C1095,O83964,2026-03-12,Electronics,Smartphone,2,65566,15,111462.2,Gold,Pune,Credit Card
C1063,O79252,2026-02-15,Sports,Yoga Mat,2,2968,8,5461.12,Silver,Chennai,Wallet
C1169,O28828,2026-05-19,Fashion,Jeans,1,4954,19,4012.74,Gold,Pune,Net Banking
C1145,O86924,2026-05-18,Sports,Football,5,3440,20,13760.0,Platinum,Hyderabad,Net Banking
C1364,O76030,2025-08-11,Groceries,Milk,2,2210,13,3845.4,Platinum,Hyderabad,Credit Card
C1949,O14423,2025-07-31,Home Decor,Lamp,1,12850,18,10537.0,Gold,Delhi,Debit Card
C1771,O67947,2025-07-23,Fashion,Shoes,5,7186,6,33774.2,Gold,Delhi,Wallet
C1035,O24186,2026-04-29,Beauty,Perfume,2,4662,27,6806.52,Silver,Delhi,Net Banking
C1775,O11153,2025-12-23,Sports,Yoga Mat,4,3898,8,14344.64,Gold,Hyderabad,Credit Card
C1411,O74196,2025-11-24,Beauty,Perfume,4,4731,26,14003.76,Gold,Hyderabad,Debit Card
C1608,O84392,2025-07-28,Beauty,Shampoo,1,7710,18,6322.2,Platinum,Delhi,Wallet
C1917,O98017,2025-07-23,Sports,Cricket Bat,1,5456,6,5128.64,Platinum,Delhi,Wallet
C1800,O44162,2026-05-16,Fashion,Jeans,5,1180,12,5192.0,Silver,Hyderabad,Wallet
C1708,O57936,2026-02-24,Home Decor,Wall Art,1,11097,3,10764.09,Gold,Bangalore,Net Banking
C1258,O78440,2025-07-20,Home Decor,Wall Art,2,2258,7,4199.88,Platinum,Hyderabad,Credit Card
C1007,O20124,2025-06-29,Electronics,Headphones,2,28836,5,54788.4,Gold,Delhi,Net Banking
C1642,O12097,2025-09-22,Home Decor,Wall Art,3,8326,0,24978.0,Platinum,Bangalore,UPI
C1015,O53790,2025-06-19,Home Decor,Wall Art,1,3388,9,3083.08,Platinum,Delhi,Net Banking
C1959,O45889,2026-01-27,Home Decor,Carpet,2,11800,0,23600.0,Platinum,Mumbai,UPI
C1130,O38038,2026-06-04,Beauty,Moisturizer,1,1963,23,1511.51,Silver,Hyderabad,Credit Card
C1262,O56484,2025-10-18,Fashion,Shoes,4,2441,1,9666.36,Silver,Mumbai,Debit Card
C1242,O30060,2026-03-29,Groceries,Bread,5,1140,13,4959.0,Gold,Delhi,Net Banking
C1551,O95713,2025-11-15,Sports,Yoga Mat,2,4370,14,7516.4,Silver,Delhi,Wallet
C1073,O85121,2025-08-30,Sports,Cricket Bat,1,9706,30,6794.2,Platinum,Mumbai,UPI
C1998,O43318,2025-11-04,Groceries,Eggs,4,2456,26,7269.76,Platinum,Mumbai,Credit Card
C1788,O14099,2026-01-09,Groceries,Rice,1,2590,12,2279.2,Platinum,Delhi,Wallet
C1611,O99673,2025-11-28,Electronics,Smartphone,2,51658,11,91951.24,Gold,Bangalore,Credit Card
C1659,O79377,2025-06-15,Electronics,Smartphone,3,63723,25,143376.75,Gold,Delhi,Credit Card
C1207,O24415,2026-04-26,Fashion,Jeans,1,6034,3,5852.98,Gold,Mumbai,Wallet
C1889,O47212,2025-07-06,Beauty,Shampoo,4,2145,24,6520.8,Gold,Bangalore,Wallet
C1731,O33927,2025-06-28,Sports,Football,1,6483,16,5445.72,Silver,Chennai,UPI
C1730,O32030,2025-09-05,Fashion,Shoes,3,6466,1,19204.02,Gold,Delhi,Credit Card
C1288,O58779,2025-06-14,Electronics,Laptop,5,11311,2,55423.9,Gold,Delhi,Net Banking
C1424,O85771,2025-08-11,Home Decor,Lamp,4,17156,5,65192.8,Platinum,Bangalore,Wallet
C1765,O79165,2026-03-11,Beauty,Perfume,2,1825,13,3175.5,Silver,Pune,Credit Card
C1576,O54469,2025-11-30,Sports,Dumbbells,1,1942,16,1631.28,Platinum,Mumbai,Credit Card
C1833,O44744,2025-10-14,Sports,Cricket Bat,5,4686,8,21555.6,Gold,Bangalore,Wallet
C1304,O66603,2025-11-25,Sports,Cricket Bat,2,6747,18,11065.08,Silver,Delhi,UPI
C1753,O19364,2025-10-26,Beauty,Shampoo,2,2340,0,4680.0,Gold,Mumbai,Net Banking
C1684,O19272,2026-03-05,Fashion,T-Shirt,2,4818,19,7805.16,Silver,Chennai,UPI
C1778,O79175,2025-10-26,Home Decor,Curtains,1,10231,30,7161.7,Gold,Delhi,Net Banking
C1180,O18370,2025-07-18,Electronics,Smart Watch,5,80088,8,368404.8,Platinum,Mumbai,Credit Card
C1788,O10545,2025-09-02,Home Decor,Lamp,2,10921,23,16818.34,Gold,Hyderabad,Wallet
C1878,O50776,2026-01-09,Sports,Yoga Mat,5,4180,6,19646.0,Silver,Bangalore,Wallet
C1367,O68535,2025-12-08,Beauty,Moisturizer,2,2377,27,3470.42,Gold,Chennai,Wallet
C1905,O71509,2025-08-20,Electronics,Smart Watch,4,75152,30,210425.6,Platinum,Bangalore,UPI
C1650,O55395,2025-10-07,Sports,Football,4,1753,16,5890.08,Gold,Chennai,UPI
C1227,O35705,2026-02-28,Fashion,Jeans,3,5298,21,12556.26,Gold,Mumbai,Debit Card
C1740,O94572,2025-07-28,Home Decor,Curtains,5,8771,11,39030.95,Silver,Mumbai,Debit Card
C1867,O81541,2026-03-26,Beauty,Moisturizer,2,808,14,1389.76,Gold,Hyderabad,UPI
C1675,O66503,2025-09-30,Sports,Dumbbells,2,2888,29,4100.96,Platinum,Bangalore,Credit Card
C1431,O89366,2026-01-24,Groceries,Eggs,1,1948,13,1694.76,Silver,Mumbai,UPI
C1631,O36207,2026-05-27,Sports,Yoga Mat,3,5292,19,12859.56,Silver,Bangalore,Debit Card
C1849,O41082,2026-01-05,Electronics,Smart Watch,4,11912,8,43836.16,Platinum,Delhi,Wallet
C1560,O80655,2025-08-25,Electronics,Laptop,5,40849,17,169523.35,Gold,Hyderabad,Net Banking
C1786,O98516,2026-06-03,Electronics,Laptop,3,10608,12,28005.12,Platinum,Chennai,Net Banking
C1402,O52962,2025-12-30,Beauty,Face Wash,5,4182,15,17773.5,Gold,Chennai,Credit Card
C1780,O85030,2025-12-15,Electronics,Headphones,1,40959,18,33586.38,Gold,Hyderabad,Wallet
C1675,O91548,2026-01-03,Home Decor,Carpet,1,5123,14,4405.78,Silver,Pune,Net Banking
C1917,O85343,2026-01-24,Fashion,Jacket,2,3217,1,6369.66,Silver,Chennai,UPI
C1578,O25212,2026-02-12,Groceries,Rice,4,1020,26,3019.2,Gold,Bangalore,Credit Card
C1901,O16952,2025-08-28,Fashion,Jacket,2,2593,25,3889.5,Silver,Chennai,UPI
C1868,O61864,2025-11-03,Sports,Yoga Mat,4,4524,0,18096.0,Silver,Hyderabad,Credit Card
C1119,O46961,2025-08-14,Sports,Cricket Bat,5,5563,8,25589.8,Silver,Delhi,UPI
C1418,O45124,2025-09-15,Groceries,Eggs,4,1468,25,4404.0,Gold,Bangalore,Net Banking
C1618,O75056,2025-10-10,Groceries,Bread,2,3064,29,4350.88,Platinum,Pune,Wallet
C1979,O62138,2025-07-23,Home Decor,Wall Art,5,5800,7,26970.0,Platinum,Delhi,Credit Card
C1670,O88296,2025-10-07,Fashion,T-Shirt,5,3260,0,16300.0,Platinum,Bangalore,Credit Card
C1093,O87819,2025-12-27,Sports,Yoga Mat,4,2254,5,8565.2,Gold,Delhi,Net Banking
C1874,O24043,2025-07-19,Home Decor,Curtains,5,9871,9,44913.05,Silver,Chennai,Credit Card
C1144,O69008,2026-03-31,Groceries,Milk,1,1235,10,1111.5,Silver,Delhi,Debit Card
C1730,O85548,2026-04-11,Sports,Cricket Bat,1,2325,26,1720.5,Silver,Mumbai,Credit Card
C1996,O48769,2026-04-29,Groceries,Rice,2,1012,25,1518.0,Platinum,Mumbai,Debit Card
C2000,O84780,2025-11-06,Home Decor,Carpet,4,3496,27,10208.32,Silver,Delhi,Credit Card
C1556,O76954,2025-07-02,Fashion,T-Shirt,5,3754,30,13139.0,Gold,Delhi,Credit Card
C1416,O92276,2026-06-03,Sports,Cricket Bat,1,14510,19,11753.1,Platinum,Chennai,Net Banking
C1313,O62403,2025-11-17,Fashion,Jeans,5,3623,17,15035.45,Silver,Bangalore,Wallet
C1250,O32314,2025-10-31,Sports,Dumbbells,3,10690,11,28542.3,Gold,Chennai,Wallet
C1461,O27856,2026-01-10,Electronics,Laptop,4,26234,19,84998.16,Platinum,Bangalore,Credit Card
C1340,O37758,2025-11-06,Electronics,Smart Watch,1,35204,18,28867.28,Silver,Hyderabad,Wallet
C1835,O56772,2026-04-06,Fashion,Jacket,4,4687,1,18560.52,Gold,Mumbai,Debit Card
C1228,O55693,2025-07-19,Electronics,Smartphone,1,32415,14,27876.9,Silver,Delhi,UPI
C1233,O85114,2025-11-17,Beauty,Face Wash,3,4628,15,11801.4,Silver,Bangalore,Wallet
C1940,O31357,2025-08-03,Fashion,Shoes,3,1661,5,4733.85,Silver,Pune,Wallet
C1921,O84408,2025-06-21,Home Decor,Wall Art,3,2394,20,5745.6,Platinum,Chennai,Credit Card
C1659,O48680,2025-10-16,Home Decor,Carpet,1,13674,14,11759.64,Gold,Mumbai,UPI
C1418,O79560,2025-11-25,Home Decor,Curtains,2,18284,8,33642.56,Platinum,Mumbai,Wallet
C1127,O36688,2025-09-10,Groceries,Milk,1,1164,10,1047.6,Silver,Pune,Wallet
C1739,O18584,2025-07-14,Groceries,Bread,3,2814,14,7260.12,Platinum,Mumbai,Net Banking
C1216,O85449,2026-05-04,Sports,Dumbbells,5,7306,8,33607.6,Gold,Mumbai,Credit Card
C1856,O16738,2026-02-10,Sports,Football,4,10950,16,36792.0,Gold,Chennai,Wallet
C1318,O56142,2025-10-28,Groceries,Rice,1,1084,23,834.68,Gold,Chennai,Credit Card
C1997,O15538,2025-09-04,Beauty,Moisturizer,4,3340,18,10955.2,Platinum,Chennai,Credit Card
C1532,O99421,2026-01-31,Beauty,Perfume,5,7730,1,38263.5,Platinum,Delhi,Debit Card
C1763,O42914,2025-12-18,Groceries,Rice,1,700,13,609.0,Gold,Pune,Net Banking
C1854,O75263,2025-12-19,Fashion,Jeans,1,3622,25,2716.5,Platinum,Bangalore,Debit Card
C1326,O46320,2025-06-14,Groceries,Rice,4,474,9,1725.36,Gold,Pune,UPI
C1763,O85102,2025-07-07,Electronics,Laptop,3,76490,13,199638.9,Platinum,Mumbai,UPI
C1632,O47777,2026-05-10,Sports,Dumbbells,5,5511,3,26728.35,Gold,Pune,Wallet
C1164,O11821,2026-04-10,Groceries,Eggs,3,1462,9,3991.26,Gold,Mumbai,Credit Card
C1671,O81981,2025-08-30,Electronics,Smart Watch,5,30074,15,127814.5,Silver,Bangalore,Credit Card
C1675,O26984,2026-03-20,Home Decor,Lamp,4,4171,4,16016.64,Silver,Chennai,UPI
C1700,O92702,2025-06-13,Fashion,T-Shirt,5,2533,14,10891.9,Gold,Chennai,Debit Card
C1378,O62348,2025-07-05,Home Decor,Lamp,2,19752,17,32788.32,Platinum,Hyderabad,Net Banking
C1547,O84067,2026-02-20,Sports,Cricket Bat,1,7951,17,6599.33,Silver,Bangalore,Credit Card
C1967,O17512,2026-05-11,Electronics,Smartphone,3,26206,22,61322.04,Silver,Mumbai,Debit Card
C1919,O84938,2025-08-02,Fashion,Jeans,3,3301,30,6932.1,Gold,Mumbai,Credit Card
C1298,O78488,2025-11-29,Home Decor,Lamp,2,18982,2,37204.72,Platinum,Mumbai,UPI
C1697,O48674,2026-05-02,Home Decor,Carpet,4,3672,6,13806.72,Silver,Delhi,Debit Card
C1090,O84229,2026-01-28,Electronics,Headphones,2,20145,8,37066.8,Gold,Pune,Credit Card
C1499,O48561,2026-02-05,Groceries,Milk,2,1848,21,2919.84,Gold,Hyderabad,UPI
C1850,O22235,2025-08-17,Home Decor,Lamp,3,8310,9,22686.3,Silver,Chennai,Credit Card
C1807,O22565,2025-06-22,Fashion,T-Shirt,1,2094,20,1675.2,Gold,Delhi,Wallet
C1653,O17706,2026-02-10,Home Decor,Lamp,3,2124,14,5479.92,Platinum,Mumbai,Credit Card
C1075,O77311,2025-06-18,Groceries,Milk,3,3590,12,9477.6,Platinum,Pune,Credit Card
C1094,O76919,2026-02-28,Electronics,Smart Watch,1,29535,3,28648.95,Gold,Chennai,Net Banking
C1138,O28172,2025-11-07,Electronics,Smart Watch,3,25189,23,58186.59,Gold,Bangalore,Credit Card
C1963,O45583,2025-12-16,Electronics,Smart Watch,4,39508,20,126425.6,Silver,Delhi,Net Banking
C1952,O98805,2025-11-14,Sports,Football,3,3423,7,9550.17,Gold,Pune,Net Banking
C1192,O70894,2025-12-05,Groceries,Eggs,4,1612,5,6125.6,Silver,Mumbai,Wallet
C1019,O49138,2025-09-29,Electronics,Laptop,2,20119,21,31788.02,Silver,Delhi,Net Banking
C1829,O21269,2025-10-07,Electronics,Smart Watch,3,32800,5,93480.0,Silver,Chennai,UPI
C1462,O26166,2025-10-17,Home Decor,Wall Art,3,5198,9,14190.54,Silver,Mumbai,Debit Card
C1009,O79326,2026-01-18,Beauty,Perfume,4,4363,21,13787.08,Gold,Mumbai,Wallet
C1361,O39340,2025-09-26,Fashion,Jeans,2,8444,6,15874.72,Platinum,Pune,Debit Card
C1961,O67536,2025-11-14,Sports,Yoga Mat,5,2259,30,7906.5,Silver,Pune,Credit Card
C1604,O31342,2025-10-15,Sports,Cricket Bat,1,4819,15,4096.15,Gold,Delhi,UPI
C1286,O99701,2025-10-20,Home Decor,Curtains,3,3356,20,8054.4,Silver,Hyderabad,UPI
C1323,O74556,2025-07-25,Fashion,T-Shirt,3,4279,23,9884.49,Silver,Pune,Debit Card
C1105,O65950,2025-11-06,Groceries,Rice,2,487,16,818.16,Gold,Delhi,Debit Card
C1676,O37314,2025-06-24,Sports,Dumbbells,1,2798,8,2574.16,Platinum,Hyderabad,UPI
C1571,O96608,2026-02-10,Beauty,Face Wash,3,5696,12,15037.44,Platinum,Bangalore,Credit Card
C1912,O97995,2026-03-10,Groceries,Eggs,1,3280,8,3017.6,Platinum,Mumbai,Net Banking
C1521,O80279,2026-05-21,Electronics,Headphones,2,68008,29,96571.36,Gold,Chennai,Credit Card
C1280,O70643,2026-05-09,Sports,Football,1,3678,4,3530.88,Platinum,Mumbai,Wallet
C1783,O63790,2025-09-16,Electronics,Laptop,2,87866,15,149372.2,Platinum,Mumbai,Debit Card
C1396,O72968,2025-10-08,Sports,Football,5,5964,7,27732.6,Gold,Delhi,Credit Card
C1163,O56658,2026-03-14,Sports,Football,1,4051,6,3807.94,Silver,Bangalore,Wallet
C1406,O55193,2025-08-10,Electronics,Smartphone,5,43273,21,170928.35,Silver,Mumbai,Debit Card
C1306,O39239,2026-03-01,Sports,Yoga Mat,5,819,26,3030.3,Gold,Pune,Net Banking
C1263,O99702,2026-02-07,Sports,Yoga Mat,2,11504,0,23008.0,Platinum,Delhi,UPI
C1058,O86229,2025-11-04,Beauty,Perfume,4,1510,29,4288.4,Platinum,Chennai,Net Banking
C1520,O23818,2026-01-22,Fashion,T-Shirt,5,6109,14,26268.7,Gold,Mumbai,Wallet
C1276,O27919,2025-12-25,Beauty,Face Wash,4,2486,20,7955.2,Platinum,Pune,Net Banking
C1754,O31205,2025-07-17,Sports,Dumbbells,3,3532,26,7841.04,Gold,Hyderabad,UPI
C1139,O35966,2025-12-09,Beauty,Perfume,3,7338,14,18932.04,Gold,Pune,Wallet
C1755,O25686,2026-01-18,Home Decor,Carpet,1,10471,23,8062.67,Gold,Mumbai,Debit Card
C1496,O17859,2026-03-29,Electronics,Laptop,4,27900,13,97092.0,Silver,Mumbai,Credit Card
C1561,O78718,2025-10-29,Sports,Football,4,12078,8,44447.04,Platinum,Chennai,Credit Card
C1073,O40895,2025-06-08,Beauty,Perfume,4,2992,4,11489.28,Gold,Bangalore,UPI
C1662,O55643,2025-10-25,Groceries,Eggs,1,681,26,503.94,Gold,Pune,Debit Card
C1982,O77485,2026-05-06,Electronics,Smart Watch,4,31845,25,95535.0,Gold,Pune,Wallet
C1210,O62206,2025-11-29,Beauty,Shampoo,2,2905,26,4299.4,Silver,Bangalore,Credit Card
C1127,O45469,2025-12-06,Home Decor,Carpet,1,4814,12,4236.32,Silver,Hyderabad,UPI
C1037,O33687,2025-09-26,Fashion,Shoes,5,4035,17,16745.25,Silver,Hyderabad,Net Banking
C1499,O20166,2025-09-15,Groceries,Milk,3,912,27,1997.28,Gold,Mumbai,UPI
C1091,O80065,2025-11-06,Electronics,Headphones,4,96374,10,346946.4,Platinum,Delhi,Net Banking
C1706,O36988,2025-08-14,Groceries,Bread,1,1313,7,1221.09,Silver,Hyderabad,Wallet
C1320,O90111,2025-09-20,Sports,Yoga Mat,2,2687,6,5051.56,Silver,Delhi,UPI
C1707,O62110,2026-04-23,Groceries,Eggs,1,672,0,672.0,Gold,Chennai,Credit Card
C1370,O13888,2025-09-26,Groceries,Rice,2,1494,29,2121.48,Gold,Mumbai,Credit Card
C1941,O99555,2025-11-13,Electronics,Headphones,4,63738,15,216709.2,Platinum,Pune,Debit Card
C1528,O47493,2026-02-11,Sports,Cricket Bat,5,1372,26,5076.4,Platinum,Chennai,Debit Card
C1193,O79421,2026-04-10,Home Decor,Curtains,3,10682,18,26277.72,Platinum,Pune,Debit Card
C1815,O59172,2026-03-05,Fashion,Shoes,3,5719,11,15269.73,Gold,Delhi,UPI
C1059,O29268,2026-03-27,Fashion,Jacket,1,3414,13,2970.18,Platinum,Mumbai,UPI
C1113,O57802,2025-11-16,Sports,Yoga Mat,4,9446,3,36650.48,Platinum,Mumbai,UPI
C1824,O80830,2026-02-03,Groceries,Eggs,5,1731,27,6318.15,Gold,Pune,Net Banking
C1632,O94061,2026-03-21,Electronics,Laptop,2,65287,5,124045.3,Gold,Chennai,Wallet
C1794,O74338,2025-07-12,Electronics,Headphones,3,33826,1,100463.22,Silver,Chennai,Debit Card
C1325,O60292,2026-03-21,Fashion,Jacket,2,6522,12,11478.72,Gold,Pune,Debit Card
C1290,O40409,2026-01-29,Electronics,Laptop,5,6784,6,31884.8,Silver,Hyderabad,UPI
C1551,O97513,2025-11-26,Home Decor,Lamp,1,7492,5,7117.4,Gold,Chennai,Wallet
C1302,O72298,2025-07-27,Sports,Yoga Mat,3,7027,22,16443.18,Gold,Mumbai,UPI
C1044,O55814,2025-08-22,Beauty,Moisturizer,2,3763,24,5719.76,Gold,Mumbai,Credit Card
C1330,O40770,2026-03-31,Electronics,Headphones,4,23372,2,91618.24,Platinum,Bangalore,Debit Card
C1896,O17884,2026-05-08,Electronics,Smart Watch,4,22149,12,77964.48,Silver,Mumbai,Wallet
C1738,O30147,2026-05-05,Sports,Yoga Mat,5,15556,13,67668.6,Platinum,Bangalore,UPI
C1985,O37663,2025-11-21,Home Decor,Curtains,5,13441,10,60484.5,Gold,Chennai,Wallet
C1980,O27658,2026-04-03,Groceries,Milk,4,2829,7,10523.88,Gold,Pune,Debit Card
C1593,O35365,2025-12-23,Home Decor,Wall Art,4,9028,28,26000.64,Platinum,Chennai,Debit Card
C1876,O23527,2026-02-02,Sports,Yoga Mat,3,9316,21,22078.92,Platinum,Delhi,Wallet
C1874,O30486,2026-03-12,Home Decor,Lamp,2,9022,17,14976.52,Gold,Pune,UPI
C1094,O46790,2025-12-21,Fashion,T-Shirt,2,4946,25,7419.0,Silver,Hyderabad,Net Banking
C1478,O58238,2026-04-25,Groceries,Bread,1,1488,3,1443.36,Silver,Bangalore,UPI
C1245,O61063,2025-11-29,Electronics,Smartphone,1,29185,14,25099.1,Silver,Bangalore,UPI
C1887,O19276,2025-06-29,Beauty,Face Wash,5,6175,26,22847.5,Gold,Hyderabad,Net Banking
C1052,O64898,2026-01-26,Electronics,Smartphone,2,16274,15,27665.8,Silver,Pune,UPI
C1854,O30297,2025-11-13,Electronics,Headphones,5,38915,29,138148.25,Silver,Chennai,Wallet
C1185,O60816,2026-03-12,Beauty,Shampoo,4,3175,10,11430.0,Gold,Delhi,Net Banking
C1385,O82971,2025-07-21,Electronics,Laptop,3,79386,6,223868.52,Platinum,Chennai,Debit Card
C1282,O12893,2025-09-13,Electronics,Laptop,3,42580,15,108579.0,Silver,Delhi,Credit Card
C1678,O34508,2025-08-25,Sports,Cricket Bat,3,4512,29,9610.56,Platinum,Delhi,UPI
C1606,O77899,2025-06-23,Groceries,Eggs,4,2298,0,9192.0,Platinum,Hyderabad,Net Banking
C1042,O49874,2025-11-05,Beauty,Shampoo,4,2850,15,9690.0,Silver,Delhi,Credit Card
C1904,O75567,2026-02-03,Sports,Dumbbells,1,5646,11,5024.94,Silver,Chennai,Debit Card
C1619,O47586,2025-10-23,Beauty,Moisturizer,3,5758,0,17274.0,Platinum,Chennai,Credit Card
C1135,O71523,2026-02-28,Electronics,Smartphone,4,18093,11,64411.08,Gold,Pune,Wallet
C1204,O34539,2025-06-20,Sports,Cricket Bat,5,7690,9,34989.5,Silver,Mumbai,Wallet
C1745,O12110,2026-04-30,Fashion,T-Shirt,3,2980,14,7688.4,Platinum,Delhi,Net Banking
C1853,O24373,2025-11-24,Sports,Football,4,3479,0,13916.0,Silver,Delhi,Debit Card
C1195,O53316,2025-10-07,Groceries,Eggs,4,1628,1,6446.88,Platinum,Bangalore,Wallet
C1743,O13144,2026-04-12,Home Decor,Wall Art,5,9199,12,40475.6,Gold,Delhi,UPI
C1159,O74122,2025-12-29,Electronics,Smart Watch,5,15203,8,69933.8,Silver,Pune,Wallet
C1374,O22602,2025-08-30,Fashion,Shoes,4,2503,27,7308.76,Gold,Mumbai,Wallet
C1984,O23853,2025-09-06,Fashion,Shoes,4,3663,1,14505.48,Silver,Delhi,Debit Card
C1716,O14506,2025-12-06,Sports,Cricket Bat,3,11701,27,25625.19,Gold,Bangalore,UPI
C1344,O98331,2026-04-04,Electronics,Smartphone,1,33424,9,30415.84,Silver,Pune,UPI
C1623,O10032,2025-12-14,Sports,Yoga Mat,5,11310,20,45240.0,Platinum,Mumbai,Wallet
C1536,O42690,2026-01-29,Beauty,Face Wash,4,2204,14,7581.76,Platinum,Chennai,Credit Card
C1110,O84112,2026-02-27,Beauty,Face Wash,2,3266,7,6074.76,Platinum,Delhi,Credit Card
C1609,O94052,2026-02-02,Groceries,Eggs,1,898,1,889.02,Platinum,Pune,Debit Card
C1193,O41879,2025-12-18,Fashion,T-Shirt,5,856,15,3638.0,Gold,Delhi,Debit Card
C1631,O79587,2026-01-05,Beauty,Perfume,3,6534,2,19209.96,Platinum,Pune,Debit Card
C1797,O58182,2026-05-01,Groceries,Bread,4,188,20,601.6,Silver,Delhi,Debit Card
C1540,O17623,2026-05-12,Home Decor,Carpet,4,16174,19,52403.76,Platinum,Mumbai,Wallet
C1454,O23230,2026-03-13,Electronics,Smart Watch,1,41716,3,40464.52,Silver,Chennai,UPI
C1592,O27523,2026-05-29,Fashion,T-Shirt,5,2583,8,11881.8,Gold,Bangalore,Wallet
C1017,O57376,2025-12-29,Electronics,Smartphone,3,46754,28,100988.64,Silver,Chennai,UPI
C1727,O17960,2026-03-12,Beauty,Face Wash,2,724,12,1274.24,Gold,Bangalore,Wallet
C1440,O81230,2025-12-05,Beauty,Face Wash,2,5098,1,10094.04,Gold,Delhi,Wallet
C1326,O85513,2026-05-25,Groceries,Eggs,1,1416,10,1274.4,Gold,Pune,Debit Card
C1610,O72784,2025-11-18,Sports,Football,3,6618,0,19854.0,Gold,Delhi,Debit Card
C1217,O66550,2025-09-03,Beauty,Perfume,5,1629,2,7982.1,Gold,Mumbai,Debit Card
C1199,O86545,2025-06-14,Fashion,T-Shirt,1,3944,25,2958.0,Platinum,Delhi,Wallet
C1440,O26262,2025-08-12,Groceries,Bread,5,2570,14,11051.0,Platinum,Chennai,Credit Card
C1687,O40038,2025-09-22,Home Decor,Wall Art,5,16486,7,76659.9,Platinum,Hyderabad,UPI
C1170,O86271,2026-05-23,Groceries,Bread,5,1134,4,5443.2,Silver,Bangalore,Net Banking
C1045,O73554,2026-03-22,Home Decor,Wall Art,5,11498,25,43117.5,Platinum,Hyderabad,Debit Card
C1614,O15647,2026-02-06,Electronics,Headphones,3,75716,25,170361.0,Platinum,Delhi,Net Banking
C1727,O43291,2026-01-08,Groceries,Rice,1,1538,15,1307.3,Silver,Hyderabad,Net Banking
C1612,O65317,2026-03-27,Beauty,Face Wash,4,3182,30,8909.6,Platinum,Bangalore,Credit Card
C1434,O16371,2025-11-17,Beauty,Perfume,3,3922,5,11177.7,Platinum,Pune,UPI
C1420,O30774,2025-09-29,Electronics,Smartphone,1,25278,18,20727.96,Silver,Bangalore,UPI
C1480,O89054,2026-05-23,Fashion,Shoes,2,5238,27,7647.48,Platinum,Hyderabad,Wallet
C1425,O15162,2025-09-15,Groceries,Bread,2,1464,22,2283.84,Gold,Delhi,Credit Card
C1899,O44757,2026-03-15,Sports,Cricket Bat,4,13766,22,42949.92,Platinum,Bangalore,UPI
C1517,O33736,2026-02-07,Fashion,Jacket,2,1854,25,2781.0,Silver,Mumbai,Credit Card
C1712,O72534,2025-07-12,Electronics,Smart Watch,5,76434,17,317201.1,Platinum,Pune,Credit Card
C1311,O47675,2026-03-16,Home Decor,Curtains,3,7968,5,22708.8,Gold,Delhi,Wallet
C1406,O22837,2025-06-20,Groceries,Rice,1,1418,4,1361.28,Platinum,Delhi,Debit Card
C1547,O88298,2025-06-29,Home Decor,Lamp,1,6846,2,6709.08,Platinum,Hyderabad,Net Banking
C1498,O87995,2025-10-10,Groceries,Bread,1,2084,29,1479.64,Platinum,Hyderabad,Net Banking
C1577,O19680,2026-05-17,Electronics,Smartphone,2,44478,22,69385.68,Platinum,Hyderabad,UPI
C1860,O36124,2026-02-16,Sports,Yoga Mat,2,2825,26,4181.0,Silver,Bangalore,Net Banking
C1679,O77841,2025-06-29,Groceries,Rice,1,1389,14,1194.54,Gold,Bangalore,Wallet
C1044,O99178,2025-12-06,Fashion,T-Shirt,4,9892,29,28093.28,Platinum,Bangalore,Net Banking
C1611,O13879,2026-04-14,Fashion,T-Shirt,1,4066,2,3984.68,Gold,Chennai,Wallet
C1907,O10982,2026-05-29,Fashion,T-Shirt,1,1654,9,1505.14,Platinum,Mumbai,Debit Card
C1769,O48757,2025-11-26,Groceries,Bread,4,1362,2,5339.04,Gold,Mumbai,Wallet
C1362,O97573,2025-09-22,Electronics,Smart Watch,2,27766,9,50534.12,Platinum,Delhi,Wallet
C1326,O16962,2026-03-04,Sports,Dumbbells,4,2493,15,8476.2,Gold,Mumbai,Net Banking
C1329,O50126,2026-06-05,Home Decor,Curtains,2,4375,26,6475.0,Silver,Mumbai,Wallet
C1995,O66789,2025-10-24,Beauty,Perfume,3,778,20,1867.2,Silver,Bangalore,Wallet
C1051,O15425,2026-04-15,Electronics,Smartphone,3,29860,27,65393.4,Gold,Bangalore,UPI
C1481,O31835,2026-04-27,Fashion,Jacket,1,3874,17,3215.42,Gold,Chennai,Net Banking
C1814,O26354,2025-10-16,Sports,Football,5,7338,11,32654.1,Silver,Hyderabad,UPI
C1404,O58867,2026-03-31,Home Decor,Curtains,4,3636,30,10180.8,Gold,Hyderabad,UPI
C1244,O89253,2026-01-25,Home Decor,Curtains,1,13131,15,11161.35,Gold,Chennai,Credit Card
C1674,O50387,2025-08-01,Groceries,Bread,4,1788,18,5864.64,Platinum,Pune,Net Banking
C1372,O35644,2025-06-15,Beauty,Perfume,4,3482,24,10585.28,Platinum,Hyderabad,Debit Card
C1880,O44495,2026-02-26,Groceries,Bread,5,3446,4,16540.8,Platinum,Delhi,UPI
C1662,O99030,2025-10-21,Electronics,Laptop,1,9214,18,7555.48,Gold,Hyderabad,Wallet
C1960,O62883,2025-07-10,Fashion,Jacket,2,7021,12,12356.96,Gold,Pune,UPI
C1759,O12910,2025-09-09,Beauty,Moisturizer,4,5010,15,17034.0,Gold,Mumbai,Debit Card
C1527,O65680,2026-01-20,Sports,Dumbbells,2,967,21,1527.86,Gold,Hyderabad,Debit Card
C1694,O78426,2025-11-29,Beauty,Perfume,2,4631,8,8521.04,Silver,Bangalore,Debit Card
C1106,O68160,2025-10-26,Sports,Yoga Mat,2,5353,29,7601.26,Silver,Delhi,Credit Card
C1201,O98727,2025-09-15,Beauty,Face Wash,5,6585,19,26669.25,Gold,Delhi,Net Banking
C1581,O51446,2025-08-29,Beauty,Face Wash,3,8098,23,18706.38,Platinum,Chennai,Wallet
C1584,O23978,2026-03-24,Home Decor,Carpet,5,4338,5,20605.5,Gold,Mumbai,UPI
C1247,O29592,2026-05-29,Sports,Cricket Bat,3,14388,28,31078.08,Platinum,Bangalore,Credit Card
C1532,O66819,2026-03-15,Groceries,Eggs,5,2700,23,10395.0,Gold,Bangalore,UPI
C1660,O24095,2025-06-10,Electronics,Smartphone,1,22537,19,18254.97,Gold,Chennai,Net Banking
C1210,O70083,2025-12-07,Sports,Cricket Bat,2,10686,22,16670.16,Platinum,Mumbai,UPI
C1364,O36024,2025-07-07,Electronics,Smart Watch,2,92500,28,133200.0,Platinum,Pune,Net Banking
C1514,O11188,2025-06-19,Beauty,Perfume,5,4874,25,18277.5,Platinum,Hyderabad,UPI
C1091,O98081,2025-10-28,Home Decor,Lamp,3,7312,13,19084.32,Gold,Mumbai,Credit Card
C1482,O69662,2026-03-12,Electronics,Headphones,4,47147,7,175386.84,Silver,Mumbai,UPI
C1053,O54009,2025-10-03,Fashion,Jeans,3,3834,25,8626.5,Gold,Mumbai,Net Banking
C1295,O60000,2025-12-07,Fashion,T-Shirt,3,1146,24,2612.88,Platinum,Hyderabad,Credit Card
C1027,O88399,2025-07-19,Home Decor,Wall Art,2,8284,24,12591.68,Platinum,Delhi,Net Banking
C1348,O26828,2026-02-14,Beauty,Perfume,4,9816,15,33374.4,Platinum,Pune,Credit Card
C1260,O48270,2026-02-08,Electronics,Headphones,4,41865,17,138991.8,Gold,Delhi,Credit Card
C1812,O48888,2026-05-03,Groceries,Bread,5,299,17,1240.85,Silver,Bangalore,Credit Card
C1568,O57898,2025-10-17,Electronics,Smart Watch,2,13347,3,25893.18,Gold,Pune,Credit Card
C1368,O62397,2025-06-21,Sports,Dumbbells,5,8829,22,34433.1,Gold,Bangalore,Net Banking
C1660,O46167,2026-02-11,Fashion,Jacket,3,1600,13,4176.0,Platinum,Mumbai,Net Banking
C1956,O56249,2025-11-18,Fashion,Jeans,4,3857,7,14348.04,Silver,Mumbai,Credit Card
C1453,O38196,2025-06-30,Beauty,Shampoo,5,3471,13,15098.85,Silver,Pune,UPI
C1246,O85091,2026-03-07,Beauty,Shampoo,3,8880,20,21312.0,Platinum,Bangalore,Wallet
C1955,O22448,2025-10-18,Groceries,Milk,3,1912,30,4015.2,Platinum,Chennai,Net Banking
C1503,O99800,2025-11-21,Sports,Cricket Bat,4,6342,3,24606.96,Gold,Delhi,Credit Card
C1042,O52810,2025-12-31,Sports,Cricket Bat,4,4062,7,15110.64,Platinum,Bangalore,Debit Card
C1689,O61640,2026-03-21,Fashion,Jeans,3,1337,17,3329.13,Silver,Bangalore,Wallet
C1470,O90661,2026-01-10,Home Decor,Wall Art,1,4845,10,4360.5,Silver,Chennai,Credit Card
C1594,O10051,2025-10-24,Electronics,Headphones,4,68479,6,257481.04,Gold,Delhi,Wallet
C1616,O80197,2025-09-25,Sports,Cricket Bat,4,7964,5,30263.2,Platinum,Bangalore,Net Banking
C1260,O51920,2026-04-25,Sports,Cricket Bat,2,11281,6,21208.28,Gold,Hyderabad,Net Banking
C1708,O35974,2025-10-15,Sports,Dumbbells,5,9904,24,37635.2,Platinum,Chennai,Credit Card
C1735,O37529,2026-03-12,Electronics,Smart Watch,3,48646,30,102156.6,Silver,Mumbai,Net Banking
C1582,O37892,2025-06-13,Groceries,Bread,5,1894,14,8144.2,Gold,Pune,Debit Card
C1351,O13812,2026-01-06,Sports,Cricket Bat,3,1776,8,4901.76,Silver,Hyderabad,Debit Card
C1216,O47252,2025-11-20,Fashion,Shoes,1,1460,11,1299.4,Platinum,Pune,Wallet
C1281,O24624,2025-09-08,Beauty,Shampoo,4,2890,3,11213.2,Silver,Pune,Debit Card
C1838,O28433,2026-04-28,Electronics,Smartphone,4,23976,24,72887.04,Silver,Hyderabad,Credit Card
C1192,O72641,2025-12-18,Sports,Cricket Bat,3,14536,16,36630.72,Platinum,Hyderabad,UPI
C1878,O89392,2026-01-23,Home Decor,Carpet,3,7552,8,20843.52,Platinum,Bangalore,UPI
C1781,O60795,2026-05-14,Fashion,Jacket,4,3443,17,11430.76,Silver,Pune,Wallet
C1198,O76648,2025-06-17,Electronics,Smartphone,4,22782,24,69257.28,Gold,Delhi,Debit Card
C1385,O40069,2025-11-16,Electronics,Smartphone,2,73914,1,146349.72,Gold,Hyderabad,Debit Card
C1018,O65450,2025-07-14,Sports,Yoga Mat,1,6688,14,5751.68,Platinum,Delhi,Credit Card
C1611,O46506,2025-10-16,Groceries,Milk,2,589,7,1095.54,Gold,Delhi,UPI
C1328,O94299,2025-07-16,Electronics,Smart Watch,5,72159,27,263380.35,Gold,Mumbai,Credit Card
C1029,O32800,2025-10-19,Groceries,Rice,4,332,11,1181.92,Silver,Hyderabad,UPI
C1303,O83664,2026-05-10,Electronics,Headphones,2,23950,3,46463.0,Platinum,Hyderabad,Net Banking
C1308,O10814,2025-06-20,Sports,Cricket Bat,3,3775,16,9513.0,Silver,Mumbai,Net Banking
C1863,O75543,2025-11-06,Electronics,Laptop,5,26656,12,117286.4,Platinum,Delhi,Wallet
C1141,O84813,2025-08-12,Home Decor,Lamp,4,6373,6,23962.48,Silver,Mumbai,Wallet
C1971,O19008,2026-02-28,Fashion,Shoes,4,1197,24,3638.88,Silver,Chennai,Wallet
C1092,O40088,2025-06-12,Groceries,Milk,2,3550,22,5538.0,Platinum,Pune,Credit Card
C1473,O51833,2025-09-15,Home Decor,Wall Art,1,6291,7,5850.63,Gold,Delhi,UPI
C1611,O90487,2025-08-24,Sports,Dumbbells,5,11932,13,51904.2,Gold,Delhi,Debit Card
C1904,O94272,2025-06-12,Home Decor,Lamp,5,2734,1,13533.3,Silver,Mumbai,Net Banking
C1551,O77583,2025-10-22,Beauty,Shampoo,4,7048,8,25936.64,Gold,Pune,Wallet
C1692,O42316,2025-09-01,Electronics,Laptop,1,44722,12,39355.36,Platinum,Pune,UPI
C1166,O64762,2025-11-20,Groceries,Bread,5,2200,0,11000.0,Platinum,Bangalore,Debit Card
C1740,O30982,2025-06-18,Beauty,Perfume,4,3687,27,10766.04,Gold,Chennai,UPI
C1821,O54240,2025-09-21,Home Decor,Lamp,3,5630,8,15538.8,Silver,Mumbai,Wallet
C1701,O41493,2026-05-10,Groceries,Bread,1,1650,5,1567.5,Gold,Chennai,Debit Card
C1489,O55776,2025-11-20,Fashion,Shoes,1,3378,27,2465.94,Platinum,Bangalore,Net Banking
C1742,O89504,2025-12-27,Beauty,Face Wash,1,1879,12,1653.52,Silver,Pune,UPI
C1563,O21336,2025-11-24,Fashion,Jeans,5,1845,10,8302.5,Silver,Chennai,Credit Card
C1178,O53940,2026-04-28,Home Decor,Lamp,5,12361,24,46971.8,Gold,Hyderabad,Wallet
C1287,O53801,2025-07-05,Groceries,Rice,1,1660,23,1278.2,Platinum,Bangalore,Debit Card
C1344,O24273,2026-01-02,Groceries,Rice,4,1459,2,5719.28,Gold,Hyderabad,Net Banking
C1009,O11256,2025-10-06,Fashion,T-Shirt,2,2983,9,5429.06,Gold,Pune,Debit Card
C1050,O86153,2026-01-04,Fashion,Jeans,1,3326,15,2827.1,Silver,Hyderabad,Credit Card
C1114,O74184,2025-07-18,Electronics,Headphones,4,28506,26,84377.76,Silver,Hyderabad,Net Banking
C1796,O90660,2025-06-07,Fashion,Jeans,3,1708,14,4406.64,Platinum,Pune,UPI
C1004,O31620,2025-07-01,Fashion,T-Shirt,4,4957,6,18638.32,Silver,Bangalore,Wallet
C1279,O16025,2026-04-17,Home Decor,Lamp,2,8175,13,14224.5,Silver,Chennai,UPI
C1393,O21588,2025-11-10,Beauty,Moisturizer,1,1884,4,1808.64,Gold,Bangalore,Debit Card
C1840,O34305,2025-12-18,Beauty,Shampoo,3,4926,2,14482.44,Gold,Delhi,UPI
C1564,O13225,2025-07-25,Beauty,Perfume,2,8588,0,17176.0,Platinum,Mumbai,Credit Card
C1284,O20466,2026-03-21,Home Decor,Lamp,3,3640,25,8190.0,Gold,Hyderabad,Debit Card
C1349,O11903,2026-01-23,Home Decor,Wall Art,2,9264,6,17416.32,Platinum,Bangalore,Wallet
C1085,O56582,2025-07-06,Fashion,T-Shirt,2,1518,16,2550.24,Platinum,Pune,UPI
C1179,O39844,2026-01-15,Fashion,T-Shirt,5,3030,18,12423.0,Silver,Mumbai,Wallet
C1226,O55110,2025-07-11,Sports,Football,5,6768,8,31132.8,Platinum,Bangalore,Wallet
C1923,O21020,2025-07-17,Home Decor,Curtains,1,5407,26,4001.18,Gold,Bangalore,Net Banking
C1358,O26230,2025-07-10,Groceries,Milk,3,895,24,2040.6,Silver,Delhi,Net Banking
C1541,O61079,2025-06-25,Groceries,Bread,5,2336,27,8526.4,Platinum,Bangalore,Credit Card
C1079,O32075,2025-09-25,Sports,Cricket Bat,3,15216,27,33323.04,Platinum,Mumbai,Wallet
C1870,O87930,2026-04-04,Home Decor,Wall Art,1,13142,26,9725.08,Platinum,Delhi,Debit Card
C1674,O94271,2026-04-05,Sports,Cricket Bat,2,2442,28,3516.48,Gold,Pune,Net Banking
C1242,O20242,2026-01-20,Beauty,Shampoo,2,7840,22,12230.4,Platinum,Delhi,Wallet
C1180,O33445,2025-09-27,Beauty,Perfume,3,2574,4,7413.12,Silver,Bangalore,Debit Card
C1095,O77361,2025-11-17,Electronics,Smartphone,4,26547,22,82826.64,Silver,Pune,Credit Card
C1949,O86049,2026-03-09,Fashion,Jeans,2,2791,1,5526.18,Silver,Delhi,Debit Card
C1391,O93736,2026-04-04,Fashion,Shoes,1,6688,6,6286.72,Platinum,Chennai,UPI
C1430,O82312,2026-02-20,Home Decor,Curtains,3,7224,6,20371.68,Gold,Chennai,Net Banking
C1616,O28906,2025-09-03,Electronics,Laptop,2,21297,10,38334.6,Silver,Pune,Net Banking
C1437,O46418,2025-12-11,Home Decor,Carpet,5,6522,9,29675.1,Gold,Mumbai,Credit Card
C1875,O18005,2026-01-24,Groceries,Rice,1,1289,1,1276.11,Silver,Pune,Credit Card
C1952,O28781,2025-11-28,Groceries,Bread,5,250,3,1212.5,Silver,Hyderabad,Net Banking
C1316,O72573,2026-03-02,Home Decor,Carpet,4,2085,1,8256.6,Silver,Bangalore,Wallet
C1861,O32236,2025-06-22,Groceries,Milk,3,1647,28,3557.52,Gold,Mumbai,Debit Card
C1711,O27459,2025-07-24,Beauty,Face Wash,3,2667,19,6480.81,Gold,Mumbai,Wallet
C1787,O15053,2026-02-18,Groceries,Milk,1,518,1,512.82,Platinum,Pune,Credit Card
C1993,O96448,2025-12-05,Sports,Cricket Bat,1,7895,29,5605.45,Silver,Delhi,Credit Card
C1767,O37701,2026-04-19,Fashion,Shoes,5,8940,19,36207.0,Platinum,Bangalore,Net Banking
C1225,O61700,2025-10-21,Home Decor,Lamp,3,3807,19,9251.01,Silver,Chennai,UPI
C1995,O37278,2025-12-06,Beauty,Perfume,5,4742,14,20390.6,Platinum,Pune,UPI
C1082,O22201,2025-06-27,Electronics,Smartphone,2,95270,7,177202.2,Platinum,Delhi,Net Banking
C1859,O45316,2025-07-27,Groceries,Rice,3,2456,24,5599.68,Platinum,Hyderabad,UPI
C1009,O29549,2025-12-30,Beauty,Perfume,1,6435,27,4697.55,Gold,Delhi,Debit Card
C1757,O29503,2025-08-20,Fashion,Shoes,4,561,1,2221.56,Silver,Hyderabad,Net Banking
C1023,O56474,2025-10-11,Electronics,Smartphone,4,73890,2,289648.8,Gold,Pune,Credit Card
C1996,O12806,2026-05-08,Groceries,Eggs,4,452,13,1572.96,Platinum,Chennai,Credit Card
C1008,O55640,2026-03-21,Groceries,Bread,5,796,18,3263.6,Platinum,Bangalore,Wallet
C1263,O69282,2026-05-07,Fashion,Shoes,1,1234,23,950.18,Platinum,Delhi,Wallet
C1350,O95737,2025-12-07,Home Decor,Curtains,4,3765,1,14909.4,Gold,Bangalore,Debit Card
C1569,O89367,2025-12-28,Beauty,Shampoo,4,3184,22,9934.08,Silver,Bangalore,Debit Card
C1141,O78040,2025-12-13,Fashion,Shoes,1,5802,30,4061.4,Platinum,Chennai,Credit Card
C1323,O37673,2025-12-08,Fashion,Jacket,2,3617,22,5642.52,Silver,Mumbai,Wallet
C1315,O40532,2025-11-30,Beauty,Face Wash,2,3508,28,5051.52,Platinum,Delhi,UPI
C1722,O76921,2026-02-03,Beauty,Moisturizer,4,5829,17,19352.28,Gold,Hyderabad,Debit Card
C1226,O24355,2025-12-28,Groceries,Rice,4,823,30,2304.4,Silver,Pune,Net Banking
C1637,O82869,2025-06-26,Fashion,Jacket,3,4332,24,9876.96,Silver,Bangalore,Wallet
C1692,O38627,2025-09-23,Beauty,Moisturizer,5,7105,22,27709.5,Gold,Pune,Debit Card
C1191,O28162,2025-06-07,Groceries,Rice,5,750,8,3450.0,Silver,Hyderabad,Net Banking
C1372,O73539,2025-11-03,Electronics,Headphones,1,70311,25,52733.25,Gold,Pune,UPI
C1053,O84333,2025-10-20,Electronics,Smart Watch,2,49494,22,77210.64,Platinum,Chennai,Wallet
C1396,O98855,2025-11-16,Home Decor,Wall Art,3,19904,24,45381.12,Platinum,Hyderabad,UPI
C1325,O52635,2025-06-26,Electronics,Smart Watch,1,20220,26,14962.8,Gold,Bangalore,UPI
C1020,O59976,2025-08-22,Sports,Yoga Mat,4,4251,21,13433.16,Silver,Pune,UPI
C1744,O20950,2025-10-25,Sports,Cricket Bat,4,7465,29,21200.6,Gold,Hyderabad,Wallet
C1078,O85930,2026-02-11,Home Decor,Wall Art,2,4334,12,7627.84,Platinum,Mumbai,Debit Card
C1413,O14127,2026-02-23,Home Decor,Carpet,2,10249,13,17833.26,Gold,Bangalore,Debit Card
C1416,O59238,2025-12-30,Fashion,Jacket,4,3726,20,11923.2,Silver,Pune,Net Banking
C1722,O86689,2025-12-12,Home Decor,Curtains,5,3103,5,14739.25,Silver,Mumbai,Wallet
C1859,O80191,2025-07-19,Home Decor,Carpet,5,9214,23,35473.9,Gold,Delhi,Credit Card
C1044,O85083,2025-06-28,Home Decor,Curtains,3,7126,18,17529.96,Silver,Pune,Credit Card
C1373,O65411,2025-10-18,Beauty,Moisturizer,3,4248,3,12361.68,Platinum,Delhi,UPI
C1831,O63862,2025-08-12,Electronics,Laptop,4,12558,9,45711.12,Platinum,Bangalore,UPI
C1927,O46290,2025-07-17,Fashion,T-Shirt,5,5322,30,18627.0,Platinum,Hyderabad,Wallet
C1771,O38754,2025-12-02,Sports,Football,4,13710,19,44420.4,Platinum,Pune,Debit Card
C1749,O68352,2025-12-17,Fashion,T-Shirt,4,4921,6,18502.96,Gold,Pune,UPI
C1964,O28667,2026-03-08,Home Decor,Carpet,3,5907,2,17366.58,Gold,Mumbai,Credit Card
C1721,O46894,2026-03-14,Home Decor,Wall Art,4,9822,22,30644.64,Platinum,Pune,Debit Card
C1028,O73167,2026-04-08,Fashion,T-Shirt,4,4714,17,15650.48,Gold,Hyderabad,Net Banking
C1069,O17200,2025-11-03,Beauty,Shampoo,4,904,2,3543.68,Platinum,Mumbai,Credit Card
C1667,O89557,2026-02-15,Electronics,Smartphone,1,29649,24,22533.24,Gold,Delhi,UPI
C1146,O73494,2025-06-07,Groceries,Rice,5,976,8,4489.6,Platinum,Bangalore,Debit Card
C1187,O93063,2026-03-25,Groceries,Bread,1,1593,10,1433.7,Silver,Hyderabad,UPI
C1921,O70604,2026-02-15,Home Decor,Curtains,4,14136,27,41277.12,Platinum,Mumbai,Net Banking
C1682,O36738,2025-09-01,Beauty,Shampoo,2,9286,19,15043.32,Platinum,Bangalore,Wallet
C1913,O67044,2025-10-26,Home Decor,Wall Art,3,8991,8,24815.16,Silver,Bangalore,Credit Card
C1311,O54124,2025-10-07,Electronics,Smartphone,2,42110,27,61480.6,Platinum,Delhi,Credit Card
C1954,O61207,2026-03-05,Home Decor,Wall Art,3,9578,30,20113.8,Silver,Delhi,Wallet
C1425,O32257,2026-02-05,Electronics,Laptop,4,25350,0,101400.0,Platinum,Chennai,Net Banking
C1461,O84768,2026-04-13,Beauty,Moisturizer,5,208,8,956.8,Silver,Hyderabad,UPI
C1537,O79981,2025-08-29,Sports,Football,5,8964,29,31822.2,Gold,Hyderabad,Debit Card
C1886,O79889,2025-11-04,Beauty,Face Wash,5,3627,22,14145.3,Silver,Hyderabad,UPI
C1165,O27638,2025-11-11,Groceries,Bread,1,2402,17,1993.66,Platinum,Chennai,Net Banking
C1603,O45251,2025-12-11,Electronics,Headphones,4,61740,6,232142.4,Platinum,Pune,Net Banking
C1774,O91317,2025-08-30,Fashion,Shoes,5,5220,16,21924.0,Platinum,Bangalore,Wallet
C1592,O26736,2026-04-13,Electronics,Smart Watch,3,38280,21,90723.6,Gold,Bangalore,Net Banking
C1183,O20751,2025-11-02,Home Decor,Wall Art,2,18258,1,36150.84,Platinum,Mumbai,Net Banking
C1891,O64327,2026-03-09,Sports,Dumbbells,5,9232,10,41544.0,Platinum,Pune,Debit Card
C1587,O81733,2026-01-13,Sports,Yoga Mat,3,4390,20,10536.0,Platinum,Bangalore,Wallet
C1348,O34645,2025-10-17,Groceries,Bread,3,996,9,2719.08,Silver,Mumbai,UPI
C1839,O37598,2026-02-20,Sports,Cricket Bat,3,2062,27,4515.78,Silver,Hyderabad,Wallet
C1032,O98062,2026-03-12,Home Decor,Carpet,1,8824,22,6882.72,Silver,Delhi,Net Banking
C1390,O47197,2025-09-19,Sports,Cricket Bat,4,1288,16,4327.68,Gold,Hyderabad,Wallet
C1136,O60516,2026-05-14,Sports,Yoga Mat,5,2536,24,9636.8,Gold,Delhi,Credit Card
C1885,O41177,2026-03-02,Home Decor,Lamp,5,8674,17,35997.1,Platinum,Hyderabad,Wallet
C1406,O73581,2026-01-29,Groceries,Eggs,5,1246,8,5731.6,Silver,Bangalore,Wallet
C1035,O90592,2026-05-07,Groceries,Eggs,4,2142,28,6168.96,Gold,Bangalore,Debit Card
C1665,O89328,2026-03-02,Electronics,Smart Watch,3,31812,13,83029.32,Gold,Chennai,Wallet
C1959,O67488,2025-11-28,Sports,Football,4,1711,12,6022.72,Silver,Bangalore,Credit Card
C1218,O27931,2026-01-08,Sports,Cricket Bat,3,6088,18,14976.48,Platinum,Mumbai,Debit Card
C1915,O84894,2026-04-09,Sports,Dumbbells,4,6555,30,18354.0,Silver,Delhi,Wallet
C1304,O85203,2026-04-16,Electronics,Laptop,1,42187,11,37546.43,Silver,Chennai,Credit Card
C1692,O14001,2025-09-16,Sports,Dumbbells,1,2763,4,2652.48,Gold,Chennai,Net Banking
C1563,O12476,2025-07-04,Home Decor,Lamp,1,4153,29,2948.63,Silver,Bangalore,Debit Card
C1230,O27271,2025-07-25,Groceries,Eggs,5,1881,15,7994.25,Silver,Pune,Wallet
C1524,O25273,2026-05-16,Home Decor,Carpet,1,4132,27,3016.36,Gold,Delhi,Debit Card
C1342,O30309,2026-02-05,Electronics,Laptop,5,18280,27,66722.0,Silver,Mumbai,Wallet
C1759,O67638,2025-09-13,Beauty,Shampoo,2,1662,25,2493.0,Platinum,Pune,Credit Card
C1920,O41438,2025-09-19,Sports,Yoga Mat,1,10495,8,9655.4,Gold,Delhi,Wallet
C1801,O63085,2026-02-01,Fashion,Jacket,2,7004,2,13727.84,Platinum,Delhi,Net Banking
C1894,O12368,2025-06-09,Electronics,Laptop,4,34112,8,125532.16,Silver,Mumbai,Credit Card
C1748,O16425,2025-06-10,Home Decor,Carpet,1,2629,8,2418.68,Gold,Hyderabad,Wallet
C1500,O10556,2026-05-29,Electronics,Smartphone,4,34948,22,109037.76,Platinum,Hyderabad,UPI
C1218,O86797,2025-11-19,Electronics,Smartphone,4,63414,0,253656.0,Gold,Bangalore,Debit Card
C1566,O63738,2025-06-14,Sports,Cricket Bat,5,7453,16,31302.6,Gold,Bangalore,Wallet
C1830,O80477,2025-09-28,Fashion,Jacket,5,974,8,4480.4,Silver,Hyderabad,Wallet
C1939,O80878,2025-07-15,Home Decor,Curtains,4,10152,30,28425.6,Platinum,Chennai,Wallet
C1589,O61633,2026-05-13,Fashion,Jacket,1,6330,28,4557.6,Gold,Pune,Wallet
C1094,O21189,2025-12-14,Home Decor,Curtains,3,6998,27,15325.62,Silver,Delhi,Credit Card
C1100,O17919,2025-12-30,Home Decor,Carpet,1,9356,8,8607.52,Silver,Hyderabad,Credit Card
C1045,O44849,2025-12-02,Groceries,Rice,2,746,5,1417.4,Platinum,Hyderabad,Credit Card
C1456,O61176,2025-12-23,Groceries,Rice,4,495,28,1425.6,Silver,Mumbai,Debit Card
C1590,O10387,2025-12-27,Home Decor,Carpet,4,6136,3,23807.68,Platinum,Delhi,Debit Card
C1590,O52210,2025-10-30,Home Decor,Curtains,3,8714,25,19606.5,Silver,Delhi,Wallet
C1764,O70512,2025-07-17,Beauty,Moisturizer,3,5294,30,11117.4,Platinum,Bangalore,Credit Card
C1546,O79766,2026-05-15,Beauty,Perfume,4,4723,26,13980.08,Gold,Delhi,UPI
C1124,O40129,2025-06-28,Home Decor,Lamp,5,3595,0,17975.0,Silver,Hyderabad,Debit Card
C1900,O64975,2025-08-01,Groceries,Milk,3,1150,3,3346.5,Silver,Delhi,Net Banking
C1850,O31670,2025-10-28,Electronics,Headphones,1,61198,4,58750.08,Platinum,Bangalore,Credit Card
C1592,O66249,2025-07-11,Home Decor,Carpet,5,13401,22,52263.9,Gold,Bangalore,UPI
C1793,O18100,2025-10-29,Beauty,Shampoo,2,4661,14,8016.92,Silver,Pune,Debit Card
C1811,O35384,2025-12-20,Home Decor,Wall Art,2,5580,12,9820.8,Platinum,Chennai,Credit Card
C1387,O46004,2025-12-19,Home Decor,Curtains,1,13338,8,12270.96,Gold,Delhi,Wallet
C1381,O25380,2026-04-26,Electronics,Laptop,4,42962,6,161537.12,Platinum,Delhi,Credit Card
C1727,O32643,2025-11-27,Electronics,Laptop,1,55825,28,40194.0,Gold,Bangalore,Net Banking
C1764,O66046,2025-06-21,Fashion,Jeans,5,2118,20,8472.0,Platinum,Pune,Net Banking
C1377,O53146,2026-04-28,Groceries,Milk,4,832,6,3128.32,Gold,Mumbai,Debit Card
C1936,O72003,2026-03-26,Electronics,Smart Watch,2,38302,1,75837.96,Platinum,Delhi,Credit Card
C1066,O52427,2025-11-11,Groceries,Rice,2,1525,2,2989.0,Silver,Delhi,Debit Card
C1816,O49641,2026-03-07,Beauty,Face Wash,1,7159,4,6872.64,Gold,Pune,Debit Card
C1229,O86080,2026-03-06,Beauty,Moisturizer,5,2734,21,10799.3,Platinum,Pune,Net Banking
C1901,O22430,2025-07-14,Electronics,Headphones,5,16738,28,60256.8,Gold,Bangalore,Wallet
C1996,O70676,2025-09-22,Beauty,Perfume,4,2794,29,7934.96,Silver,Delhi,UPI
C1286,O75610,2025-09-15,Electronics,Laptop,3,18324,0,54972.0,Silver,Hyderabad,Debit Card
C1210,O78600,2025-09-28,Beauty,Moisturizer,1,5006,30,3504.2,Platinum,Pune,Net Banking
C1143,O58254,2026-04-09,Beauty,Perfume,2,1988,13,3459.12,Silver,Hyderabad,UPI
C1439,O25918,2025-10-02,Groceries,Eggs,3,507,19,1232.01,Gold,Delhi,Credit Card
C1817,O80228,2025-11-14,Sports,Cricket Bat,3,4016,26,8915.52,Platinum,Hyderabad,Debit Card
C1320,O64959,2025-08-08,Home Decor,Carpet,1,6321,21,4993.59,Silver,Chennai,UPI
C1696,O60257,2026-06-01,Fashion,Jeans,4,6536,11,23268.16,Platinum,Hyderabad,Net Banking
C1238,O27834,2026-05-27,Groceries,Bread,5,828,10,3726.0,Gold,Mumbai,Debit Card
C1801,O19948,2025-09-26,Beauty,Moisturizer,5,3530,2,17297.0,Silver,Delhi,Credit Card
C1765,O86954,2025-11-17,Fashion,Jacket,3,2648,29,5640.24,Platinum,Chennai,Wallet
C1393,O28753,2025-07-17,Beauty,Perfume,2,2061,22,3215.16,Silver,Bangalore,Credit Card
C1267,O15931,2025-12-11,Groceries,Rice,2,1323,12,2328.48,Gold,Chennai,Wallet
C1650,O31679,2026-05-18,Electronics,Headphones,3,21979,9,60002.67,Silver,Bangalore,Net Banking
C1909,O39722,2026-05-13,Sports,Yoga Mat,3,4646,28,10035.36,Platinum,Mumbai,Wallet
C1145,O65091,2026-01-26,Electronics,Laptop,4,34714,22,108307.68,Silver,Delhi,Wallet
C1318,O25981,2025-11-03,Sports,Dumbbells,1,11046,24,8394.96,Gold,Chennai,Net Banking
C1113,O48664,2025-08-07,Home Decor,Lamp,1,6601,10,5940.9,Gold,Pune,Debit Card
C1223,O90893,2026-05-09,Sports,Cricket Bat,4,1923,6,7230.48,Gold,Hyderabad,Credit Card
C1539,O45315,2026-03-19,Fashion,T-Shirt,4,3573,30,10004.4,Silver,Chennai,Net Banking
C1674,O50628,2025-06-17,Fashion,Jacket,4,775,2,3038.0,Silver,Delhi,Net Banking
C1084,O32681,2025-10-13,Beauty,Moisturizer,3,1774,17,4417.26,Silver,Hyderabad,Net Banking
C1070,O87972,2026-01-26,Fashion,T-Shirt,1,3520,27,2569.6,Silver,Hyderabad,Credit Card
C1662,O66055,2026-05-15,Sports,Cricket Bat,2,2326,27,3395.96,Silver,Hyderabad,Credit Card
C1546,O49188,2026-05-12,Beauty,Moisturizer,1,4060,0,4060.0,Gold,Pune,Debit Card
C1253,O14107,2026-03-28,Groceries,Bread,4,247,23,760.76,Gold,Mumbai,Credit Card
C1616,O46652,2025-09-17,Electronics,Smartphone,3,70748,20,169795.2,Platinum,Bangalore,UPI
C1846,O13253,2025-12-22,Home Decor,Carpet,4,11688,1,46284.48,Gold,Hyderabad,Net Banking
C1835,O43073,2026-04-22,Home Decor,Wall Art,5,13314,6,62575.8,Platinum,Pune,UPI
C1316,O24544,2025-08-10,Groceries,Rice,4,228,17,756.96,Gold,Delhi,Wallet
C1533,O78952,2025-07-31,Fashion,Jacket,3,3354,26,7445.88,Gold,Pune,UPI
C1786,O60794,2026-04-24,Sports,Football,2,6243,6,11736.84,Gold,Mumbai,Credit Card
C1530,O78929,2025-10-03,Home Decor,Carpet,5,7108,26,26299.6,Gold,Delhi,Net Banking
C1695,O66526,2025-08-27,Fashion,Jacket,3,1894,15,4829.7,Silver,Mumbai,Debit Card
C1968,O85421,2025-06-20,Groceries,Bread,4,1600,29,4544.0,Gold,Chennai,Net Banking
C1145,O20124,2026-01-03,Beauty,Shampoo,3,3439,16,8666.28,Gold,Mumbai,Net Banking
C1114,O92800,2025-10-04,Sports,Football,5,8356,15,35513.0,Gold,Delhi,UPI
C1991,O71068,2025-06-08,Home Decor,Carpet,2,1359,16,2283.12,Silver,Chennai,Credit Card
C1647,O44987,2026-03-23,Fashion,T-Shirt,2,6565,26,9716.2,Gold,Hyderabad,Wallet
C1427,O90545,2025-12-23,Home Decor,Carpet,3,9006,7,25126.74,Platinum,Delhi,Net Banking
C1039,O40335,2026-04-24,Fashion,Shoes,3,3294,19,8004.42,Silver,Bangalore,Wallet
C1237,O71004,2025-10-24,Fashion,Jacket,4,1518,9,5525.52,Platinum,Bangalore,Debit Card
C1323,O87614,2026-02-05,Fashion,Shoes,4,2509,11,8932.04,Silver,Bangalore,UPI
C1427,O34060,2025-11-13,Sports,Dumbbells,1,8488,1,8403.12,Platinum,Delhi,Wallet
C1316,O23455,2026-01-21,Groceries,Bread,2,3118,29,4427.56,Platinum,Bangalore,Net Banking
C1105,O27984,2026-04-05,Home Decor,Lamp,4,8420,12,29638.4,Silver,Chennai,Wallet
C1147,O88481,2026-04-04,Sports,Cricket Bat,1,15456,24,11746.56,Platinum,Pune,Net Banking
C1183,O58798,2025-06-10,Home Decor,Lamp,3,14464,6,40788.48,Platinum,Hyderabad,Debit Card
C1720,O72000,2025-07-09,Groceries,Eggs,1,3546,27,2588.58,Platinum,Mumbai,UPI
C1783,O96021,2025-06-15,Electronics,Smartphone,2,74692,8,137433.28,Platinum,Chennai,Wallet
C1975,O99012,2025-12-07,Sports,Cricket Bat,1,3086,0,3086.0,Platinum,Chennai,Net Banking
C1829,O22855,2026-05-23,Beauty,Perfume,2,7474,4,14350.08,Gold,Delhi,Net Banking
C1743,O75939,2025-08-24,Electronics,Laptop,3,40794,2,119934.36,Silver,Bangalore,UPI
C1694,O16306,2026-04-20,Home Decor,Lamp,4,9291,19,30102.84,Silver,Bangalore,UPI
C1588,O10351,2025-08-04,Sports,Yoga Mat,2,2006,19,3249.72,Silver,Hyderabad,Wallet
C1895,O67204,2025-10-20,Groceries,Bread,4,1549,30,4337.2,Silver,Delhi,UPI
C1560,O80735,2026-01-22,Groceries,Bread,4,2425,20,7760.0,Gold,Bangalore,Wallet
C1039,O14559,2026-03-29,Beauty,Face Wash,4,8002,9,29127.28,Platinum,Bangalore,UPI
C1041,O56491,2025-07-28,Sports,Cricket Bat,5,12586,6,59154.2,Platinum,Hyderabad,Wallet
C1097,O17386,2025-07-26,Sports,Dumbbells,5,6743,13,29332.05,Silver,Bangalore,Net Banking
C1972,O66177,2026-04-22,Home Decor,Wall Art,1,14736,27,10757.28,Platinum,Delhi,Wallet
C1812,O35962,2026-02-13,Sports,Dumbbells,4,11149,19,36122.76,Gold,Bangalore,Debit Card
C1364,O17815,2025-08-02,Electronics,Laptop,4,32664,0,130656.0,Platinum,Hyderabad,Credit Card
C1062,O30566,2026-04-20,Fashion,Shoes,3,1647,20,3952.8,Silver,Mumbai,Net Banking
C1574,O18803,2026-02-21,Fashion,T-Shirt,5,7222,29,25638.1,Gold,Mumbai,Debit Card
C1323,O94043,2025-12-08,Beauty,Face Wash,5,4189,23,16127.65,Gold,Pune,Wallet
C1369,O92926,2025-08-05,Beauty,Face Wash,1,2984,19,2417.04,Platinum,Bangalore,Net Banking
C1665,O23698,2026-03-08,Home Decor,Carpet,4,1722,12,6061.44,Gold,Bangalore,Net Banking
C1074,O85814,2026-03-27,Beauty,Shampoo,3,1442,14,3720.36,Platinum,Delhi,Wallet
C1572,O66709,2026-04-09,Electronics,Smart Watch,2,10699,24,16262.48,Silver,Chennai,UPI
C1437,O72433,2025-12-27,Beauty,Moisturizer,4,4440,25,13320.0,Platinum,Delhi,Debit Card
C1919,O38402,2025-08-11,Groceries,Bread,2,1237,13,2152.38,Gold,Bangalore,Wallet
C1263,O31015,2025-07-26,Sports,Football,3,8360,9,22822.8,Platinum,Bangalore,Debit Card
C1749,O26637,2026-05-27,Sports,Cricket Bat,5,1957,9,8904.35,Gold,Pune,Credit Card
C1776,O46923,2025-11-13,Fashion,Jeans,1,1464,29,1039.44,Gold,Chennai,Net Banking
C1249,O56902,2025-09-27,Fashion,Jeans,1,3360,3,3259.2,Platinum,Pune,Net Banking
C1171,O11560,2025-11-25,Electronics,Smart Watch,2,36196,4,69496.32,Platinum,Pune,Wallet
C1950,O87484,2026-01-11,Beauty,Shampoo,1,3148,2,3085.04,Gold,Mumbai,Wallet
C1168,O73977,2025-08-17,Electronics,Headphones,5,64736,14,278364.8,Platinum,Hyderabad,UPI
C1375,O64297,2025-08-22,Electronics,Headphones,1,68574,17,56916.42,Platinum,Hyderabad,Wallet
C1756,O73017,2025-10-21,Groceries,Rice,4,1273,28,3666.24,Silver,Chennai,UPI
C1271,O50617,2026-05-06,Groceries,Bread,5,1746,16,7333.2,Platinum,Pune,Net Banking
C1010,O46309,2025-07-16,Groceries,Eggs,1,839,24,637.64,Silver,Pune,Debit Card
C1303,O37130,2025-12-06,Groceries,Rice,3,236,0,708.0,Platinum,Chennai,Net Banking
C1240,O23672,2025-11-03,Fashion,Jeans,2,5758,22,8982.48,Gold,Mumbai,Net Banking
C1519,O60492,2026-04-06,Electronics,Laptop,2,70228,0,140456.0,Gold,Bangalore,UPI
C1950,O45762,2025-09-09,Beauty,Moisturizer,4,2064,29,5861.76,Platinum,Bangalore,UPI
C1648,O48686,2026-01-20,Groceries,Rice,5,1472,15,6256.0,Silver,Hyderabad,Net Banking
C1154,O66446,2025-06-29,Beauty,Moisturizer,1,1810,20,1448.0,Silver,Bangalore,Net Banking
C1271,O68026,2026-06-01,Sports,Cricket Bat,2,2470,3,4791.8,Silver,Hyderabad,Credit Card
C1550,O38172,2025-07-19,Electronics,Smartphone,3,93212,26,206930.64,Platinum,Chennai,Credit Card
C1035,O92177,2026-04-02,Fashion,Jacket,4,8588,16,28855.68,Platinum,Hyderabad,Wallet
C1619,O14616,2025-12-06,Groceries,Bread,1,3178,26,2351.72,Platinum,Hyderabad,Credit Card
C1634,O14731,2026-01-02,Beauty,Face Wash,1,2719,25,2039.25,Silver,Pune,Net Banking
C1662,O46848,2025-11-05,Groceries,Rice,3,1666,30,3498.6,Platinum,Chennai,Net Banking
C1297,O73928,2025-08-04,Electronics,Smart Watch,5,30007,6,141032.9,Gold,Bangalore,Wallet
C1756,O51140,2026-03-19,Groceries,Rice,5,1142,28,4111.2,Silver,Mumbai,Net Banking
C1676,O66082,2025-06-20,Beauty,Moisturizer,1,6994,2,6854.12,Platinum,Pune,UPI
C1666,O57769,2026-03-16,Fashion,Shoes,3,2430,7,6779.7,Silver,Pune,Wallet
C1588,O58943,2026-03-22,Home Decor,Wall Art,2,5161,3,10012.34,Gold,Bangalore,UPI
C1030,O31308,2025-11-19,Electronics,Smartphone,4,30045,2,117776.4,Silver,Bangalore,Debit Card
C1807,O65462,2025-10-19,Sports,Dumbbells,1,1104,9,1004.64,Platinum,Mumbai,Net Banking
C1694,O40888,2026-04-28,Electronics,Smart Watch,2,41356,13,71959.44,Gold,Bangalore,Wallet
C1780,O91273,2026-04-24,Groceries,Rice,5,826,16,3469.2,Silver,Mumbai,Debit Card
C1959,O84019,2025-11-11,Home Decor,Lamp,1,14858,24,11292.08,Platinum,Hyderabad,Debit Card
C1386,O36163,2025-09-21,Electronics,Laptop,3,18058,11,48214.86,Platinum,Hyderabad,UPI
C1601,O93856,2025-09-21,Groceries,Rice,1,2918,30,2042.6,Platinum,Chennai,Credit Card
C1249,O33229,2025-12-30,Groceries,Bread,2,2055,29,2918.1,Gold,Mumbai,Credit Card
C1110,O56887,2025-08-23,Sports,Football,5,5353,30,18735.5,Gold,Delhi,Net Banking
C1055,O53292,2025-06-08,Beauty,Shampoo,1,1431,20,1144.8,Gold,Mumbai,Credit Card
C1529,O82812,2026-02-23,Groceries,Milk,5,1183,2,5796.7,Silver,Mumbai,Net Banking
C1813,O57698,2026-01-21,Beauty,Perfume,2,7918,12,13935.68,Platinum,Pune,Debit Card
C1193,O22068,2026-05-13,Sports,Dumbbells,5,6885,0,34425.0,Silver,Mumbai,Wallet
C1457,O31966,2025-06-15,Sports,Yoga Mat,5,14812,20,59248.0,Platinum,Pune,Net Banking
C1599,O83265,2025-07-15,Sports,Football,1,3202,17,2657.66,Gold,Delhi,Credit Card
C1309,O87138,2025-09-04,Sports,Cricket Bat,4,4848,27,14156.16,Silver,Mumbai,Credit Card
C1136,O24054,2026-01-24,Sports,Dumbbells,4,7664,21,24218.24,Platinum,Bangalore,Wallet
C1189,O30861,2025-12-28,Fashion,Shoes,3,2890,4,8323.2,Silver,Hyderabad,Credit Card
C1013,O40286,2025-08-03,Beauty,Perfume,2,7168,27,10465.28,Platinum,Mumbai,Credit Card
C1410,O98080,2025-08-11,Groceries,Bread,3,1581,16,3984.12,Silver,Bangalore,Debit Card
C1061,O25556,2026-03-15,Fashion,Shoes,3,4861,10,13124.7,Gold,Mumbai,Wallet
C1266,O86849,2025-10-23,Fashion,T-Shirt,2,5218,11,9288.04,Platinum,Hyderabad,UPI
C1935,O58732,2026-04-13,Groceries,Rice,3,1700,14,4386.0,Silver,Hyderabad,Wallet
C1676,O69338,2026-02-26,Electronics,Headphones,5,14254,12,62717.6,Gold,Mumbai,Wallet
C1611,O70714,2026-03-16,Beauty,Face Wash,5,403,27,1470.95,Gold,Hyderabad,Net Banking
C1267,O10319,2025-11-27,Fashion,T-Shirt,4,1977,24,6010.08,Silver,Pune,UPI
C1022,O20426,2025-07-24,Groceries,Milk,4,765,0,3060.0,Gold,Chennai,Debit Card
C1659,O77716,2025-07-10,Beauty,Perfume,2,7339,3,14237.66,Gold,Hyderabad,Net Banking
C1050,O19980,2025-09-07,Groceries,Eggs,4,2982,5,11331.6,Platinum,Pune,Debit Card
C1398,O89079,2026-02-04,Beauty,Moisturizer,2,1508,25,2262.0,Silver,Delhi,Wallet
C1670,O49699,2025-12-08,Groceries,Eggs,2,189,7,351.54,Silver,Hyderabad,Wallet
C1529,O12161,2025-07-08,Electronics,Smart Watch,4,44476,20,142323.2,Platinum,Chennai,Debit Card
C1950,O22290,2025-08-07,Sports,Football,1,11283,14,9703.38,Gold,Chennai,Credit Card
C1234,O35729,2026-02-25,Sports,Football,2,13858,20,22172.8,Platinum,Chennai,Credit Card
C1622,O23962,2025-11-17,Home Decor,Carpet,5,3058,8,14066.8,Silver,Pune,Wallet
C1435,O60337,2025-08-14,Electronics,Smartphone,2,27717,20,44347.2,Silver,Mumbai,Credit Card
C1424,O35649,2026-01-11,Beauty,Perfume,4,3510,1,13899.6,Gold,Pune,Debit Card
C1067,O41233,2026-01-29,Home Decor,Wall Art,2,8376,8,15411.84,Silver,Delhi,Debit Card
C1866,O14219,2026-04-20,Home Decor,Carpet,5,5470,26,20239.0,Gold,Chennai,Wallet
C1733,O86634,2026-05-30,Beauty,Moisturizer,3,7996,20,19190.4,Platinum,Chennai,UPI
C1223,O17305,2025-07-06,Groceries,Bread,2,905,9,1647.1,Silver,Delhi,Credit Card
C1418,O62820,2025-10-04,Home Decor,Lamp,1,9272,15,7881.2,Silver,Pune,Net Banking
C1405,O32391,2025-11-25,Electronics,Smartphone,2,12841,30,17977.4,Gold,Pune,Credit Card
C1256,O29815,2026-03-06,Fashion,Jacket,2,1576,29,2237.92,Platinum,Bangalore,Credit Card
C1026,O86533,2025-12-30,Electronics,Laptop,4,40174,23,123735.92,Silver,Pune,UPI
C1984,O60125,2026-03-10,Home Decor,Wall Art,2,12722,28,18319.68,Platinum,Delhi,Debit Card
C1549,O48609,2026-02-08,Electronics,Smart Watch,3,82050,28,177228.0,Platinum,Delhi,Credit Card
C1190,O98932,2025-06-07,Fashion,T-Shirt,3,3504,20,8409.6,Gold,Mumbai,Credit Card
C1685,O99902,2025-09-07,Beauty,Perfume,2,3598,15,6116.6,Silver,Chennai,Wallet
C1596,O97544,2026-02-17,Fashion,T-Shirt,5,3276,24,12448.8,Gold,Pune,Net Banking
C1986,O31592,2026-02-16,Fashion,Jacket,5,3964,28,14270.4,Silver,Chennai,Debit Card
C1520,O58236,2025-06-22,Groceries,Bread,5,926,7,4305.9,Platinum,Pune,UPI
C1932,O32640,2026-02-13,Electronics,Headphones,1,22719,15,19311.15,Silver,Hyderabad,Credit Card
C1198,O87039,2026-01-11,Groceries,Bread,3,1553,1,4612.41,Silver,Hyderabad,Net Banking
C1030,O86288,2025-06-24,Beauty,Perfume,5,6028,9,27427.4,Gold,Hyderabad,UPI
C1708,O25563,2026-04-29,Electronics,Laptop,3,45928,24,104715.84,Silver,Bangalore,Wallet
C1094,O26023,2026-05-12,Electronics,Smart Watch,3,37226,14,96043.08,Silver,Delhi,UPI
C1591,O91129,2025-07-08,Electronics,Smartphone,2,19806,11,35254.68,Silver,Mumbai,Net Banking
C1029,O71210,2026-01-22,Sports,Dumbbells,3,10627,7,29649.33,Gold,Hyderabad,Wallet
C1316,O99269,2026-01-27,Beauty,Face Wash,1,6856,7,6376.08,Gold,Bangalore,UPI
C1194,O49809,2026-01-16,Groceries,Rice,4,1161,1,4597.56,Gold,Mumbai,UPI
C1654,O77032,2025-12-08,Beauty,Perfume,4,1143,9,4160.52,Silver,Pune,Debit Card
C1540,O62387,2025-11-22,Home Decor,Lamp,4,8895,2,34868.4,Gold,Pune,Wallet
C1762,O95332,2026-05-30,Fashion,Jacket,5,3021,7,14047.65,Silver,Hyderabad,Net Banking
C1153,O24369,2025-07-22,Electronics,Smartphone,5,52135,23,200719.75,Gold,Bangalore,UPI
C1121,O89213,2025-10-01,Electronics,Smartphone,1,8271,1,8188.29,Gold,Pune,Net Banking
C1581,O89549,2025-09-04,Sports,Cricket Bat,5,988,20,3952.0,Gold,Pune,Wallet
C1027,O11256,2025-11-10,Beauty,Perfume,1,6994,23,5385.38,Platinum,Hyderabad,Wallet
C1827,O95856,2025-09-07,Sports,Yoga Mat,2,9841,15,16729.7,Gold,Mumbai,Debit Card
C1032,O48305,2026-03-01,Fashion,T-Shirt,1,2220,11,1975.8,Silver,Delhi,UPI
C1834,O62255,2025-09-30,Sports,Yoga Mat,2,837,4,1607.04,Silver,Pune,Debit Card
C1039,O81633,2026-01-11,Groceries,Eggs,2,1680,29,2385.6,Platinum,Hyderabad,Net Banking
C1727,O69034,2026-04-03,Home Decor,Carpet,2,5923,24,9002.96,Silver,Pune,Debit Card
C1998,O63541,2026-01-27,Groceries,Rice,4,3194,27,9326.48,Platinum,Hyderabad,Net Banking
C1859,O80570,2025-12-26,Home Decor,Curtains,5,3894,10,17523.0,Platinum,Mumbai,Credit Card
C1293,O13883,2025-07-13,Sports,Cricket Bat,1,2751,23,2118.27,Gold,Chennai,Wallet
C1411,O93277,2025-09-17,Groceries,Eggs,3,146,14,376.68,Silver,Chennai,UPI
C1804,O34030,2025-10-16,Home Decor,Wall Art,1,3436,23,2645.72,Silver,Chennai,Debit Card
C1503,O67061,2025-06-09,Sports,Cricket Bat,4,3606,30,10096.8,Gold,Delhi,Debit Card
C1416,O58169,2025-09-30,Electronics,Smartphone,4,48359,30,135405.2,Silver,Delhi,Wallet
C1404,O68027,2025-11-12,Fashion,Shoes,1,5268,28,3792.96,Platinum,Bangalore,Wallet
C1423,O72835,2026-03-04,Beauty,Face Wash,1,5904,3,5726.88,Gold,Mumbai,Debit Card
C1077,O55155,2025-07-23,Beauty,Perfume,1,810,23,623.7,Gold,Bangalore,Debit Card
C1381,O71981,2025-12-02,Fashion,Jeans,1,6288,4,6036.48,Gold,Hyderabad,Debit Card
C1925,O98530,2025-08-10,Fashion,Shoes,5,882,27,3219.3,Silver,Hyderabad,UPI
C1318,O86424,2026-04-07,Groceries,Milk,2,2314,19,3748.68,Gold,Hyderabad,Debit Card
C1954,O67573,2026-01-03,Groceries,Eggs,3,1875,14,4837.5,Silver,Chennai,Net Banking
C1509,O81091,2026-03-30,Fashion,Shoes,5,3596,3,17440.6,Platinum,Delhi,UPI
C1258,O89345,2025-08-15,Beauty,Shampoo,2,750,22,1170.0,Silver,Pune,Net Banking
C1675,O99424,2025-10-16,Home Decor,Wall Art,5,8288,19,33566.4,Platinum,Mumbai,Wallet
C1516,O42596,2026-01-02,Home Decor,Wall Art,2,4061,22,6335.16,Silver,Delhi,Net Banking
C1359,O48116,2025-12-20,Sports,Dumbbells,3,3367,8,9292.92,Silver,Delhi,Wallet
C1104,O81423,2025-07-18,Fashion,T-Shirt,5,7053,27,25743.45,Gold,Hyderabad,Debit Card
C1911,O88757,2026-05-29,Sports,Yoga Mat,2,8649,1,17125.02,Gold,Bangalore,Debit Card
C1339,O64423,2025-11-09,Groceries,Eggs,3,899,14,2319.42,Silver,Hyderabad,Debit Card
C1492,O68563,2026-04-11,Electronics,Laptop,5,33709,17,139892.35,Silver,Mumbai,Debit Card
C1309,O40061,2025-07-24,Beauty,Perfume,2,684,0,1368.0,Gold,Pune,Debit Card
C1398,O97574,2025-06-23,Beauty,Perfume,4,7318,15,24881.2,Gold,Delhi,Credit Card
C1648,O15422,2026-02-16,Home Decor,Carpet,1,2431,17,2017.73,Gold,Hyderabad,UPI
C1180,O92469,2025-11-19,Groceries,Bread,3,2044,13,5334.84,Platinum,Delhi,Net Banking
C1234,O64373,2025-06-24,Fashion,Shoes,1,3231,4,3101.76,Gold,Pune,Wallet
C1102,O69572,2025-08-16,Sports,Football,1,4545,20,3636.0,Silver,Mumbai,Wallet
C1553,O40614,2026-03-08,Home Decor,Lamp,4,18372,14,63199.68,Platinum,Delhi,Wallet
C1842,O23944,2026-02-10,Sports,Cricket Bat,1,3929,17,3261.07,Silver,Delhi,Credit Card
C1107,O54807,2026-01-11,Fashion,Jeans,2,3106,6,5839.28,Platinum,Hyderabad,Net Banking
C1001,O34630,2026-05-16,Electronics,Smartphone,1,69211,3,67134.67,Gold,Hyderabad,Debit Card
C1610,O51646,2025-08-01,Home Decor,Curtains,2,16100,6,30268.0,Platinum,Pune,Wallet
C1729,O62271,2026-02-14,Electronics,Smart Watch,1,67408,19,54600.48,Gold,Delhi,Credit Card
C1335,O18727,2026-05-02,Fashion,T-Shirt,1,4078,4,3914.88,Platinum,Mumbai,Wallet
C1220,O25246,2026-03-02,Electronics,Smartphone,5,77248,7,359203.2,Platinum,Delhi,UPI
C1442,O75566,2026-06-05,Fashion,Shoes,1,5452,21,4307.08,Platinum,Mumbai,Wallet
C1158,O79963,2026-02-23,Groceries,Rice,4,2419,2,9482.48,Gold,Hyderabad,UPI
C1900,O85540,2025-09-21,Fashion,Shoes,1,6222,10,5599.8,Gold,Mumbai,Debit Card
C1896,O64040,2025-07-25,Sports,Cricket Bat,5,6602,6,31029.4,Silver,Delhi,Net Banking
C1157,O77875,2025-10-30,Home Decor,Carpet,4,6294,5,23917.2,Gold,Chennai,UPI
C1349,O80230,2026-04-26,Fashion,Jacket,4,6562,28,18898.56,Gold,Bangalore,UPI
C1285,O25172,2025-07-26,Sports,Football,5,2015,17,8362.25,Silver,Chennai,UPI
C1151,O47946,2025-11-29,Electronics,Headphones,5,37438,29,132904.9,Silver,Bangalore,Net Banking
C1425,O44088,2025-11-17,Fashion,Shoes,5,2554,23,9832.9,Platinum,Mumbai,UPI
C1561,O36746,2026-02-15,Electronics,Headphones,2,28144,7,52347.84,Gold,Bangalore,Net Banking
C1176,O88442,2025-11-09,Groceries,Bread,3,1199,21,2841.63,Silver,Hyderabad,Net Banking
C1598,O72766,2025-10-04,Sports,Cricket Bat,3,8716,25,19611.0,Platinum,Delhi,Debit Card
C1821,O95549,2025-10-03,Groceries,Rice,4,1239,2,4856.88,Silver,Pune,Debit Card
C1677,O18668,2026-04-17,Beauty,Perfume,4,1904,5,7235.2,Platinum,Mumbai,Net Banking
C1534,O49607,2025-06-29,Sports,Football,1,2184,3,2118.48,Gold,Chennai,UPI
C1801,O86235,2025-10-20,Home Decor,Curtains,5,17920,28,64512.0,Platinum,Mumbai,Net Banking
C1723,O59430,2025-12-04,Beauty,Moisturizer,2,3294,24,5006.88,Silver,Pune,Debit Card
C1346,O14521,2026-04-25,Home Decor,Carpet,5,11028,0,55140.0,Gold,Chennai,Wallet
C1416,O64891,2026-02-13,Beauty,Face Wash,1,2374,24,1804.24,Platinum,Hyderabad,UPI
C1532,O56834,2025-09-02,Electronics,Smart Watch,1,43725,13,38040.75,Gold,Bangalore,Credit Card
C1507,O18791,2026-03-17,Electronics,Headphones,5,63414,4,304387.2,Gold,Bangalore,Credit Card
C1541,O96502,2025-10-22,Groceries,Bread,3,1832,29,3902.16,Platinum,Delhi,UPI
C1739,O45859,2026-05-25,Beauty,Shampoo,4,4410,13,15346.8,Silver,Delhi,Net Banking
C1603,O49961,2026-03-16,Home Decor,Lamp,3,5763,4,16597.44,Silver,Pune,Debit Card
C1937,O88142,2025-07-17,Fashion,Jeans,3,6804,30,14288.4,Gold,Chennai,UPI
C1658,O25550,2025-10-24,Fashion,Shoes,2,3666,7,6818.76,Gold,Pune,Wallet
C1176,O33145,2025-06-15,Home Decor,Wall Art,2,18322,4,35178.24,Platinum,Bangalore,Wallet
C1676,O59769,2026-03-23,Sports,Yoga Mat,4,10886,25,32658.0,Platinum,Mumbai,Credit Card
C1582,O16306,2025-07-26,Groceries,Eggs,3,852,5,2428.2,Silver,Hyderabad,Credit Card
C1929,O49546,2025-10-19,Electronics,Smartphone,2,19036,4,36549.12,Silver,Hyderabad,Net Banking
C1316,O10454,2025-06-27,Groceries,Rice,5,1999,30,6996.5,Gold,Hyderabad,Net Banking
C1132,O57961,2025-09-28,Electronics,Smart Watch,5,30324,7,141006.6,Silver,Bangalore,UPI
C1473,O84955,2025-09-18,Home Decor,Carpet,5,4634,5,22011.5,Platinum,Delhi,Wallet
C1683,O54799,2026-03-28,Electronics,Headphones,3,52524,23,121330.44,Gold,Bangalore,Credit Card
C1414,O91886,2026-04-12,Sports,Cricket Bat,5,4206,27,15351.9,Silver,Bangalore,Net Banking
C1838,O72406,2026-03-18,Sports,Football,2,11044,16,18553.92,Platinum,Mumbai,Net Banking
C1051,O40667,2026-02-02,Fashion,Jacket,5,8032,25,30120.0,Platinum,Mumbai,Credit Card
C1804,O55816,2025-11-21,Beauty,Moisturizer,4,1622,22,5060.64,Platinum,Bangalore,Net Banking
C1472,O95150,2025-08-16,Beauty,Face Wash,3,1804,2,5303.76,Platinum,Mumbai,Wallet
C1602,O16264,2026-01-04,Electronics,Headphones,1,7543,16,6336.12,Gold,Bangalore,Net Banking
C1762,O99620,2025-08-16,Sports,Yoga Mat,2,7048,2,13814.08,Silver,Hyderabad,Net Banking
C1641,O11140,2026-04-02,Beauty,Perfume,5,4044,5,19209.0,Silver,Chennai,Credit Card
C1108,O32590,2026-03-25,Sports,Yoga Mat,2,6718,27,9808.28,Gold,Chennai,Wallet
C1031,O26631,2025-09-24,Home Decor,Curtains,2,10782,6,20270.16,Gold,Pune,Credit Card
C1011,O36078,2025-08-25,Electronics,Laptop,3,53851,13,140551.11,Gold,Mumbai,Debit Card
C1247,O93529,2026-04-10,Beauty,Shampoo,3,395,28,853.2,Silver,Pune,Wallet
C1548,O38640,2025-11-20,Groceries,Bread,1,1018,15,865.3,Gold,Hyderabad,Net Banking
C1117,O89545,2025-09-07,Home Decor,Carpet,5,17980,29,63829.0,Platinum,Delhi,Debit Card
C1299,O67385,2025-08-12,Beauty,Moisturizer,3,2306,4,6641.28,Platinum,Hyderabad,Credit Card
C1658,O38020,2026-05-27,Home Decor,Curtains,2,5475,2,10731.0,Gold,Mumbai,Credit Card
C1849,O48450,2026-02-04,Electronics,Smart Watch,5,36378,7,169157.7,Platinum,Delhi,Net Banking
C1825,O38332,2025-11-15,Electronics,Headphones,2,82864,23,127610.56,Platinum,Chennai,Debit Card
C1674,O66767,2025-09-09,Sports,Football,3,10964,25,24669.0,Platinum,Bangalore,Debit Card
C1860,O21464,2025-06-17,Electronics,Laptop,3,11690,23,27003.9,Platinum,Bangalore,Credit Card
C1664,O42951,2025-09-13,Electronics,Headphones,4,23772,18,77972.16,Platinum,Hyderabad,Wallet
C1667,O36924,2025-07-11,Fashion,Jacket,1,9052,6,8508.88,Platinum,Pune,Wallet
C1118,O71542,2025-11-10,Groceries,Eggs,1,552,6,518.88,Platinum,Hyderabad,UPI
C1388,O55430,2025-12-26,Beauty,Perfume,2,3932,29,5583.44,Silver,Hyderabad,Wallet
C1662,O12139,2026-06-01,Beauty,Face Wash,4,7224,2,28318.08,Platinum,Delhi,Net Banking
C1464,O95007,2025-10-12,Electronics,Smart Watch,3,91488,22,214081.92,Platinum,Pune,Wallet
C1102,O73013,2026-02-16,Electronics,Laptop,4,13686,1,54196.56,Silver,Delhi,Wallet
C1724,O58022,2025-08-29,Beauty,Perfume,2,918,5,1744.2,Gold,Chennai,Debit Card
C1507,O29684,2025-06-17,Beauty,Shampoo,5,4022,16,16892.4,Platinum,Chennai,Net Banking
C1406,O29966,2026-02-22,Sports,Cricket Bat,1,8499,2,8329.02,Gold,Hyderabad,Debit Card
C1211,O80316,2026-03-14,Electronics,Headphones,1,16659,14,14326.74,Gold,Pune,Credit Card
C1900,O51316,2025-06-10,Beauty,Perfume,2,370,27,540.2,Silver,Hyderabad,Credit Card
C1526,O67676,2026-01-19,Home Decor,Wall Art,1,2212,19,1791.72,Silver,Bangalore,UPI
C1727,O35549,2026-02-23,Electronics,Headphones,3,14412,3,41938.92,Platinum,Pune,Debit Card
C1067,O11703,2026-02-06,Sports,Yoga Mat,2,5280,15,8976.0,Silver,Mumbai,Credit Card
C2000,O68621,2025-08-17,Beauty,Perfume,3,4347,18,10693.62,Silver,Pune,Debit Card
C1599,O32382,2026-03-25,Electronics,Smart Watch,2,13480,28,19411.2,Platinum,Chennai,Credit Card
C1756,O91090,2026-01-02,Sports,Football,4,4613,20,14761.6,Silver,Hyderabad,Wallet
C1769,O12172,2026-04-20,Fashion,T-Shirt,3,1863,30,3912.3,Gold,Hyderabad,Credit Card
C1793,O67155,2025-12-11,Beauty,Moisturizer,5,4606,2,22569.4,Platinum,Chennai,Wallet
C1557,O32568,2026-05-15,Groceries,Eggs,1,226,7,210.18,Platinum,Chennai,Credit Card
C1847,O74301,2025-09-24,Beauty,Perfume,2,3546,6,6666.48,Platinum,Mumbai,Wallet
C1818,O82122,2025-06-24,Beauty,Perfume,4,1152,16,3870.72,Silver,Mumbai,UPI
C1232,O39155,2025-09-11,Groceries,Rice,3,1764,19,4286.52,Gold,Hyderabad,Credit Card
C1490,O61545,2025-07-05,Electronics,Headphones,4,33170,18,108797.6,Platinum,Chennai,UPI
C1350,O34583,2026-04-18,Groceries,Bread,4,376,1,1488.96,Gold,Chennai,Wallet
C1283,O99087,2025-10-13,Electronics,Smart Watch,5,17353,0,86765.0,Silver,Mumbai,Wallet
C1922,O14848,2026-01-09,Electronics,Smart Watch,4,10785,14,37100.4,Silver,Bangalore,UPI
C1313,O63029,2025-11-02,Home Decor,Carpet,2,2058,8,3786.72,Platinum,Hyderabad,Debit Card
C1282,O86726,2025-10-28,Fashion,Shoes,1,1750,5,1662.5,Gold,Bangalore,Wallet
C1760,O45340,2025-06-21,Sports,Dumbbells,5,1939,15,8240.75,Gold,Bangalore,Net Banking
C1044,O55841,2026-04-03,Home Decor,Carpet,5,2476,12,10894.4,Silver,Mumbai,UPI
C1254,O48986,2025-10-29,Beauty,Moisturizer,3,586,0,1758.0,Gold,Chennai,Wallet
C1755,O30554,2025-09-14,Fashion,Shoes,4,4857,28,13988.16,Silver,Pune,Net Banking
C1605,O60066,2025-08-09,Groceries,Rice,4,3430,16,11524.8,Platinum,Mumbai,UPI
C1432,O26812,2025-11-19,Home Decor,Curtains,3,3550,8,9798.0,Silver,Pune,Debit Card
C1308,O50655,2026-01-29,Beauty,Shampoo,4,3834,29,10888.56,Platinum,Bangalore,Debit Card
C1283,O94321,2025-11-17,Electronics,Headphones,5,66724,5,316939.0,Platinum,Pune,UPI
C1374,O30018,2026-03-13,Fashion,Jacket,1,3552,25,2664.0,Silver,Hyderabad,Net Banking
C1291,O18632,2025-09-14,Beauty,Shampoo,3,4652,30,9769.2,Silver,Pune,Net Banking
C1209,O76648,2025-08-11,Sports,Football,3,10030,3,29187.3,Platinum,Delhi,UPI
C1425,O34725,2026-06-05,Fashion,Shoes,1,6244,10,5619.6,Gold,Hyderabad,Wallet
C1357,O71926,2025-12-29,Home Decor,Curtains,3,1886,22,4413.24,Silver,Pune,Net Banking
C1097,O12815,2026-04-02,Sports,Dumbbells,5,6907,20,27628.0,Silver,Delhi,UPI
C1514,O67235,2025-07-12,Electronics,Smartphone,4,68721,19,222656.04,Gold,Delhi,Credit Card
C1969,O99029,2025-07-18,Fashion,Jacket,2,2535,9,4613.7,Silver,Chennai,Debit Card
C1731,O17575,2025-07-03,Electronics,Smart Watch,5,21505,15,91396.25,Silver,Pune,UPI
C1447,O61080,2025-12-12,Groceries,Rice,4,1720,6,6467.2,Silver,Bangalore,Net Banking
C1501,O38919,2026-02-13,Groceries,Rice,2,2367,11,4213.26,Gold,Bangalore,UPI
C1436,O95356,2025-09-02,Beauty,Face Wash,3,3092,16,7791.84,Platinum,Pune,UPI
C1727,O36097,2026-05-15,Electronics,Headphones,2,29590,10,53262.0,Platinum,Bangalore,Credit Card
C1275,O73898,2026-03-04,Home Decor,Carpet,1,13966,16,11731.44,Gold,Chennai,Net Banking
C1043,O47099,2026-03-06,Fashion,T-Shirt,2,7426,19,12030.12,Gold,Delhi,UPI
C1463,O34286,2025-08-15,Home Decor,Lamp,1,1735,10,1561.5,Silver,Mumbai,Debit Card
C1680,O13239,2025-11-13,Beauty,Moisturizer,1,498,16,418.32,Silver,Pune,Debit Card
C1323,O15198,2025-12-08,Groceries,Rice,2,270,11,480.6,Silver,Mumbai,Debit Card
C1585,O48185,2025-12-14,Beauty,Face Wash,3,9076,25,20421.0,Platinum,Delhi,Credit Card
C1627,O98000,2025-11-09,Fashion,T-Shirt,1,6972,21,5507.88,Platinum,Chennai,Net Banking
C1472,O93333,2025-07-10,Home Decor,Curtains,5,6123,4,29390.4,Silver,Delhi,Net Banking
C1613,O43361,2026-01-02,Home Decor,Lamp,3,4468,6,12599.76,Silver,Hyderabad,UPI
C1139,O18859,2025-06-17,Fashion,Jeans,2,4167,29,5917.14,Gold,Chennai,UPI
C1416,O22645,2026-03-25,Home Decor,Wall Art,1,14050,19,11380.5,Gold,Mumbai,Credit Card
C1704,O37020,2025-10-11,Groceries,Milk,3,1118,27,2448.42,Silver,Chennai,Wallet
C1905,O99077,2025-06-05,Groceries,Milk,5,1183,16,4968.6,Silver,Bangalore,Debit Card
C1173,O89915,2026-02-11,Home Decor,Lamp,1,10936,27,7983.28,Platinum,Bangalore,Wallet
C1638,O31549,2025-07-10,Electronics,Smartphone,3,39276,17,97797.24,Gold,Pune,Debit Card
C1143,O53546,2025-12-09,Electronics,Headphones,3,13875,3,40376.25,Gold,Pune,Debit Card
C1831,O23439,2025-10-20,Home Decor,Lamp,3,5206,19,12650.58,Platinum,Hyderabad,Wallet
C1238,O44110,2025-11-03,Electronics,Headphones,3,61126,2,179710.44,Gold,Delhi,Debit Card
C1623,O60862,2025-06-16,Groceries,Milk,5,1953,14,8397.9,Gold,Chennai,Debit Card
C1495,O90117,2026-02-09,Sports,Yoga Mat,1,7822,8,7196.24,Platinum,Chennai,UPI
C1642,O68644,2026-04-25,Groceries,Milk,1,3884,9,3534.44,Platinum,Delhi,Credit Card
C1414,O26947,2025-07-11,Electronics,Smartphone,5,29804,0,149020.0,Silver,Chennai,Net Banking
C1473,O68831,2026-04-29,Home Decor,Wall Art,2,4321,15,7345.7,Gold,Delhi,Debit Card
C1610,O52305,2025-11-24,Sports,Yoga Mat,5,2782,19,11267.1,Gold,Delhi,Credit Card
C1865,O85079,2026-05-04,Electronics,Headphones,1,42348,21,33454.92,Gold,Hyderabad,Credit Card
C1077,O70316,2025-10-02,Home Decor,Lamp,4,12742,22,39755.04,Gold,Mumbai,Credit Card
C1893,O86620,2026-04-21,Fashion,Shoes,1,3361,27,2453.53,Silver,Hyderabad,Debit Card
C1277,O18190,2025-09-03,Electronics,Headphones,2,52486,26,77679.28,Gold,Pune,Credit Card
C1295,O19308,2026-03-04,Groceries,Eggs,2,941,17,1562.06,Silver,Pune,Net Banking
C1459,O66907,2026-05-10,Beauty,Moisturizer,5,2487,12,10942.8,Gold,Pune,UPI
C1720,O32994,2026-06-01,Sports,Yoga Mat,4,2652,4,10183.68,Gold,Hyderabad,Debit Card
C1727,O29653,2025-11-05,Sports,Yoga Mat,3,5508,29,11732.04,Gold,Delhi,Debit Card
C1300,O75458,2025-07-26,Fashion,T-Shirt,5,9666,11,43013.7,Platinum,Pune,Debit Card
C1066,O75254,2025-07-21,Fashion,T-Shirt,1,813,2,796.74,Gold,Hyderabad,UPI
C1676,O87240,2026-04-04,Home Decor,Lamp,2,4197,25,6295.5,Silver,Hyderabad,Wallet
C1660,O40093,2025-12-30,Beauty,Moisturizer,1,419,9,381.29,Silver,Delhi,Net Banking
C1684,O44207,2026-02-27,Groceries,Rice,3,871,14,2247.18,Silver,Bangalore,UPI
C1792,O19893,2026-04-15,Sports,Dumbbells,3,1454,9,3969.42,Silver,Bangalore,Net Banking
C1811,O83111,2026-03-04,Electronics,Smartphone,3,10874,0,32622.0,Platinum,Chennai,Net Banking
C1147,O32644,2026-01-11,Fashion,T-Shirt,2,7520,28,10828.8,Platinum,Pune,Net Banking
C1418,O29990,2025-11-20,Beauty,Shampoo,3,4525,25,10181.25,Gold,Bangalore,Debit Card
C1387,O71327,2025-06-21,Sports,Cricket Bat,1,681,8,626.52,Silver,Mumbai,Credit Card
C1086,O82691,2026-05-12,Home Decor,Carpet,2,17872,3,34671.68,Platinum,Delhi,Net Banking
C1700,O64288,2025-09-30,Groceries,Rice,2,1376,27,2008.96,Platinum,Delhi,Net Banking
C1212,O90866,2025-12-09,Home Decor,Wall Art,2,5838,20,9340.8,Gold,Delhi,Wallet
C1168,O57412,2025-08-01,Groceries,Rice,1,907,1,897.93,Gold,Bangalore,Net Banking
C1362,O56394,2025-09-22,Groceries,Bread,3,906,11,2419.02,Gold,Delhi,UPI
C1778,O83566,2026-04-08,Groceries,Eggs,3,1456,9,3974.88,Platinum,Bangalore,UPI
C1858,O35741,2025-11-11,Home Decor,Wall Art,4,1458,22,4548.96,Silver,Chennai,UPI
C1202,O37932,2025-06-29,Home Decor,Lamp,4,7895,24,24000.8,Silver,Pune,UPI
C1332,O90357,2026-05-02,Groceries,Milk,4,1603,12,5642.56,Gold,Mumbai,Net Banking
C1800,O18251,2025-12-16,Sports,Dumbbells,3,2798,15,7134.9,Platinum,Mumbai,Net Banking
C1670,O39489,2026-02-15,Electronics,Smart Watch,4,37758,24,114784.32,Gold,Delhi,Credit Card
C1428,O10753,2026-01-07,Electronics,Smart Watch,4,88078,25,264234.0,Platinum,Hyderabad,UPI
C1153,O99988,2025-10-13,Groceries,Rice,2,891,21,1407.78,Silver,Bangalore,Debit Card
C1750,O53796,2026-03-07,Fashion,T-Shirt,3,4492,24,10241.76,Silver,Chennai,Credit Card
C1315,O18624,2026-04-30,Electronics,Smartphone,5,37426,9,170288.3,Gold,Mumbai,Debit Card
C1122,O98409,2026-04-04,Electronics,Smartphone,4,40819,16,137151.84,Gold,Bangalore,Net Banking
C1714,O62936,2025-12-07,Beauty,Moisturizer,3,1482,6,4179.24,Silver,Bangalore,Credit Card
C1548,O46766,2026-03-12,Fashion,Shoes,5,2100,22,8190.0,Silver,Hyderabad,Credit Card
C1946,O28208,2025-08-24,Sports,Yoga Mat,4,9855,15,33507.0,Gold,Mumbai,Debit Card
C1614,O53110,2025-11-24,Groceries,Milk,2,3406,15,5790.2,Platinum,Pune,Credit Card
C1514,O25476,2025-06-08,Electronics,Headphones,4,29067,25,87201.0,Silver,Chennai,Credit Card
C1424,O17634,2026-06-05,Fashion,Jacket,5,4629,27,16895.85,Gold,Mumbai,Net Banking
C1378,O81438,2026-02-03,Fashion,T-Shirt,3,624,24,1422.72,Silver,Chennai,Wallet
C1584,O81049,2026-02-02,Groceries,Eggs,2,357,24,542.64,Silver,Chennai,UPI
C1707,O35607,2025-11-04,Beauty,Moisturizer,3,2176,26,4830.72,Gold,Pune,Credit Card
C1649,O22074,2026-02-20,Sports,Yoga Mat,2,4754,3,9222.76,Platinum,Hyderabad,Credit Card
C1949,O65484,2025-09-08,Groceries,Rice,4,1499,30,4197.2,Silver,Bangalore,Wallet
C1639,O69828,2025-08-28,Beauty,Moisturizer,3,2995,27,6559.05,Silver,Bangalore,Wallet
C1853,O97789,2026-04-29,Electronics,Headphones,4,37965,12,133636.8,Silver,Mumbai,Wallet
C1990,O32390,2025-09-19,Electronics,Laptop,4,5002,24,15206.08,Silver,Bangalore,Debit Card
C1445,O41500,2025-12-01,Groceries,Rice,3,3472,30,7291.2,Platinum,Mumbai,Debit Card
C1526,O90452,2026-02-23,Electronics,Smartphone,5,30848,28,111052.8,Silver,Pune,Wallet
C1049,O45898,2025-11-13,Groceries,Bread,3,1290,5,3676.5,Platinum,Delhi,Debit Card
C1121,O59507,2025-06-30,Sports,Dumbbells,2,5769,24,8768.88,Silver,Pune,Wallet
C1034,O26757,2026-03-28,Groceries,Milk,4,1702,28,4901.76,Gold,Bangalore,Net Banking
C1215,O48317,2025-07-20,Fashion,T-Shirt,2,3194,16,5365.92,Silver,Delhi,Wallet
C1766,O38673,2025-11-04,Fashion,T-Shirt,4,6384,27,18641.28,Gold,Mumbai,Wallet
C1425,O58042,2025-07-03,Beauty,Moisturizer,5,1844,19,7468.2,Silver,Hyderabad,Credit Card
C1805,O47878,2025-09-03,Beauty,Moisturizer,2,5702,2,11175.92,Platinum,Pune,Debit Card
C1969,O87141,2026-04-09,Electronics,Laptop,3,65962,1,195907.14,Platinum,Chennai,Credit Card
C1428,O42378,2025-10-04,Beauty,Face Wash,2,6304,28,9077.76,Platinum,Chennai,Debit Card
C1589,O60858,2025-11-06,Electronics,Laptop,1,36480,17,30278.4,Platinum,Mumbai,Net Banking
C1648,O25120,2025-12-28,Beauty,Moisturizer,5,1133,25,4248.75,Silver,Pune,Debit Card
C1201,O21220,2025-08-29,Groceries,Milk,3,1966,21,4659.42,Silver,Delhi,UPI
C1674,O48500,2026-02-10,Electronics,Smartphone,2,24973,22,38957.88,Gold,Hyderabad,Net Banking
C1105,O19424,2025-10-18,Fashion,Shoes,1,1530,13,1331.1,Silver,Hyderabad,UPI
C1613,O72256,2025-11-02,Groceries,Bread,4,579,0,2316.0,Gold,Bangalore,Wallet
C1266,O43893,2026-05-15,Home Decor,Carpet,5,9475,14,40742.5,Silver,Delhi,Debit Card
C1575,O12044,2026-04-29,Beauty,Shampoo,5,3996,25,14985.0,Gold,Hyderabad,UPI
C1496,O72410,2025-11-24,Electronics,Smartphone,1,53274,0,53274.0,Gold,Mumbai,Credit Card
C1948,O77049,2026-05-19,Electronics,Headphones,4,35698,22,111377.76,Platinum,Pune,Wallet
C1196,O96379,2025-07-14,Fashion,T-Shirt,5,4932,6,23180.4,Platinum,Hyderabad,Wallet
C1418,O61801,2025-11-16,Groceries,Bread,2,264,20,422.4,Silver,Delhi,Wallet
C1014,O60143,2026-03-26,Groceries,Rice,5,2121,16,8908.2,Gold,Chennai,Wallet
C1288,O93579,2026-05-02,Fashion,T-Shirt,2,2738,18,4490.32,Silver,Hyderabad,Debit Card
C1616,O55859,2025-06-22,Sports,Dumbbells,5,2237,13,9730.95,Silver,Hyderabad,Debit Card
C1708,O36076,2026-01-16,Groceries,Eggs,4,1206,19,3907.44,Gold,Pune,UPI
C1238,O94718,2025-08-12,Electronics,Smart Watch,2,82064,7,152639.04,Platinum,Chennai,UPI
C1367,O99427,2026-02-07,Sports,Dumbbells,4,3254,14,11193.76,Silver,Delhi,Credit Card
C1062,O51823,2025-07-11,Beauty,Shampoo,5,6376,18,26141.6,Gold,Mumbai,UPI
C1339,O41201,2026-02-01,Groceries,Milk,3,727,21,1722.99,Gold,Delhi,Net Banking
C1385,O81891,2025-12-12,Fashion,Shoes,3,4498,23,10390.38,Gold,Hyderabad,UPI
C1861,O74758,2025-10-13,Beauty,Moisturizer,3,397,29,845.61,Gold,Delhi,Debit Card
C1082,O43683,2025-07-23,Home Decor,Carpet,2,16520,23,25440.8,Platinum,Bangalore,UPI
C1930,O90308,2025-08-02,Beauty,Shampoo,3,2713,2,7976.22,Silver,Bangalore,Net Banking
C1027,O16211,2026-04-13,Groceries,Rice,1,3122,4,2997.12,Platinum,Delhi,Net Banking
C1654,O49446,2025-09-05,Groceries,Bread,1,1086,19,879.66,Silver,Hyderabad,Credit Card
C1362,O21607,2026-04-23,Beauty,Shampoo,4,2942,24,8943.68,Platinum,Delhi,UPI
C1074,O90205,2025-12-16,Fashion,T-Shirt,1,5064,8,4658.88,Platinum,Hyderabad,UPI
C1361,O22752,2025-09-18,Electronics,Smartphone,3,37726,7,105255.54,Platinum,Bangalore,UPI
C1711,O44813,2025-06-08,Beauty,Perfume,5,4460,9,20293.0,Silver,Hyderabad,UPI
C1701,O45894,2025-12-13,Groceries,Milk,2,677,4,1299.84,Silver,Mumbai,Debit Card
C1251,O48117,2026-01-31,Sports,Dumbbells,3,3592,18,8836.32,Silver,Hyderabad,Wallet
C1106,O85450,2025-12-02,Groceries,Milk,5,1254,20,5016.0,Silver,Delhi,Net Banking
C1172,O61162,2025-11-22,Beauty,Perfume,1,1727,13,1502.49,Silver,Hyderabad,Debit Card
C1987,O15707,2025-06-13,Groceries,Milk,5,1400,8,6440.0,Silver,Mumbai,Wallet
C1234,O17798,2026-01-17,Home Decor,Carpet,1,13869,17,11511.27,Gold,Bangalore,Credit Card
C1862,O41701,2026-03-29,Groceries,Rice,2,523,28,753.12,Gold,Pune,Wallet
C1081,O62178,2025-07-06,Home Decor,Wall Art,2,7170,18,11758.8,Gold,Pune,Net Banking
C1977,O55020,2025-08-28,Home Decor,Curtains,3,6959,16,17536.68,Silver,Chennai,Wallet
C1600,O82322,2025-06-07,Home Decor,Carpet,3,8442,22,19754.28,Gold,Hyderabad,Debit Card
C1321,O68024,2025-08-18,Electronics,Headphones,4,50010,21,158031.6,Gold,Delhi,Net Banking
C1724,O77231,2025-07-24,Beauty,Perfume,1,386,10,347.4,Silver,Hyderabad,UPI
C1473,O86451,2025-07-03,Beauty,Moisturizer,5,5106,14,21955.8,Gold,Pune,Wallet
C1153,O34242,2025-10-15,Electronics,Smart Watch,4,15576,1,61680.96,Silver,Delhi,Wallet
C1049,O41320,2025-11-20,Sports,Football,2,7558,3,14662.52,Gold,Mumbai,Wallet
C1946,O75514,2025-07-31,Fashion,Shoes,2,807,19,1307.34,Gold,Pune,Wallet
C1228,O96843,2026-05-18,Home Decor,Carpet,5,6580,29,23359.0,Silver,Pune,Net Banking
C1865,O12519,2025-08-01,Electronics,Headphones,2,87312,15,148430.4,Platinum,Mumbai,UPI
C1185,O30003,2025-09-24,Home Decor,Wall Art,5,16646,6,78236.2,Platinum,Bangalore,Wallet
C1946,O52285,2026-04-14,Sports,Dumbbells,2,4010,24,6095.2,Silver,Hyderabad,UPI
C1916,O63105,2025-11-25,Sports,Yoga Mat,5,6520,8,29992.0,Gold,Chennai,Wallet
C1655,O42714,2025-10-25,Home Decor,Carpet,5,4782,28,17215.2,Platinum,Bangalore,Wallet
C1921,O50715,2026-04-29,Sports,Yoga Mat,4,7634,7,28398.48,Silver,Pune,Debit Card
C1861,O72832,2025-07-31,Fashion,Jacket,1,3432,24,2608.32,Platinum,Hyderabad,Debit Card
C1117,O29570,2025-09-19,Groceries,Milk,5,303,17,1257.45,Gold,Pune,Debit Card
C1976,O61949,2025-06-16,Fashion,Shoes,5,3150,13,13702.5,Platinum,Mumbai,Debit Card
C1576,O69688,2026-03-05,Beauty,Face Wash,5,3926,17,16292.9,Platinum,Chennai,UPI
C1086,O12650,2026-03-30,Groceries,Milk,3,585,16,1474.2,Silver,Mumbai,UPI
C1871,O20972,2025-07-27,Sports,Cricket Bat,2,1730,2,3390.8,Silver,Chennai,Debit Card
C1301,O93813,2026-05-29,Fashion,Shoes,2,6006,27,8768.76,Gold,Hyderabad,Wallet
C1715,O74495,2026-04-06,Fashion,Jacket,1,1385,17,1149.55,Silver,Delhi,Debit Card
C1344,O36605,2026-05-04,Sports,Dumbbells,2,5669,26,8390.12,Silver,Mumbai,Net Banking
C1453,O17006,2026-05-02,Electronics,Smartphone,1,8059,22,6286.02,Silver,Pune,Wallet
C1955,O47669,2025-07-14,Beauty,Perfume,1,645,30,451.5,Gold,Bangalore,UPI
C1115,O33722,2025-11-02,Groceries,Milk,2,460,24,699.2,Gold,Pune,Wallet
C1195,O86247,2025-08-25,Groceries,Rice,3,318,10,858.6,Gold,Hyderabad,Wallet
C1506,O64958,2026-02-27,Home Decor,Curtains,5,11242,15,47778.5,Platinum,Chennai,Debit Card
C1940,O53738,2025-06-24,Groceries,Milk,3,1498,24,3415.44,Gold,Delhi,Debit Card
C1462,O39639,2025-07-15,Groceries,Rice,3,1827,26,4055.94,Silver,Mumbai,Credit Card
C1633,O25939,2025-08-01,Electronics,Laptop,1,58090,1,57509.1,Gold,Delhi,Credit Card
C1896,O54322,2025-09-03,Electronics,Smartphone,5,25926,13,112778.1,Silver,Pune,Debit Card
C1850,O96525,2025-08-23,Beauty,Perfume,4,7912,23,24368.96,Platinum,Pune,Net Banking
C1142,O87772,2026-06-05,Fashion,Shoes,5,6495,18,26629.5,Gold,Bangalore,Net Banking
C1537,O82695,2025-11-12,Sports,Cricket Bat,5,7011,29,24889.05,Gold,Pune,Credit Card
C1327,O76925,2025-09-16,Home Decor,Lamp,3,3456,26,7672.32,Gold,Chennai,Net Banking
C1840,O89512,2025-08-26,Home Decor,Carpet,5,3428,17,14226.2,Silver,Pune,Wallet
C1721,O60717,2025-12-21,Sports,Football,5,11934,17,49526.1,Gold,Bangalore,UPI
C1781,O33950,2026-04-12,Beauty,Moisturizer,1,7395,4,7099.2,Gold,Mumbai,Net Banking
C1016,O87876,2025-06-22,Groceries,Milk,1,583,11,518.87,Silver,Delhi,Credit Card
C1434,O85808,2025-09-02,Beauty,Perfume,3,8690,19,21116.7,Platinum,Hyderabad,Net Banking
C1586,O78127,2026-06-02,Beauty,Face Wash,3,1454,27,3184.26,Platinum,Delhi,Net Banking
C1243,O53008,2025-06-21,Groceries,Milk,4,2925,18,9594.0,Gold,Bangalore,Credit Card
C1416,O93508,2026-03-12,Electronics,Smartphone,5,97274,5,462051.5,Platinum,Hyderabad,Net Banking
C1704,O19672,2026-05-02,Home Decor,Curtains,4,9559,8,35177.12,Silver,Hyderabad,Debit Card
C1786,O89116,2025-11-25,Home Decor,Wall Art,4,7576,20,24243.2,Silver,Chennai,Credit Card
C1941,O16005,2026-05-31,Groceries,Bread,5,541,12,2380.4,Gold,Chennai,Wallet
C1623,O21826,2025-10-31,Sports,Dumbbells,2,2163,14,3720.36,Gold,Pune,Net Banking
C1493,O17029,2025-07-17,Sports,Cricket Bat,1,3142,16,2639.28,Platinum,Chennai,Credit Card
C1539,O20611,2025-11-19,Fashion,T-Shirt,3,513,8,1415.88,Silver,Mumbai,Debit Card
C1620,O74870,2026-04-08,Home Decor,Carpet,3,5191,24,11835.48,Silver,Bangalore,UPI
C1045,O87011,2026-04-19,Sports,Yoga Mat,3,3691,29,7861.83,Silver,Bangalore,Debit Card
C1018,O75121,2026-05-20,Electronics,Smartphone,5,27568,20,110272.0,Silver,Delhi,Credit Card
C1970,O27648,2026-05-04,Groceries,Milk,4,3052,19,9888.48,Platinum,Pune,Credit Card
C1942,O60802,2026-06-04,Sports,Football,1,3272,19,2650.32,Silver,Bangalore,Wallet
C1731,O32971,2025-09-23,Groceries,Milk,1,1690,10,1521.0,Silver,Delhi,UPI
C1191,O78379,2026-03-05,Beauty,Perfume,3,5996,17,14930.04,Platinum,Hyderabad,Net Banking
C1644,O27800,2025-08-04,Groceries,Bread,5,1896,26,7015.2,Silver,Bangalore,Wallet
C1800,O14227,2025-07-28,Groceries,Rice,2,3366,8,6193.44,Platinum,Hyderabad,Net Banking
C1671,O28715,2026-01-03,Groceries,Rice,3,194,26,430.68,Silver,Delhi,Net Banking
C1798,O43227,2026-04-16,Fashion,Shoes,1,1835,13,1596.45,Silver,Hyderabad,UPI
C1431,O33166,2026-01-01,Beauty,Face Wash,5,3705,29,13152.75,Silver,Mumbai,Debit Card
C1581,O26093,2025-07-02,Fashion,Jacket,3,3283,8,9061.08,Silver,Hyderabad,UPI
C1690,O81209,2025-06-07,Fashion,Jacket,1,9004,5,8553.8,Platinum,Chennai,Net Banking
C1600,O82979,2025-08-31,Fashion,T-Shirt,3,5358,28,11573.28,Platinum,Hyderabad,Net Banking
C1678,O77501,2025-10-21,Sports,Yoga Mat,4,7794,18,25564.32,Gold,Bangalore,Credit Card
C1295,O37018,2025-10-07,Fashion,T-Shirt,5,4715,16,19803.0,Silver,Chennai,Credit Card
C1800,O69648,2026-04-22,Home Decor,Lamp,1,8697,15,7392.45,Gold,Delhi,Net Banking
C1872,O75358,2025-12-23,Home Decor,Lamp,5,3043,4,14606.4,Gold,Delhi,Net Banking
C1333,O86637,2025-07-06,Groceries,Bread,3,2000,28,4320.0,Platinum,Pune,Debit Card
C1290,O22244,2025-09-07,Groceries,Eggs,5,2258,29,8015.9,Platinum,Bangalore,UPI
C1266,O23275,2025-10-25,Home Decor,Carpet,3,9415,13,24573.15,Gold,Pune,Credit Card
C1814,O59444,2026-01-27,Fashion,T-Shirt,5,2740,13,11919.0,Silver,Mumbai,UPI
C1678,O66981,2025-11-02,Beauty,Shampoo,3,5775,11,15419.25,Gold,Delhi,Wallet
C1880,O55857,2026-05-19,Groceries,Rice,2,424,5,805.6,Gold,Bangalore,UPI
C1369,O70007,2026-03-23,Fashion,Jacket,1,6757,13,5878.59,Gold,Hyderabad,Wallet
C1008,O22593,2026-02-10,Home Decor,Wall Art,4,6618,20,21177.6,Platinum,Hyderabad,Wallet
C1856,O20671,2025-12-27,Electronics,Smartphone,5,95522,29,339103.1,Platinum,Hyderabad,Credit Card
C1416,O57959,2025-12-11,Fashion,Jacket,2,6870,3,13327.8,Platinum,Bangalore,Credit Card
C1760,O80376,2026-02-12,Electronics,Smart Watch,5,72817,25,273063.75,Gold,Pune,Debit Card
C1055,O80880,2026-06-02,Sports,Dumbbells,2,1560,22,2433.6,Platinum,Mumbai,Wallet
C1627,O41493,2025-08-17,Groceries,Eggs,4,1078,28,3104.64,Platinum,Pune,Debit Card
C1468,O92864,2026-01-05,Electronics,Laptop,1,18523,10,16670.7,Gold,Mumbai,Credit Card
C1506,O33413,2026-05-25,Beauty,Face Wash,2,3578,6,6726.64,Platinum,Hyderabad,Wallet
C1256,O53499,2025-11-23,Home Decor,Lamp,2,15914,14,27372.08,Platinum,Delhi,Wallet
C1052,O14524,2025-07-10,Groceries,Bread,1,255,23,196.35,Gold,Hyderabad,Wallet
C1918,O55033,2025-08-02,Fashion,Jacket,1,4324,0,4324.0,Platinum,Bangalore,Credit Card
C1972,O32354,2026-01-13,Groceries,Milk,4,1918,28,5523.84,Platinum,Mumbai,Wallet
C1047,O33578,2025-12-26,Fashion,Shoes,1,1332,17,1105.56,Gold,Pune,Wallet
C1144,O16586,2025-12-06,Groceries,Rice,4,1684,27,4917.28,Platinum,Delhi,Debit Card
C1276,O26964,2025-06-16,Fashion,Shoes,1,6312,18,5175.84,Platinum,Bangalore,Wallet
C1166,O44530,2026-04-07,Electronics,Headphones,3,43259,6,121990.38,Silver,Hyderabad,Wallet
C1352,O43708,2025-11-23,Home Decor,Wall Art,1,11378,26,8419.72,Platinum,Bangalore,UPI
C1714,O25719,2025-09-03,Electronics,Smartphone,4,47917,11,170584.52,Gold,Bangalore,Wallet
C1575,O52711,2025-07-11,Beauty,Face Wash,5,8962,15,38088.5,Platinum,Delhi,Debit Card
C1924,O18701,2025-07-29,Beauty,Moisturizer,3,3359,5,9573.15,Silver,Hyderabad,Net Banking
C1864,O97477,2025-09-08,Sports,Cricket Bat,3,7878,30,16543.8,Silver,Mumbai,Credit Card
C1988,O23035,2025-09-05,Groceries,Milk,3,2787,3,8110.17,Gold,Delhi,Debit Card
C1497,O16701,2026-01-05,Groceries,Bread,5,387,7,1799.55,Gold,Chennai,Net Banking
C1741,O18373,2026-01-19,Fashion,Jacket,1,3928,9,3574.48,Silver,Hyderabad,Wallet
C1257,O43186,2025-12-31,Fashion,Shoes,1,3345,17,2776.35,Gold,Mumbai,Net Banking
C1563,O95158,2026-03-22,Fashion,Jeans,4,2592,10,9331.2,Silver,Hyderabad,Net Banking
C1469,O77494,2026-01-12,Sports,Yoga Mat,4,10987,1,43508.52,Gold,Mumbai,Credit Card
C1780,O88741,2025-12-04,Sports,Cricket Bat,1,11689,8,10753.88,Gold,Bangalore,Debit Card
C1045,O96183,2026-06-04,Beauty,Moisturizer,5,2372,15,10081.0,Platinum,Hyderabad,Credit Card
C1642,O96578,2025-10-07,Fashion,Shoes,3,2235,3,6503.85,Silver,Bangalore,Debit Card
C1560,O13896,2025-09-09,Beauty,Face Wash,4,9904,11,35258.24,Platinum,Bangalore,Debit Card
C1594,O90483,2026-02-27,Electronics,Laptop,4,53680,29,152451.2,Gold,Delhi,Debit Card
C1722,O27604,2026-02-04,Home Decor,Carpet,4,11593,6,43589.68,Gold,Pune,Credit Card
C1356,O12332,2025-06-16,Sports,Yoga Mat,3,4083,25,9186.75,Gold,Mumbai,Net Banking
C1956,O91907,2026-04-28,Fashion,Jacket,1,4207,9,3828.37,Silver,Mumbai,Debit Card
C1250,O88941,2026-02-16,Beauty,Shampoo,4,5744,3,22286.72,Platinum,Hyderabad,Debit Card
C1586,O28187,2025-12-22,Electronics,Smart Watch,4,78690,5,299022.0,Platinum,Bangalore,Wallet
C1997,O39715,2025-12-10,Sports,Football,4,4800,18,15744.0,Platinum,Chennai,UPI
C1186,O40422,2025-08-13,Groceries,Bread,3,1510,2,4439.4,Silver,Hyderabad,Debit Card
C1336,O32928,2026-05-16,Home Decor,Curtains,2,14334,21,22647.72,Gold,Bangalore,Net Banking
C1933,O79452,2025-09-25,Fashion,Jeans,2,5410,10,9738.0,Gold,Chennai,Wallet
C1917,O25039,2026-04-17,Beauty,Shampoo,4,862,19,2792.88,Silver,Mumbai,Debit Card
C1090,O11192,2025-11-23,Fashion,Jacket,4,4000,29,11360.0,Silver,Bangalore,Net Banking
C1248,O53037,2026-02-10,Groceries,Rice,3,1083,3,3151.53,Silver,Mumbai,Net Banking
C1964,O19558,2025-12-29,Groceries,Eggs,3,3434,1,10198.98,Platinum,Bangalore,Debit Card
C1046,O74439,2026-05-31,Groceries,Eggs,4,3828,23,11790.24,Platinum,Delhi,Wallet
C1943,O61244,2026-05-03,Electronics,Smart Watch,3,39434,0,118302.0,Silver,Mumbai,Wallet
C1021,O79040,2025-07-14,Groceries,Milk,3,2390,5,6811.5,Platinum,Chennai,Wallet
C1713,O79430,2026-04-07,Groceries,Bread,2,1723,24,2618.96,Silver,Delhi,Net Banking
C1179,O28862,2025-08-07,Sports,Dumbbells,4,1594,21,5037.04,Silver,Delhi,Wallet
C1351,O26001,2025-06-08,Fashion,Jeans,4,5013,13,17445.24,Gold,Pune,Net Banking
C1945,O60715,2026-01-20,Beauty,Moisturizer,1,4460,4,4281.6,Silver,Bangalore,Credit Card
C1604,O92633,2025-12-05,Beauty,Moisturizer,2,6031,28,8684.64,Gold,Bangalore,Net Banking
C1712,O98292,2025-06-17,Beauty,Moisturizer,3,2136,30,4485.6,Platinum,Mumbai,Wallet
C1996,O29141,2025-11-27,Home Decor,Lamp,4,5491,26,16253.36,Gold,Bangalore,Credit Card
C1290,O41064,2025-07-27,Home Decor,Carpet,4,11188,10,40276.8,Platinum,Pune,Debit Card
C1933,O41935,2026-04-10,Home Decor,Carpet,3,16992,7,47407.68,Platinum,Hyderabad,Credit Card
C1413,O63594,2025-06-27,Beauty,Face Wash,1,1306,25,979.5,Gold,Delhi,UPI
C1522,O49175,2025-07-19,Sports,Yoga Mat,4,9936,1,39346.56,Platinum,Hyderabad,Net Banking
C1173,O58034,2025-07-06,Fashion,T-Shirt,2,5476,10,9856.8,Gold,Chennai,Credit Card
C1008,O27711,2026-01-04,Groceries,Bread,5,3570,4,17136.0,Platinum,Chennai,Wallet
C1565,O35967,2026-03-04,Beauty,Face Wash,3,418,30,877.8,Platinum,Hyderabad,Net Banking
C1137,O71197,2025-06-26,Beauty,Moisturizer,3,2184,17,5438.16,Platinum,Mumbai,Net Banking
C2000,O29761,2025-10-12,Electronics,Headphones,3,49602,16,124997.04,Silver,Delhi,Credit Card
C1672,O47232,2025-08-17,Sports,Football,1,5381,12,4735.28,Silver,Mumbai,Wallet
C1504,O93222,2026-05-13,Beauty,Moisturizer,2,4245,16,7131.6,Gold,Mumbai,Net Banking
C1334,O82229,2025-10-26,Beauty,Shampoo,2,4300,14,7396.0,Gold,Chennai,Credit Card
C1793,O50018,2026-04-28,Beauty,Shampoo,4,746,9,2715.44,Silver,Bangalore,Net Banking
C1508,O58772,2026-05-10,Fashion,T-Shirt,1,3289,28,2368.08,Gold,Delhi,Wallet
C1374,O55305,2026-02-11,Groceries,Eggs,5,1467,2,7188.3,Gold,Delhi,Wallet
C1557,O62965,2025-12-07,Groceries,Milk,4,414,8,1523.52,Silver,Delhi,UPI
C1275,O80626,2025-07-05,Electronics,Laptop,5,7702,27,28112.3,Silver,Mumbai,Wallet
C1617,O42120,2025-08-02,Groceries,Rice,1,2397,14,2061.42,Gold,Mumbai,Credit Card
C1971,O50383,2025-11-02,Home Decor,Carpet,5,11328,25,42480.0,Gold,Bangalore,Wallet
C1493,O93171,2026-03-30,Beauty,Shampoo,3,990,25,2227.5,Gold,Bangalore,UPI
C1928,O49728,2026-03-31,Groceries,Milk,5,458,29,1625.9,Platinum,Mumbai,Debit Card
C1373,O86472,2025-09-02,Beauty,Shampoo,3,617,3,1795.47,Silver,Hyderabad,UPI
C1986,O55474,2026-01-11,Groceries,Milk,5,2917,1,14439.15,Gold,Hyderabad,Debit Card
C1422,O13477,2025-11-03,Beauty,Shampoo,2,2101,4,4033.92,Silver,Hyderabad,Credit Card
C1210,O77272,2025-11-15,Sports,Football,3,1670,9,4559.1,Silver,Mumbai,Wallet
C1908,O59824,2026-01-09,Fashion,Jacket,2,4198,25,6297.0,Gold,Delhi,Debit Card
C1786,O14847,2025-12-01,Beauty,Shampoo,2,4830,20,7728.0,Silver,Bangalore,Credit Card
C1113,O96714,2025-10-05,Sports,Cricket Bat,4,3386,4,13002.24,Silver,Hyderabad,Wallet
C1308,O26053,2025-12-08,Beauty,Face Wash,4,3142,25,9426.0,Platinum,Chennai,Credit Card
C1074,O90805,2025-10-24,Sports,Cricket Bat,1,5930,8,5455.6,Platinum,Mumbai,UPI
C1831,O86161,2026-01-01,Home Decor,Wall Art,3,7436,9,20300.28,Silver,Bangalore,UPI
C1944,O34588,2026-01-25,Electronics,Laptop,1,36089,11,32119.21,Silver,Pune,Credit Card
C1938,O42385,2026-04-09,Home Decor,Carpet,3,8555,2,25151.7,Silver,Hyderabad,Net Banking
C1409,O64329,2025-06-28,Home Decor,Curtains,1,7449,28,5363.28,Silver,Delhi,Wallet
C1749,O51658,2026-03-17,Electronics,Laptop,4,46911,2,183891.12,Silver,Hyderabad,UPI
C1407,O96970,2025-10-03,Groceries,Milk,5,3896,3,18895.6,Platinum,Chennai,Credit Card
C1957,O24218,2026-03-30,Beauty,Perfume,3,7222,5,20582.7,Gold,Pune,UPI
C1178,O40953,2025-06-28,Home Decor,Wall Art,1,3876,22,3023.28,Silver,Chennai,Net Banking
C1662,O15065,2025-07-05,Fashion,Jacket,2,6711,0,13422.0,Gold,Delhi,UPI
C1465,O15478,2026-03-30,Sports,Yoga Mat,1,3058,25,2293.5,Silver,Chennai,Debit Card
C1819,O27455,2025-07-11,Sports,Yoga Mat,2,2105,29,2989.1,Silver,Mumbai,Wallet
C1992,O43494,2025-09-10,Home Decor,Wall Art,4,4636,30,12980.8,Silver,Bangalore,Net Banking
C1361,O92574,2026-05-30,Fashion,T-Shirt,2,3570,10,6426.0,Silver,Bangalore,Credit Card
C1096,O19166,2025-11-19,Home Decor,Curtains,5,9443,4,45326.4,Silver,Pune,Net Banking
C1769,O58926,2025-09-07,Fashion,Jeans,3,2098,5,5979.3,Silver,Chennai,Wallet
C1541,O27756,2025-11-24,Fashion,T-Shirt,1,1156,16,971.04,Platinum,Delhi,Debit Card
C1107,O88769,2025-06-16,Sports,Dumbbells,5,5159,24,19604.2,Silver,Mumbai,Net Banking
C1831,O77550,2026-02-16,Sports,Cricket Bat,4,8340,30,23352.0,Platinum,Pune,Net Banking
C1263,O38620,2025-11-24,Home Decor,Carpet,1,10557,21,8340.03,Gold,Bangalore,Net Banking
C1491,O68528,2025-08-24,Sports,Yoga Mat,3,5576,18,13716.96,Silver,Chennai,Wallet
C1262,O17546,2026-04-08,Beauty,Moisturizer,5,4867,7,22631.55,Silver,Chennai,Net Banking
C1016,O51818,2025-08-02,Sports,Yoga Mat,1,1154,9,1050.14,Platinum,Delhi,Wallet
C1207,O64604,2025-07-02,Home Decor,Carpet,4,3777,17,12539.64,Silver,Delhi,Net Banking
C1359,O15179,2026-06-01,Home Decor,Carpet,2,9598,27,14013.08,Platinum,Hyderabad,Wallet
C1822,O17545,2025-12-25,Beauty,Shampoo,3,4566,26,10136.52,Platinum,Mumbai,Net Banking
C1899,O77878,2026-02-27,Fashion,T-Shirt,2,3500,25,5250.0,Silver,Pune,Wallet
C1741,O12641,2025-08-13,Groceries,Bread,4,2143,15,7286.2,Gold,Chennai,Wallet
C1708,O37942,2026-02-11,Groceries,Bread,5,730,0,3650.0,Gold,Delhi,Net Banking
C1071,O11354,2026-02-28,Sports,Yoga Mat,4,4140,8,15235.2,Gold,Bangalore,Credit Card
C1731,O90735,2025-12-27,Home Decor,Carpet,1,3982,9,3623.62,Platinum,Delhi,Credit Card
C1648,O83415,2025-11-04,Home Decor,Wall Art,4,4299,10,15476.4,Silver,Pune,Debit Card
C1996,O36550,2025-08-06,Home Decor,Lamp,2,11382,9,20715.24,Gold,Mumbai,Credit Card
C1192,O52197,2026-05-02,Groceries,Bread,4,1214,9,4418.96,Silver,Hyderabad,Net Banking
C1637,O61971,2025-10-19,Home Decor,Wall Art,2,13656,28,19664.64,Gold,Chennai,Wallet
C1600,O73666,2026-05-20,Home Decor,Wall Art,1,14498,25,10873.5,Platinum,Pune,Debit Card
C1918,O95500,2026-05-08,Groceries,Milk,2,2709,25,4063.5,Gold,Chennai,Wallet
C1234,O56382,2026-05-24,Groceries,Rice,2,759,17,1259.94,Silver,Hyderabad,Credit Card
C1938,O55227,2025-09-10,Fashion,T-Shirt,5,6174,2,30252.6,Gold,Delhi,Wallet
C1424,O64556,2025-11-03,Electronics,Headphones,2,18664,9,33968.48,Gold,Delhi,Debit Card
C1313,O74658,2025-07-27,Fashion,T-Shirt,5,1385,6,6509.5,Silver,Delhi,Net Banking
C1198,O16758,2026-05-23,Fashion,Jeans,2,6814,25,10221.0,Gold,Hyderabad,Credit Card
C1800,O51752,2025-07-02,Sports,Football,1,13988,24,10630.88,Platinum,Bangalore,Credit Card
C1179,O22231,2025-07-18,Groceries,Eggs,4,1425,20,4560.0,Silver,Chennai,Wallet
C1406,O77690,2026-01-11,Home Decor,Curtains,2,8787,13,15289.38,Silver,Hyderabad,Net Banking
C1321,O77641,2026-01-13,Home Decor,Lamp,1,10416,24,7916.16,Platinum,Pune,Debit Card
C1472,O21042,2025-10-28,Groceries,Milk,5,521,29,1849.55,Silver,Chennai,Debit Card
C1256,O54733,2025-06-07,Groceries,Milk,2,199,22,310.44,Gold,Hyderabad,Net Banking
C1345,O45380,2026-02-25,Electronics,Smartphone,5,29470,16,123774.0,Gold,Hyderabad,UPI
C1273,O55519,2026-05-12,Sports,Yoga Mat,1,5038,8,4634.96,Gold,Bangalore,Net Banking
C1197,O76504,2025-10-23,Home Decor,Curtains,5,7060,22,27534.0,Silver,Chennai,UPI
C1103,O71272,2025-07-07,Sports,Yoga Mat,1,780,29,553.8,Gold,Delhi,Wallet
C1405,O40373,2025-08-21,Groceries,Milk,4,1924,22,6002.88,Silver,Bangalore,Wallet
C1652,O64549,2026-03-08,Beauty,Face Wash,4,5370,16,18043.2,Platinum,Mumbai,Credit Card
C1192,O77943,2026-01-24,Sports,Yoga Mat,2,8790,29,12481.8,Gold,Bangalore,UPI
C1783,O30061,2025-11-16,Fashion,Jeans,1,6018,16,5055.12,Gold,Mumbai,UPI
C1871,O70904,2025-12-06,Home Decor,Curtains,2,5293,14,9103.96,Silver,Pune,Net Banking
C1413,O27686,2025-09-20,Electronics,Smartphone,3,83932,9,229134.36,Platinum,Hyderabad,Debit Card
C1355,O29456,2026-03-21,Beauty,Perfume,3,3264,9,8910.72,Silver,Bangalore,Wallet
C1832,O18276,2026-02-24,Beauty,Moisturizer,5,8182,16,34364.4,Platinum,Delhi,Debit Card
C1615,O98425,2025-12-28,Fashion,T-Shirt,4,4774,11,16995.44,Platinum,Delhi,Credit Card
C1193,O44687,2025-07-03,Fashion,Shoes,4,9478,24,28813.12,Platinum,Delhi,Debit Card
C1928,O40305,2025-09-27,Home Decor,Carpet,4,16244,1,64326.24,Platinum,Pune,UPI
C1867,O83063,2025-06-06,Beauty,Face Wash,5,4918,9,22376.9,Platinum,Bangalore,Credit Card
C1110,O89422,2025-12-06,Home Decor,Curtains,2,5017,21,7926.86,Silver,Pune,Net Banking
C1248,O58652,2025-12-07,Beauty,Face Wash,2,531,1,1051.38,Gold,Hyderabad,Wallet
C1889,O16010,2025-09-04,Groceries,Milk,4,709,13,2467.32,Gold,Hyderabad,Credit Card
C1032,O48499,2026-02-14,Electronics,Smartphone,2,9115,13,15860.1,Silver,Mumbai,Net Banking
C1239,O21672,2025-06-07,Beauty,Shampoo,1,1212,7,1127.16,Silver,Hyderabad,Debit Card
C1287,O30658,2025-08-14,Electronics,Laptop,1,30094,18,24677.08,Gold,Pune,Credit Card
C1143,O71637,2025-08-08,Groceries,Rice,1,1396,10,1256.4,Platinum,Hyderabad,Credit Card
C1399,O83103,2026-06-04,Sports,Cricket Bat,3,2754,15,7022.7,Platinum,Chennai,Wallet
C1371,O48796,2025-12-06,Sports,Dumbbells,4,7675,20,24560.0,Silver,Hyderabad,UPI
C1440,O94391,2026-04-20,Fashion,Jeans,1,3829,11,3407.81,Gold,Pune,Credit Card
C1238,O36881,2026-03-21,Fashion,Shoes,1,3780,4,3628.8,Platinum,Bangalore,Net Banking
C1952,O92885,2026-02-14,Fashion,Jeans,2,1690,18,2771.6,Platinum,Chennai,UPI
C1096,O81424,2026-03-20,Electronics,Headphones,3,34897,8,96315.72,Silver,Delhi,UPI
C1044,O41276,2026-02-08,Fashion,T-Shirt,2,2179,9,3965.78,Gold,Chennai,Net Banking
C1716,O44606,2026-04-12,Home Decor,Lamp,3,9590,27,21002.1,Platinum,Bangalore,Wallet
C1818,O38384,2025-06-05,Home Decor,Carpet,1,12522,15,10643.7,Platinum,Pune,UPI
C1396,O31084,2025-06-24,Groceries,Rice,5,324,6,1522.8,Platinum,Chennai,Wallet
C1937,O73053,2025-11-05,Beauty,Shampoo,2,4618,4,8866.56,Gold,Mumbai,UPI
C1114,O54108,2025-11-25,Groceries,Eggs,5,1335,22,5206.5,Silver,Bangalore,UPI
C1705,O48302,2026-01-22,Electronics,Laptop,1,37509,19,30382.29,Silver,Chennai,Wallet
C1961,O59400,2025-06-28,Electronics,Headphones,5,58722,24,223143.6,Gold,Hyderabad,Wallet
C1428,O57803,2025-11-17,Fashion,Jeans,1,1171,2,1147.58,Silver,Delhi,UPI
C1471,O18646,2026-03-08,Sports,Cricket Bat,5,4076,13,17730.6,Platinum,Delhi,Debit Card
C1834,O74029,2025-08-17,Groceries,Eggs,1,1134,3,1099.98,Gold,Pune,UPI
C1207,O11910,2025-11-17,Home Decor,Lamp,2,15874,7,29525.64,Platinum,Mumbai,UPI
C1032,O14992,2025-12-11,Beauty,Moisturizer,2,7176,2,14064.96,Gold,Chennai,Debit Card
C1544,O70387,2026-03-13,Beauty,Face Wash,2,3990,9,7261.8,Silver,Hyderabad,UPI
C1845,O40196,2025-08-26,Groceries,Milk,4,2188,27,6388.96,Gold,Delhi,Debit Card
C1716,O44034,2025-06-19,Groceries,Rice,1,2448,23,1884.96,Platinum,Chennai,UPI
C1900,O84384,2026-04-22,Sports,Dumbbells,4,3972,7,14775.84,Silver,Pune,Net Banking
C1976,O90711,2025-08-11,Electronics,Smart Watch,1,47268,24,35923.68,Gold,Mumbai,Net Banking
C1452,O64973,2025-09-16,Groceries,Eggs,4,1075,27,3139.0,Gold,Chennai,Debit Card
C1422,O43054,2025-12-05,Groceries,Eggs,4,792,21,2502.72,Silver,Pune,Credit Card
C1762,O90422,2025-10-21,Beauty,Perfume,2,9666,4,18558.72,Platinum,Mumbai,Credit Card
C1914,O38460,2025-10-19,Sports,Football,4,3070,23,9455.6,Silver,Bangalore,Wallet
C1172,O71508,2025-11-23,Electronics,Smart Watch,5,88120,4,422976.0,Platinum,Chennai,Wallet
C1783,O22746,2025-08-24,Fashion,Shoes,1,7998,26,5918.52,Platinum,Mumbai,Debit Card
C1963,O22286,2026-05-02,Sports,Cricket Bat,3,7731,2,22729.14,Silver,Bangalore,Wallet
C1379,O63451,2026-04-17,Beauty,Moisturizer,4,3858,20,12345.6,Gold,Pune,UPI
C1493,O65668,2025-12-20,Beauty,Face Wash,1,910,26,673.4,Gold,Mumbai,Wallet
C1950,O90907,2025-11-05,Sports,Yoga Mat,1,4933,25,3699.75,Gold,Bangalore,Credit Card
C1858,O69317,2025-12-02,Fashion,Jacket,5,4989,5,23697.75,Silver,Mumbai,Debit Card
C1969,O46096,2026-01-27,Fashion,Jeans,1,1574,22,1227.72,Platinum,Bangalore,Net Banking
C1807,O30740,2025-09-30,Sports,Dumbbells,3,4876,8,13457.76,Platinum,Pune,Debit Card
C1910,O24245,2026-01-12,Fashion,Shoes,4,2188,18,7176.64,Silver,Bangalore,Net Banking
C1359,O80190,2025-09-23,Electronics,Smart Watch,4,58606,8,215670.08,Gold,Bangalore,Wallet
C1123,O67685,2026-02-26,Groceries,Milk,3,757,28,1635.12,Silver,Pune,Wallet
C1518,O35730,2026-03-22,Sports,Yoga Mat,5,14292,10,64314.0,Platinum,Delhi,Credit Card
C1390,O85800,2025-11-27,Fashion,Jacket,5,2353,2,11529.7,Gold,Chennai,Wallet
C1493,O95423,2025-10-14,Electronics,Headphones,4,45379,24,137952.16,Gold,Delhi,Debit Card
C1256,O83048,2025-06-09,Electronics,Smartphone,3,20948,30,43990.8,Silver,Hyderabad,Debit Card
C1183,O33068,2026-03-05,Fashion,T-Shirt,1,4060,16,3410.4,Gold,Hyderabad,Wallet
C1824,O44866,2025-09-18,Beauty,Face Wash,4,768,0,3072.0,Platinum,Bangalore,Debit Card
C1082,O80587,2025-07-21,Electronics,Headphones,4,42912,9,156199.68,Platinum,Delhi,Wallet
C1390,O82883,2025-07-17,Fashion,Jacket,3,4456,19,10828.08,Gold,Bangalore,UPI
C1244,O70452,2026-03-04,Groceries,Rice,3,2972,4,8559.36,Platinum,Hyderabad,Debit Card
C1486,O62287,2025-08-01,Groceries,Bread,2,2452,1,4854.96,Gold,Chennai,Debit Card
C1517,O16864,2025-06-18,Home Decor,Wall Art,2,10078,28,14512.32,Platinum,Bangalore,Wallet
C1823,O36201,2025-06-09,Beauty,Moisturizer,4,4768,13,16592.64,Silver,Bangalore,Credit Card
C1841,O43952,2026-05-01,Sports,Football,1,4615,25,3461.25,Silver,Delhi,Debit Card
C1997,O21016,2025-08-11,Groceries,Rice,2,2650,28,3816.0,Platinum,Pune,UPI
C1305,O22557,2025-07-12,Home Decor,Carpet,3,6949,28,15009.84,Gold,Bangalore,Debit Card
C1396,O66079,2026-04-27,Beauty,Moisturizer,2,2452,29,3481.84,Silver,Pune,Net Banking
C1343,O77263,2026-05-03,Home Decor,Curtains,5,13384,11,59558.8,Platinum,Pune,Net Banking
C1037,O25487,2026-02-18,Groceries,Eggs,1,1646,29,1168.66,Silver,Mumbai,Debit Card
C1315,O90765,2025-08-06,Groceries,Eggs,5,402,1,1989.9,Platinum,Hyderabad,Wallet
C1083,O82859,2026-04-16,Electronics,Laptop,4,28085,17,93242.2,Silver,Hyderabad,Debit Card
C1337,O23733,2025-10-01,Electronics,Smart Watch,4,15516,10,55857.6,Silver,Mumbai,Net Banking
C1522,O43012,2025-07-17,Electronics,Headphones,1,59308,1,58714.92,Gold,Chennai,Credit Card
C1479,O58703,2025-08-28,Beauty,Perfume,1,2647,18,2170.54,Gold,Pune,Credit Card
C1683,O23638,2025-11-27,Home Decor,Wall Art,4,8338,12,29349.76,Platinum,Pune,UPI
C1702,O84109,2025-09-05,Electronics,Headphones,1,29385,10,26446.5,Gold,Chennai,Wallet
C1056,O85581,2026-04-07,Groceries,Bread,1,422,19,341.82,Platinum,Pune,Wallet
C1107,O60420,2026-02-09,Electronics,Headphones,3,68448,11,182756.16,Gold,Hyderabad,UPI
C1426,O31830,2026-03-28,Beauty,Face Wash,4,1975,27,5767.0,Gold,Bangalore,Credit Card
C1752,O42475,2025-06-08,Beauty,Shampoo,2,7550,4,14496.0,Platinum,Delhi,Credit Card
C1994,O16812,2025-11-23,Groceries,Rice,3,547,22,1279.98,Gold,Bangalore,Credit Card
C1570,O38700,2025-06-06,Groceries,Eggs,5,201,10,904.5,Gold,Chennai,UPI
C1284,O23767,2026-01-18,Beauty,Shampoo,4,3483,15,11842.2,Gold,Hyderabad,UPI
C1864,O23235,2025-12-16,Sports,Dumbbells,3,9270,6,26141.4,Gold,Pune,Credit Card
C1206,O62717,2025-07-10,Electronics,Smartphone,3,63556,15,162067.8,Gold,Pune,Wallet
C1968,O92391,2026-02-19,Beauty,Shampoo,2,1961,13,3412.14,Silver,Delhi,Wallet
C1833,O16994,2026-04-05,Fashion,Shoes,5,3301,13,14359.35,Gold,Delhi,Credit Card
C1982,O12865,2025-07-23,Electronics,Headphones,3,14484,13,37803.24,Platinum,Chennai,UPI
C1611,O47346,2026-03-12,Sports,Dumbbells,2,7968,5,15139.2,Gold,Chennai,Net Banking
C1704,O38999,2026-05-11,Fashion,T-Shirt,1,1092,21,862.68,Gold,Hyderabad,Net Banking
C1828,O68541,2025-12-28,Home Decor,Wall Art,3,3690,13,9630.9,Gold,Bangalore,Credit Card
C1781,O43015,2025-07-16,Fashion,Jacket,3,5578,8,15395.28,Gold,Hyderabad,UPI
C1915,O53706,2025-08-04,Beauty,Shampoo,3,2280,6,6429.6,Gold,Delhi,UPI
C1438,O61202,2026-04-13,Beauty,Face Wash,4,6006,21,18978.96,Platinum,Hyderabad,Wallet
C1349,O29520,2026-06-01,Home Decor,Carpet,3,10845,21,25702.65,Gold,Hyderabad,Net Banking
C1361,O29495,2025-07-29,Sports,Yoga Mat,5,10460,26,38702.0,Platinum,Pune,Credit Card
C1523,O77857,2025-08-05,Electronics,Smart Watch,5,82368,21,325353.6,Platinum,Chennai,Credit Card
C1660,O20316,2025-11-20,Fashion,T-Shirt,4,2300,2,9016.0,Platinum,Mumbai,Debit Card
C1094,O24362,2025-08-18,Home Decor,Carpet,5,1521,20,6084.0,Gold,Bangalore,Wallet
C1985,O39681,2025-12-01,Groceries,Milk,4,1960,3,7604.8,Silver,Delhi,Credit Card
C1424,O14911,2025-12-19,Beauty,Perfume,5,8860,18,36326.0,Platinum,Hyderabad,Debit Card
C1184,O83683,2026-06-04,Groceries,Eggs,4,1294,30,3623.2,Platinum,Delhi,Wallet
C1053,O37028,2026-02-28,Electronics,Headphones,4,12633,1,50026.68,Silver,Delhi,Net Banking
C1706,O53584,2026-02-20,Fashion,Shoes,1,6886,23,5302.22,Platinum,Pune,Credit Card
C1149,O76167,2025-11-02,Groceries,Eggs,2,2406,10,4330.8,Platinum,Pune,Net Banking
C1928,O35585,2025-08-30,Electronics,Headphones,1,42652,13,37107.24,Silver,Pune,Debit Card
C1880,O13493,2026-05-04,Electronics,Smart Watch,3,31714,19,77065.02,Silver,Mumbai,UPI
C1754,O18411,2025-12-29,Groceries,Rice,2,2462,5,4677.8,Platinum,Hyderabad,Wallet
C1261,O19699,2026-03-26,Groceries,Milk,1,734,17,609.22,Silver,Hyderabad,Credit Card
C1732,O61612,2026-05-23,Beauty,Face Wash,3,3684,27,8067.96,Platinum,Mumbai,Credit Card
C1572,O68554,2025-09-09,Groceries,Bread,5,2850,3,13822.5,Gold,Pune,Wallet
C1403,O11795,2025-07-04,Home Decor,Lamp,4,7876,28,22682.88,Silver,Chennai,UPI
C1921,O42766,2026-03-09,Sports,Cricket Bat,4,3746,1,14834.16,Platinum,Mumbai,Credit Card
C1464,O21487,2026-04-21,Beauty,Perfume,2,4029,28,5801.76,Silver,Chennai,Net Banking
C1708,O40547,2026-02-04,Home Decor,Carpet,1,5686,12,5003.68,Platinum,Delhi,Credit Card
C1145,O26844,2026-04-18,Sports,Dumbbells,4,11980,28,34502.4,Platinum,Delhi,UPI
C1437,O51302,2025-07-31,Fashion,Shoes,5,7738,21,30565.1,Platinum,Hyderabad,Credit Card
C1468,O93895,2026-05-19,Beauty,Moisturizer,3,7040,11,18796.8,Platinum,Pune,Wallet
C1065,O50359,2026-05-14,Sports,Yoga Mat,3,2134,13,5569.74,Platinum,Mumbai,UPI
C1040,O71115,2025-12-06,Electronics,Smart Watch,2,31200,21,49296.0,Platinum,Delhi,UPI
C1217,O49426,2026-05-18,Electronics,Headphones,3,47150,5,134377.5,Silver,Hyderabad,UPI
C1973,O72172,2026-02-03,Home Decor,Carpet,3,5637,8,15558.12,Silver,Bangalore,Credit Card
C1275,O99027,2026-03-22,Beauty,Face Wash,5,3313,12,14577.2,Gold,Bangalore,Net Banking
C1538,O14182,2026-03-28,Fashion,Jacket,4,5965,13,20758.2,Gold,Mumbai,Debit Card
C1257,O90521,2025-08-02,Home Decor,Carpet,4,14836,20,47475.2,Platinum,Delhi,Net Banking
C1487,O24880,2025-06-17,Fashion,Shoes,2,3288,2,6444.48,Platinum,Pune,Credit Card
C1497,O18629,2026-04-15,Sports,Football,5,775,1,3836.25,Silver,Chennai,Debit Card
C1793,O44267,2025-12-18,Home Decor,Carpet,5,6186,9,28146.3,Gold,Hyderabad,UPI
C1838,O55678,2026-03-06,Electronics,Laptop,3,46119,4,132822.72,Gold,Hyderabad,Debit Card
C1485,O64795,2025-11-11,Sports,Football,5,2574,13,11196.9,Silver,Pune,Credit Card
C1936,O90578,2025-07-26,Beauty,Face Wash,3,9942,5,28334.7,Platinum,Delhi,Wallet
C1874,O72518,2025-10-07,Groceries,Milk,1,1820,10,1638.0,Platinum,Delhi,Credit Card
C1595,O75862,2026-01-20,Electronics,Headphones,3,66730,18,164155.8,Platinum,Chennai,Debit Card
C1980,O27079,2026-05-06,Fashion,T-Shirt,4,2592,27,7568.64,Platinum,Bangalore,Credit Card
C1308,O93149,2026-06-05,Electronics,Smart Watch,2,13622,24,20705.44,Silver,Hyderabad,Debit Card
C1304,O10708,2025-11-19,Fashion,Jacket,3,4741,16,11947.32,Gold,Pune,Net Banking
C1652,O62667,2025-11-20,Home Decor,Curtains,3,14964,1,44443.08,Platinum,Hyderabad,UPI
C1923,O90660,2026-03-15,Sports,Football,1,4416,18,3621.12,Silver,Delhi,Debit Card
C1302,O46214,2026-04-07,Home Decor,Wall Art,1,7060,29,5012.6,Platinum,Chennai,Debit Card
C1188,O78971,2025-07-01,Electronics,Smart Watch,1,12349,25,9261.75,Gold,Pune,Credit Card
C1274,O95873,2025-06-19,Beauty,Moisturizer,5,3024,16,12700.8,Gold,Delhi,UPI
C1725,O48056,2026-05-03,Beauty,Perfume,5,4583,9,20852.65,Silver,Delhi,UPI
C1341,O48270,2025-12-25,Home Decor,Lamp,2,14688,24,22325.76,Gold,Mumbai,Net Banking
C1993,O52481,2025-08-24,Fashion,Jacket,5,6456,17,26792.4,Gold,Pune,Debit Card
C1411,O89794,2025-09-27,Sports,Football,2,9518,14,16370.96,Platinum,Pune,Net Banking
C1635,O79183,2026-01-03,Sports,Football,3,10300,20,24720.0,Platinum,Pune,Credit Card
C1204,O66292,2025-12-05,Home Decor,Carpet,5,1654,19,6698.7,Silver,Pune,UPI
C1089,O76621,2026-01-27,Beauty,Moisturizer,1,4356,30,3049.2,Platinum,Chennai,Debit Card
C1609,O86800,2025-09-12,Groceries,Milk,5,744,6,3496.8,Platinum,Hyderabad,Net Banking
C1227,O87474,2025-08-07,Beauty,Shampoo,5,4494,6,21121.8,Silver,Chennai,Debit Card
C1293,O68580,2026-02-24,Groceries,Eggs,5,2857,13,12427.95,Gold,Pune,Net Banking
C1789,O82545,2026-05-12,Home Decor,Lamp,1,13111,23,10095.47,Gold,Delhi,UPI
C1586,O46676,2025-06-10,Beauty,Perfume,2,8554,29,12146.68,Platinum,Chennai,Debit Card
C1509,O19371,2026-04-20,Beauty,Face Wash,3,8472,22,19824.48,Platinum,Bangalore,Debit Card
C1461,O74710,2026-01-29,Electronics,Laptop,4,14360,29,40782.4,Silver,Mumbai,Net Banking
C1226,O55509,2026-01-11,Groceries,Milk,4,2692,27,7860.64,Platinum,Mumbai,Credit Card
C1953,O42773,2025-08-22,Sports,Yoga Mat,3,4220,30,8862.0,Platinum,Bangalore,Net Banking
C1513,O76852,2025-11-03,Electronics,Smartphone,2,15036,24,22854.72,Platinum,Delhi,Debit Card
C1121,O77983,2025-11-27,Groceries,Milk,1,282,7,262.26,Platinum,Mumbai,UPI
C1294,O55202,2026-02-03,Electronics,Smart Watch,2,8339,3,16177.66,Silver,Mumbai,Credit Card
C1768,O36675,2025-07-13,Sports,Yoga Mat,5,8085,15,34361.25,Gold,Hyderabad,UPI
C1770,O54208,2025-09-01,Sports,Cricket Bat,3,7832,4,22556.16,Silver,Chennai,Credit Card
C1561,O81001,2025-11-03,Sports,Yoga Mat,1,7772,24,5906.72,Silver,Bangalore,Credit Card
C1328,O12460,2026-05-09,Groceries,Bread,5,1253,1,6202.35,Silver,Chennai,Net Banking
C1406,O60055,2026-04-11,Fashion,Jacket,3,8904,5,25376.4,Platinum,Bangalore,Credit Card
C1963,O57414,2026-05-26,Home Decor,Lamp,1,8281,7,7701.33,Silver,Pune,UPI
C1991,O87172,2025-08-29,Fashion,Shoes,3,2275,2,6688.5,Silver,Mumbai,Credit Card
C1363,O62504,2025-08-16,Home Decor,Lamp,2,7668,6,14415.84,Platinum,Bangalore,Debit Card
C1770,O39949,2025-09-15,Groceries,Milk,2,2470,27,3606.2,Platinum,Hyderabad,Credit Card
C1444,O40383,2026-03-07,Fashion,T-Shirt,5,7172,25,26895.0,Platinum,Hyderabad,Credit Card
C1018,O97711,2025-12-10,Groceries,Bread,1,1455,19,1178.55,Silver,Pune,Net Banking
C1899,O76922,2025-10-10,Groceries,Rice,4,2986,23,9196.88,Platinum,Mumbai,Debit Card
C1791,O13816,2025-09-20,Groceries,Eggs,3,3514,22,8222.76,Platinum,Pune,Debit Card
C1611,O48640,2026-01-20,Sports,Yoga Mat,5,9036,22,35240.4,Platinum,Chennai,Debit Card
C1328,O89638,2025-12-20,Home Decor,Carpet,1,19018,6,17876.92,Platinum,Chennai,Net Banking
C1888,O41877,2025-06-20,Groceries,Rice,1,339,6,318.66,Silver,Hyderabad,Wallet
C1488,O93445,2025-07-05,Electronics,Headphones,3,29320,0,87960.0,Platinum,Bangalore,Debit Card
C1466,O67891,2026-03-30,Sports,Dumbbells,3,11126,19,27036.18,Platinum,Mumbai,Net Banking
C1788,O58244,2025-10-30,Sports,Cricket Bat,5,4320,2,21168.0,Silver,Chennai,Net Banking
C1894,O70016,2026-02-17,Electronics,Laptop,5,17680,26,65416.0,Silver,Mumbai,Wallet
C1657,O43023,2025-08-10,Fashion,Shoes,1,3758,27,2743.34,Platinum,Mumbai,UPI
C1681,O46760,2025-06-27,Fashion,Jacket,3,1272,11,3396.24,Gold,Delhi,Net Banking
C1604,O39129,2025-06-25,Fashion,Jacket,5,3204,25,12015.0,Silver,Delhi,Wallet
C1184,O59419,2025-12-30,Fashion,Shoes,5,9376,9,42660.8,Platinum,Chennai,Credit Card
C1583,O72996,2025-09-10,Fashion,Jacket,2,7482,17,12420.12,Platinum,Mumbai,Credit Card
C1257,O78153,2026-01-22,Beauty,Shampoo,5,6714,17,27863.1,Platinum,Chennai,Debit Card
C1897,O71360,2026-02-24,Fashion,Jeans,5,3507,11,15606.15,Gold,Mumbai,UPI
C1421,O71456,2026-01-09,Sports,Yoga Mat,5,5004,7,23268.6,Platinum,Chennai,Net Banking
C1112,O17271,2025-12-06,Fashion,Jeans,1,5128,19,4153.68,Platinum,Hyderabad,Net Banking
C1138,O93616,2025-08-11,Fashion,Jacket,2,1828,3,3546.32,Gold,Mumbai,Wallet
C1040,O90133,2026-04-06,Fashion,Jacket,1,1386,22,1081.08,Gold,Mumbai,Net Banking
C1564,O35664,2026-05-23,Sports,Football,5,6651,14,28599.3,Gold,Chennai,Net Banking
C1229,O18426,2025-12-21,Fashion,Jeans,4,6452,14,22194.88,Platinum,Hyderabad,UPI
C1544,O90076,2025-06-20,Groceries,Milk,5,563,14,2420.9,Silver,Mumbai,Wallet
C1788,O78969,2025-12-16,Home Decor,Curtains,1,14848,10,13363.2,Gold,Bangalore,UPI
C1804,O39075,2026-03-18,Beauty,Face Wash,3,7291,24,16623.48,Gold,Bangalore,UPI
C1040,O41126,2025-10-16,Home Decor,Wall Art,3,8902,10,24035.4,Silver,Delhi,Credit Card
C1245,O54516,2025-10-24,Electronics,Smart Watch,4,17661,9,64286.04,Silver,Delhi,Credit Card
C1227,O14110,2026-03-09,Electronics,Smartphone,3,68152,7,190144.08,Platinum,Hyderabad,Debit Card
C1226,O23498,2026-03-05,Electronics,Headphones,5,89274,21,352632.3,Platinum,Pune,Debit Card
C1024,O24508,2026-04-28,Electronics,Smart Watch,4,39232,29,111418.88,Silver,Bangalore,Debit Card
C1633,O53439,2025-09-08,Sports,Cricket Bat,4,4567,6,17171.92,Gold,Hyderabad,Credit Card
C1870,O43078,2026-02-18,Home Decor,Wall Art,3,7897,1,23454.09,Gold,Hyderabad,Debit Card
C1040,O65385,2025-08-06,Electronics,Smart Watch,1,27773,13,24162.51,Silver,Pune,Debit Card
C1830,O26956,2026-01-24,Beauty,Shampoo,3,2947,2,8664.18,Gold,Pune,Net Banking
C1961,O82959,2026-01-24,Sports,Cricket Bat,5,13848,19,56084.4,Platinum,Pune,Wallet
C1841,O77876,2026-03-12,Home Decor,Lamp,2,15710,25,23565.0,Platinum,Pune,Net Banking
C1046,O18787,2026-04-19,Electronics,Headphones,2,48220,9,87760.4,Platinum,Mumbai,Net Banking
C1702,O16768,2025-07-26,Electronics,Smart Watch,5,24420,29,86691.0,Platinum,Chennai,UPI
C1124,O62590,2025-12-07,Beauty,Moisturizer,3,5614,21,13305.18,Gold,Hyderabad,UPI
C1417,O65047,2026-03-17,Fashion,Jeans,2,3321,19,5380.02,Silver,Hyderabad,UPI
C1300,O86743,2026-05-14,Beauty,Face Wash,1,7476,4,7176.96,Gold,Delhi,Wallet
C1606,O37011,2025-11-03,Electronics,Smart Watch,2,69060,11,122926.8,Platinum,Pune,Credit Card
C1059,O12988,2025-08-18,Electronics,Headphones,4,38203,22,119193.36,Silver,Chennai,Wallet
C1684,O42925,2026-01-15,Groceries,Eggs,5,2571,29,9127.05,Gold,Bangalore,Credit Card
C1194,O20038,2025-12-21,Home Decor,Carpet,3,7362,19,17889.66,Gold,Chennai,Net Banking
C1651,O71521,2025-10-06,Beauty,Face Wash,4,3928,5,14926.4,Gold,Hyderabad,Wallet
C1216,O71950,2026-06-03,Fashion,T-Shirt,1,7480,28,5385.6,Gold,Bangalore,Debit Card
C1627,O38453,2025-12-18,Electronics,Headphones,3,34495,0,103485.0,Silver,Hyderabad,UPI
C1694,O45536,2025-07-12,Sports,Cricket Bat,5,4614,11,20532.3,Gold,Hyderabad,Net Banking
C1132,O98521,2026-02-04,Sports,Yoga Mat,3,7215,19,17532.45,Silver,Chennai,Net Banking
C1791,O86055,2025-10-28,Sports,Dumbbells,3,11084,27,24273.96,Platinum,Chennai,Debit Card
C1852,O51162,2025-07-11,Sports,Football,3,4240,27,9285.6,Platinum,Mumbai,Credit Card
C1459,O24246,2025-06-10,Groceries,Eggs,1,2906,2,2847.88,Platinum,Mumbai,Credit Card
C1548,O45738,2025-08-28,Sports,Cricket Bat,3,11912,24,27159.36,Platinum,Delhi,Debit Card
C1872,O96712,2026-04-16,Electronics,Smart Watch,5,79182,25,296932.5,Platinum,Pune,Credit Card
C1697,O50789,2026-03-07,Groceries,Milk,4,2366,30,6624.8,Platinum,Pune,Wallet
C1601,O75654,2025-12-15,Electronics,Smartphone,5,24056,2,117874.4,Platinum,Hyderabad,Debit Card
C1012,O78263,2025-07-21,Electronics,Smart Watch,1,38750,12,34100.0,Silver,Pune,Debit Card
C1730,O10245,2026-04-23,Sports,Dumbbells,1,12220,2,11975.6,Platinum,Hyderabad,Credit Card
C1993,O71890,2026-04-07,Groceries,Milk,1,1698,4,1630.08,Silver,Chennai,Wallet
C1490,O71610,2025-07-14,Electronics,Smartphone,2,27832,24,42304.64,Silver,Mumbai,Debit Card
C1880,O43077,2025-10-24,Groceries,Eggs,4,161,30,450.8,Silver,Chennai,UPI
C1223,O41578,2026-02-06,Sports,Cricket Bat,3,2928,28,6324.48,Gold,Bangalore,Net Banking
C1173,O17951,2026-03-18,Groceries,Rice,4,420,24,1276.8,Silver,Pune,UPI
C1463,O85638,2025-12-22,Fashion,Shoes,4,4506,8,16582.08,Silver,Bangalore,Net Banking
C1030,O63790,2026-05-05,Sports,Dumbbells,1,2066,30,1446.2,Silver,Chennai,Debit Card
C1073,O65978,2025-11-06,Sports,Cricket Bat,5,7898,8,36330.8,Platinum,Bangalore,Wallet
C1013,O30041,2025-11-23,Groceries,Milk,2,304,17,504.64,Silver,Bangalore,Credit Card
C1471,O29854,2025-09-24,Sports,Cricket Bat,2,1157,6,2175.16,Silver,Hyderabad,UPI
C1870,O74602,2026-05-18,Sports,Football,4,10003,3,38811.64,Gold,Bangalore,UPI
C1062,O22395,2026-05-02,Home Decor,Carpet,1,5764,24,4380.64,Platinum,Mumbai,Wallet
C1690,O32408,2026-05-14,Sports,Football,1,4699,0,4699.0,Silver,Mumbai,Credit Card
C1327,O46034,2026-02-15,Sports,Yoga Mat,5,7860,0,39300.0,Silver,Delhi,Net Banking
C1349,O48850,2026-02-15,Beauty,Moisturizer,5,3289,19,13320.45,Silver,Bangalore,Net Banking
C1747,O98424,2025-10-11,Electronics,Smartphone,4,89372,4,343188.48,Platinum,Bangalore,UPI
C1904,O81239,2026-01-09,Home Decor,Lamp,4,8538,30,23906.4,Gold,Delhi,Debit Card
C1639,O87538,2026-01-22,Groceries,Bread,2,940,25,1410.0,Gold,Hyderabad,Wallet
C1359,O82688,2025-10-01,Home Decor,Curtains,2,4422,25,6633.0,Gold,Bangalore,Debit Card
C1850,O62188,2025-09-14,Electronics,Headphones,4,13828,12,48674.56,Silver,Pune,UPI
C1969,O67935,2026-01-02,Beauty,Perfume,1,3162,5,3003.9,Silver,Pune,Net Banking
C1445,O57704,2026-06-03,Electronics,Smartphone,1,64966,24,49374.16,Gold,Bangalore,Wallet
C1609,O64346,2026-03-26,Sports,Cricket Bat,3,755,6,2129.1,Silver,Chennai,Debit Card
C1430,O16973,2026-02-22,Sports,Cricket Bat,1,5968,1,5908.32,Silver,Mumbai,Credit Card
C1960,O17512,2025-08-10,Home Decor,Lamp,3,9631,14,24847.98,Gold,Delhi,Debit Card
C1288,O84983,2025-11-17,Electronics,Headphones,1,45050,23,34688.5,Platinum,Chennai,Wallet
C1023,O76829,2026-03-27,Electronics,Smart Watch,5,42675,12,187770.0,Silver,Hyderabad,Wallet
C1979,O69050,2025-06-16,Beauty,Shampoo,4,4484,16,15066.24,Silver,Bangalore,UPI
C1404,O50354,2026-02-19,Fashion,Jeans,4,9260,14,31854.4,Platinum,Hyderabad,Debit Card
C1928,O57523,2026-03-17,Groceries,Eggs,3,1980,14,5108.4,Silver,Pune,Credit Card
C1790,O89534,2026-03-22,Sports,Yoga Mat,5,1790,7,8323.5,Silver,Hyderabad,Debit Card
C1463,O59909,2025-11-06,Groceries,Eggs,2,385,15,654.5,Silver,Pune,Credit Card
C1497,O45289,2026-02-06,Home Decor,Carpet,4,11637,14,40031.28,Gold,Hyderabad,Wallet
C1015,O57965,2026-03-29,Fashion,T-Shirt,4,5044,28,14526.72,Platinum,Hyderabad,UPI
C1113,O89961,2026-02-25,Electronics,Smart Watch,2,38578,1,76384.44,Platinum,Pune,Wallet
C1351,O29024,2026-02-14,Electronics,Smart Watch,3,62038,6,174947.16,Platinum,Delhi,Net Banking
C1627,O31338,2026-05-19,Groceries,Eggs,1,940,12,827.2,Gold,Delhi,Debit Card
C1153,O12588,2025-07-12,Beauty,Face Wash,3,4077,3,11864.07,Gold,Hyderabad,Net Banking
C1191,O95299,2026-02-04,Groceries,Eggs,4,1740,25,5220.0,Gold,Mumbai,Debit Card
C1800,O38471,2025-10-30,Groceries,Rice,4,2982,9,10854.48,Gold,Chennai,UPI
C1484,O86307,2026-05-29,Sports,Football,3,2319,11,6191.73,Silver,Chennai,Net Banking
C1576,O74983,2026-03-20,Groceries,Bread,1,1098,20,878.4,Silver,Mumbai,UPI
C1390,O16171,2026-04-05,Sports,Football,4,7267,23,22382.36,Gold,Delhi,UPI
C1287,O53201,2025-07-01,Fashion,Jacket,5,3292,12,14484.8,Gold,Delhi,Credit Card
C1238,O69001,2025-11-28,Fashion,Shoes,3,4486,25,10093.5,Platinum,Pune,UPI
C1553,O97658,2026-01-26,Fashion,Jeans,1,1672,11,1488.08,Gold,Bangalore,UPI
C1582,O92277,2025-12-13,Electronics,Headphones,3,21720,21,51476.4,Platinum,Pune,Net Banking
C1145,O76597,2026-03-13,Groceries,Eggs,2,969,27,1414.74,Gold,Bangalore,Net Banking
C1943,O85467,2025-12-28,Groceries,Rice,5,3318,2,16258.2,Platinum,Chennai,Net Banking
C1559,O76565,2026-01-24,Groceries,Eggs,5,719,0,3595.0,Silver,Chennai,Net Banking
C1553,O84768,2026-02-13,Sports,Cricket Bat,3,3907,24,8907.96,Gold,Chennai,Net Banking
C1037,O21792,2025-08-23,Fashion,Jacket,5,3929,5,18662.75,Silver,Chennai,Net Banking
C1759,O55198,2026-03-09,Beauty,Moisturizer,4,3861,4,14826.24,Gold,Chennai,Net Banking
C1435,O58290,2025-11-01,Beauty,Face Wash,3,6912,27,15137.28,Gold,Chennai,UPI
C1905,O80630,2026-03-23,Electronics,Smart Watch,5,49133,21,194075.35,Silver,Delhi,Debit Card
C1562,O63631,2025-11-02,Home Decor,Carpet,5,3072,24,11673.6,Silver,Mumbai,UPI
C1476,O24864,2026-03-11,Groceries,Bread,1,565,1,559.35,Gold,Hyderabad,Credit Card
C1640,O42376,2026-01-03,Fashion,Shoes,1,5989,2,5869.22,Gold,Mumbai,Net Banking
C1899,O31002,2026-02-23,Fashion,T-Shirt,3,1107,12,2922.48,Silver,Bangalore,Net Banking
C1035,O27882,2025-08-20,Sports,Yoga Mat,3,1885,12,4976.4,Silver,Pune,Net Banking
C1757,O47935,2025-12-09,Beauty,Face Wash,1,839,0,839.0,Silver,Pune,Credit Card
C1359,O21578,2026-01-16,Fashion,Shoes,4,1918,27,5600.56,Gold,Mumbai,Debit Card
C1468,O13942,2025-06-08,Sports,Cricket Bat,1,9798,23,7544.46,Gold,Chennai,Debit Card
C1726,O56608,2025-08-12,Beauty,Moisturizer,4,1932,4,7418.88,Gold,Mumbai,Net Banking
C1963,O56247,2025-09-17,Fashion,T-Shirt,5,4125,16,17325.0,Gold,Chennai,UPI
C1370,O72219,2025-09-28,Sports,Football,4,2760,25,8280.0,Gold,Chennai,Wallet
C1642,O69122,2025-08-28,Fashion,Jacket,2,1918,20,3068.8,Platinum,Bangalore,Credit Card
C1853,O49723,2025-10-03,Fashion,Jacket,4,8064,2,31610.88,Platinum,Chennai,Credit Card
C1027,O42762,2025-09-06,Sports,Dumbbells,1,8140,1,8058.6,Platinum,Chennai,Wallet
C1928,O40630,2026-01-26,Home Decor,Wall Art,2,6152,26,9104.96,Silver,Delhi,Debit Card
C1900,O32204,2025-06-30,Home Decor,Wall Art,1,13926,11,12394.14,Platinum,Hyderabad,Debit Card
C1887,O85344,2025-09-15,Home Decor,Lamp,4,14089,12,49593.28,Gold,Delhi,Net Banking
C1214,O17235,2025-07-14,Beauty,Moisturizer,1,2030,28,1461.6,Silver,Pune,Credit Card
C1041,O32041,2026-02-04,Home Decor,Wall Art,3,6461,6,18220.02,Silver,Pune,UPI
C1600,O42004,2026-02-02,Sports,Dumbbells,3,3325,9,9077.25,Silver,Chennai,Wallet
C1865,O30772,2026-03-18,Electronics,Smart Watch,4,73182,20,234182.4,Gold,Pune,Credit Card
C1881,O92312,2025-07-26,Electronics,Smart Watch,3,21184,16,53383.68,Platinum,Hyderabad,Net Banking
C1263,O85159,2025-06-05,Home Decor,Curtains,5,7085,13,30819.75,Silver,Pune,Net Banking
C1442,O92701,2026-03-02,Fashion,Shoes,1,9736,20,7788.8,Platinum,Bangalore,Net Banking
C1246,O54179,2025-06-18,Electronics,Headphones,1,23964,6,22526.16,Silver,Delhi,UPI
C1866,O99727,2025-06-09,Home Decor,Carpet,3,2896,0,8688.0,Gold,Mumbai,Credit Card
C1340,O68575,2026-02-12,Fashion,T-Shirt,3,4690,20,11256.0,Silver,Delhi,Wallet
C1163,O12022,2025-07-03,Electronics,Headphones,1,81552,27,59532.96,Platinum,Pune,Wallet
C1386,O68621,2025-07-31,Sports,Yoga Mat,5,3044,8,14002.4,Silver,Delhi,Credit Card
C1303,O25725,2025-06-14,Beauty,Perfume,1,5300,5,5035.0,Platinum,Pune,Debit Card
C1579,O33755,2025-09-18,Fashion,Jacket,5,5730,16,24066.0,Platinum,Delhi,Debit Card
C1453,O69207,2026-03-01,Fashion,Jeans,2,5499,21,8688.42,Gold,Pune,UPI
C1440,O88353,2026-04-03,Groceries,Rice,1,2248,13,1955.76,Platinum,Delhi,UPI
C1255,O57040,2025-08-20,Groceries,Milk,4,3230,19,10465.2,Platinum,Delhi,Wallet
C1575,O49686,2025-08-25,Electronics,Smart Watch,4,37873,1,149977.08,Silver,Pune,Credit Card
C1211,O97072,2025-06-05,Fashion,Shoes,1,3994,5,3794.3,Gold,Pune,UPI
C1307,O67997,2025-10-15,Electronics,Headphones,2,33058,5,62810.2,Gold,Pune,Debit Card
C1807,O50018,2025-10-02,Home Decor,Carpet,5,13718,16,57615.6,Platinum,Chennai,Wallet
C1793,O17162,2025-10-12,Groceries,Rice,5,288,9,1310.4,Platinum,Pune,Debit Card
C1094,O16096,2025-09-16,Sports,Football,4,6790,1,26888.4,Platinum,Bangalore,UPI
C1834,O31579,2026-01-16,Sports,Football,5,4314,19,17471.7,Silver,Chennai,Net Banking
C1584,O87959,2026-05-05,Home Decor,Carpet,2,2287,15,3887.9,Gold,Pune,Wallet
C1114,O15554,2025-08-11,Groceries,Milk,2,2716,25,4074.0,Gold,Hyderabad,Credit Card
C1719,O31041,2025-07-10,Groceries,Milk,5,1333,10,5998.5,Gold,Bangalore,UPI
C1886,O15322,2025-07-05,Fashion,Jeans,2,2141,20,3425.6,Silver,Pune,Net Banking
C1641,O68697,2025-06-28,Sports,Cricket Bat,2,7756,13,13495.44,Gold,Mumbai,UPI
C1283,O72509,2026-03-16,Electronics,Laptop,4,12440,26,36822.4,Silver,Mumbai,Credit Card
C1708,O55534,2025-07-08,Home Decor,Curtains,4,15730,25,47190.0,Platinum,Bangalore,UPI
C1007,O37260,2025-06-11,Home Decor,Wall Art,4,2254,18,7393.12,Gold,Pune,Wallet
C1053,O93465,2026-02-20,Home Decor,Wall Art,4,5515,23,16986.2,Silver,Bangalore,Net Banking
C1486,O74125,2025-08-24,Sports,Yoga Mat,1,7521,17,6242.43,Gold,Mumbai,Wallet
C1845,O82289,2025-10-21,Home Decor,Wall Art,2,7598,16,12764.64,Platinum,Bangalore,UPI
C1054,O30701,2025-09-16,Beauty,Face Wash,2,7922,16,13308.96,Platinum,Hyderabad,Credit Card
C1131,O30019,2026-02-14,Sports,Football,4,6058,13,21081.84,Silver,Pune,Credit Card
C1235,O51812,2025-12-17,Electronics,Smartphone,2,33148,14,57014.56,Gold,Chennai,UPI
C1273,O22905,2026-04-03,Sports,Cricket Bat,3,2218,10,5988.6,Silver,Delhi,UPI
C1038,O76604,2025-12-26,Fashion,Shoes,2,1086,3,2106.84,Platinum,Mumbai,Net Banking
C1052,O97795,2026-02-27,Electronics,Headphones,1,10765,5,10226.75,Silver,Pune,Net Banking
C1390,O12862,2026-02-07,Home Decor,Carpet,5,2386,24,9066.8,Platinum,Hyderabad,Credit Card
C1311,O83412,2025-09-28,Groceries,Rice,2,1804,26,2669.92,Gold,Mumbai,UPI
C1865,O56705,2026-02-27,Sports,Yoga Mat,2,6249,25,9373.5,Silver,Bangalore,Credit Card
C1141,O75890,2026-05-17,Groceries,Rice,4,1602,14,5510.88,Gold,Bangalore,Debit Card
C1810,O54378,2025-08-02,Electronics,Smartphone,2,42575,23,65565.5,Silver,Hyderabad,Debit Card
C1915,O92299,2025-10-27,Home Decor,Carpet,1,5063,23,3898.51,Silver,Delhi,Credit Card
C1899,O72984,2025-10-28,Home Decor,Wall Art,4,11268,21,35606.88,Platinum,Hyderabad,Net Banking
C1298,O23819,2025-12-16,Fashion,Shoes,4,2715,8,9991.2,Gold,Delhi,Credit Card
C1021,O80105,2025-09-12,Groceries,Milk,4,873,24,2653.92,Silver,Mumbai,Wallet
C1865,O21022,2026-03-06,Groceries,Rice,2,1224,2,2399.04,Gold,Hyderabad,Debit Card
C1383,O91573,2025-07-05,Sports,Football,2,5253,19,8509.86,Silver,Delhi,Net Banking
C1426,O53244,2026-02-11,Groceries,Rice,4,1558,17,5172.56,Silver,Mumbai,UPI
C1247,O59847,2025-06-24,Fashion,Jeans,1,6421,17,5329.43,Gold,Delhi,Net Banking
C1940,O69566,2025-07-28,Electronics,Laptop,4,16504,6,62055.04,Silver,Bangalore,Credit Card
C1033,O50374,2025-12-02,Beauty,Moisturizer,5,3607,20,14428.0,Gold,Chennai,Net Banking
C1207,O44583,2026-01-17,Electronics,Smartphone,3,35082,9,95773.86,Gold,Hyderabad,UPI
C1053,O74288,2026-01-03,Beauty,Moisturizer,2,2539,17,4214.74,Gold,Delhi,Credit Card
C1539,O10852,2026-01-21,Groceries,Rice,2,1684,21,2660.72,Gold,Hyderabad,Wallet
C1029,O15276,2025-06-05,Electronics,Laptop,4,14293,24,43450.72,Silver,Chennai,Wallet
C1565,O72517,2025-08-03,Groceries,Rice,2,1680,4,3225.6,Platinum,Mumbai,Net Banking
C1156,O69071,2025-12-12,Fashion,Shoes,5,2947,14,12672.1,Gold,Mumbai,Credit Card
C1028,O87528,2025-11-24,Electronics,Laptop,1,53220,2,52155.6,Platinum,Bangalore,Credit Card
C1528,O26996,2025-07-14,Electronics,Smart Watch,1,70195,18,57559.9,Gold,Mumbai,Credit Card
C1309,O42802,2026-03-02,Fashion,Jacket,1,9892,6,9298.48,Platinum,Hyderabad,Credit Card
C1743,O70907,2026-04-02,Home Decor,Carpet,5,5853,7,27216.45,Silver,Chennai,Credit Card
C1576,O81593,2025-06-11,Groceries,Bread,5,352,4,1689.6,Platinum,Mumbai,Credit Card
C1411,O99189,2026-05-05,Home Decor,Lamp,1,2212,8,2035.04,Silver,Chennai,Wallet
C1659,O67560,2026-02-20,Sports,Football,5,1383,14,5946.9,Gold,Bangalore,Net Banking
C1955,O12574,2025-10-15,Home Decor,Curtains,5,13705,23,52764.25,Gold,Chennai,Debit Card
C1551,O44143,2025-07-21,Beauty,Shampoo,1,2782,12,2448.16,Silver,Mumbai,UPI
C1926,O51373,2025-07-28,Home Decor,Carpet,2,11446,0,22892.0,Gold,Chennai,Debit Card
C1440,O14957,2025-07-28,Electronics,Smart Watch,1,16536,8,15213.12,Silver,Delhi,Credit Card
C1489,O62100,2026-05-20,Fashion,Jeans,3,1390,27,3044.1,Platinum,Mumbai,Wallet
C1473,O12161,2025-12-18,Home Decor,Carpet,3,15276,19,37120.68,Platinum,Mumbai,Wallet
C1071,O45728,2025-11-03,Beauty,Face Wash,5,4796,30,16786.0,Platinum,Pune,UPI
C1586,O81600,2026-05-30,Electronics,Smart Watch,2,44567,3,86459.98,Silver,Delhi,Credit Card
C1740,O74715,2026-02-21,Beauty,Shampoo,3,2720,24,6201.6,Platinum,Mumbai,Debit Card
C1371,O67348,2025-12-09,Beauty,Face Wash,5,599,20,2396.0,Silver,Pune,UPI
C1394,O26615,2025-10-26,Sports,Football,5,6464,3,31350.4,Silver,Bangalore,Wallet
C1051,O16959,2026-01-26,Sports,Yoga Mat,3,15086,17,37564.14,Platinum,Chennai,Wallet
C1971,O12243,2025-08-12,Home Decor,Wall Art,2,6460,17,10723.6,Platinum,Mumbai,Credit Card
C1983,O84597,2026-03-24,Home Decor,Carpet,1,16592,4,15928.32,Platinum,Chennai,Net Banking
C1803,O34023,2026-02-22,Fashion,Shoes,1,3988,17,3310.04,Platinum,Hyderabad,UPI
C1802,O93385,2026-03-01,Groceries,Eggs,1,195,13,169.65,Silver,Chennai,Net Banking
C1872,O78596,2025-06-19,Home Decor,Carpet,2,13806,5,26231.4,Gold,Mumbai,Net Banking
C1140,O57943,2025-10-13,Groceries,Rice,4,815,6,3064.4,Silver,Pune,Credit Card
C1994,O87351,2025-12-24,Home Decor,Lamp,3,11346,21,26890.02,Gold,Hyderabad,Debit Card
C1617,O80111,2025-07-07,Groceries,Bread,2,3714,4,7130.88,Platinum,Mumbai,Wallet
C1150,O71428,2025-11-13,Electronics,Smart Watch,2,54981,7,102264.66,Gold,Delhi,Wallet
C1573,O87328,2025-06-30,Home Decor,Carpet,4,2751,16,9243.36,Silver,Mumbai,Debit Card
C1573,O10565,2026-02-21,Groceries,Rice,1,562,30,393.4,Gold,Mumbai,Net Banking
C1249,O29182,2026-01-20,Groceries,Milk,3,1448,11,3866.16,Silver,Delhi,Wallet
C1479,O93241,2026-05-25,Sports,Dumbbells,1,2109,22,1645.02,Gold,Mumbai,Wallet
C1405,O13869,2026-04-26,Sports,Cricket Bat,1,4531,13,3941.97,Silver,Hyderabad,Credit Card
C1951,O98476,2026-01-12,Groceries,Eggs,1,2992,1,2962.08,Platinum,Pune,Wallet
C1613,O94808,2025-11-28,Sports,Dumbbells,2,2074,14,3567.28,Platinum,Chennai,Net Banking
C1615,O40277,2025-10-24,Beauty,Face Wash,2,422,0,844.0,Silver,Bangalore,Debit Card
C1444,O28547,2025-10-23,Fashion,T-Shirt,3,2378,17,5921.22,Silver,Chennai,Credit Card
C1675,O97671,2025-06-20,Home Decor,Curtains,1,2080,26,1539.2,Silver,Delhi,Credit Card
C1339,O34076,2025-08-07,Home Decor,Lamp,3,2664,5,7592.4,Gold,Pune,Credit Card
C1951,O47732,2025-08-16,Fashion,Shoes,5,6336,9,28828.8,Gold,Bangalore,Wallet
C2000,O79908,2025-08-02,Home Decor,Lamp,5,13212,2,64738.8,Platinum,Bangalore,Net Banking
C1784,O80813,2025-10-17,Fashion,Shoes,4,3074,11,10943.44,Silver,Delhi,Net Banking
C1364,O96503,2026-01-24,Fashion,Jeans,1,3876,30,2713.2,Gold,Delhi,Credit Card
C1301,O67065,2025-09-09,Sports,Yoga Mat,3,1854,13,4838.94,Platinum,Hyderabad,Credit Card
C1210,O31652,2025-09-21,Beauty,Moisturizer,3,958,28,2069.28,Silver,Mumbai,Wallet
C1515,O69196,2025-06-19,Home Decor,Carpet,1,1619,27,1181.87,Silver,Mumbai,Wallet
C1579,O49860,2025-12-21,Groceries,Bread,2,1993,25,2989.5,Gold,Mumbai,Credit Card
C1578,O38278,2026-04-17,Electronics,Headphones,3,47614,13,124272.54,Silver,Hyderabad,Debit Card
C1509,O12473,2025-08-23,Groceries,Rice,3,3984,25,8964.0,Platinum,Hyderabad,Credit Card
C1533,O97306,2026-05-26,Groceries,Milk,1,3326,10,2993.4,Platinum,Hyderabad,UPI
C1507,O54883,2025-06-09,Fashion,Shoes,5,1353,19,5479.65,Gold,Delhi,UPI
C1105,O55118,2025-07-01,Home Decor,Wall Art,3,6040,28,13046.4,Gold,Bangalore,Debit Card
C1653,O48812,2025-12-09,Groceries,Milk,5,3306,29,11736.3,Platinum,Chennai,Debit Card
C1257,O37571,2025-07-06,Beauty,Perfume,1,7352,5,6984.4,Platinum,Mumbai,Credit Card
C1244,O93145,2026-05-10,Groceries,Milk,4,1835,21,5798.6,Silver,Pune,Wallet
C1903,O81838,2026-04-14,Beauty,Shampoo,1,1795,7,1669.35,Silver,Bangalore,Debit Card
C1057,O51132,2026-01-02,Electronics,Headphones,1,75582,15,64244.7,Platinum,Chennai,Net Banking
C1281,O49202,2025-11-24,Beauty,Face Wash,1,3301,7,3069.93,Gold,Mumbai,Debit Card
C1506,O39450,2025-06-19,Groceries,Milk,2,3846,1,7615.08,Platinum,Chennai,Net Banking
C1244,O50348,2025-10-20,Groceries,Eggs,3,1724,29,3672.12,Platinum,Pune,Net Banking
C1292,O81679,2026-04-06,Home Decor,Wall Art,5,11600,8,53360.0,Platinum,Hyderabad,Debit Card
C1011,O85167,2025-12-22,Fashion,Shoes,4,4354,0,17416.0,Gold,Delhi,UPI
C1850,O60233,2026-01-31,Groceries,Rice,3,338,18,831.48,Silver,Delhi,Wallet
C1326,O25305,2025-08-03,Sports,Dumbbells,3,4330,22,10132.2,Silver,Mumbai,Debit Card
C1666,O31139,2025-09-10,Home Decor,Lamp,2,9754,27,14240.84,Platinum,Chennai,Wallet
C1290,O98862,2025-06-17,Fashion,Jacket,5,4050,13,17617.5,Silver,Delhi,UPI
C1296,O72846,2025-09-28,Home Decor,Carpet,3,4472,24,10196.16,Platinum,Delhi,Wallet
C1020,O60705,2025-06-17,Beauty,Moisturizer,4,7644,28,22014.72,Platinum,Chennai,Net Banking
C1622,O50959,2025-08-05,Home Decor,Wall Art,3,6990,30,14679.0,Gold,Hyderabad,Wallet
C1827,O10402,2025-06-06,Home Decor,Curtains,2,11206,16,18826.08,Platinum,Bangalore,Debit Card
C1483,O52666,2026-05-01,Home Decor,Wall Art,4,15808,2,61967.36,Platinum,Chennai,Credit Card
C1259,O92279,2025-10-07,Home Decor,Lamp,4,1295,17,4299.4,Silver,Chennai,Net Banking
C1418,O41443,2025-12-30,Electronics,Smart Watch,1,58738,17,48752.54,Platinum,Pune,UPI
C1612,O90257,2026-03-11,Beauty,Face Wash,1,6732,14,5789.52,Gold,Mumbai,Wallet
C1514,O54479,2025-08-24,Sports,Football,4,14836,0,59344.0,Platinum,Hyderabad,Net Banking
C1473,O65287,2025-10-16,Groceries,Bread,4,3856,11,13727.36,Platinum,Bangalore,Credit Card
C1793,O12979,2025-11-12,Beauty,Shampoo,1,5005,30,3503.5,Gold,Delhi,Debit Card
C1284,O52337,2025-07-10,Groceries,Rice,4,684,25,2052.0,Gold,Pune,Wallet
C1491,O56421,2026-02-01,Fashion,Shoes,4,5660,28,16300.8,Platinum,Chennai,Debit Card
C1460,O97625,2026-03-05,Home Decor,Lamp,3,5577,30,11711.7,Silver,Hyderabad,Credit Card
C1751,O64566,2026-01-10,Electronics,Smart Watch,5,31060,28,111816.0,Platinum,Delhi,Debit Card
C1682,O73922,2025-09-09,Electronics,Smartphone,5,24289,8,111729.4,Silver,Bangalore,Net Banking
C1084,O37904,2026-01-30,Electronics,Smartphone,2,18552,14,31909.44,Silver,Hyderabad,Wallet
C1609,O37536,2025-10-02,Beauty,Shampoo,2,2864,30,4009.6,Platinum,Bangalore,Debit Card
C1026,O34421,2025-11-04,Electronics,Laptop,1,11244,1,11131.56,Platinum,Delhi,Wallet
C1540,O46922,2025-06-16,Home Decor,Lamp,1,12634,29,8970.14,Platinum,Bangalore,Credit Card
C1054,O43760,2025-07-27,Electronics,Smartphone,1,30914,2,30295.72,Platinum,Delhi,Net Banking
C1041,O57526,2025-07-26,Electronics,Smartphone,3,21190,8,58484.4,Silver,Chennai,Net Banking
C1369,O39937,2025-11-30,Sports,Yoga Mat,5,9384,3,45512.4,Gold,Mumbai,Wallet
C1430,O74703,2025-10-19,Electronics,Smart Watch,1,38357,29,27233.47,Silver,Delhi,Credit Card
C1895,O88917,2025-12-06,Groceries,Eggs,3,1357,15,3460.35,Gold,Delhi,Net Banking
C1770,O63557,2025-07-31,Electronics,Laptop,5,59578,8,274058.8,Platinum,Bangalore,UPI
C1536,O99167,2025-09-13,Home Decor,Wall Art,4,12787,29,36315.08,Gold,Chennai,Credit Card
C1874,O37271,2026-03-10,Beauty,Perfume,5,6349,13,27618.15,Gold,Chennai,Net Banking
C1374,O89034,2025-09-10,Beauty,Shampoo,4,1983,17,6583.56,Gold,Hyderabad,Wallet
C1305,O45905,2025-09-17,Sports,Yoga Mat,5,3232,13,14059.2,Gold,Mumbai,Wallet
C1259,O92505,2026-04-18,Groceries,Rice,5,3314,13,14415.9,Platinum,Pune,Wallet
C1315,O96771,2025-09-25,Fashion,T-Shirt,5,3819,10,17185.5,Gold,Hyderabad,Debit Card
C1591,O74544,2026-06-03,Fashion,T-Shirt,4,6190,0,24760.0,Platinum,Delhi,Net Banking
C1195,O83563,2026-04-30,Sports,Football,3,8884,6,25052.88,Platinum,Hyderabad,Credit Card
C1953,O77348,2026-02-27,Electronics,Laptop,4,53212,6,200077.12,Platinum,Bangalore,UPI
C1900,O14915,2026-03-14,Sports,Dumbbells,5,8270,10,37215.0,Platinum,Hyderabad,Net Banking
C1178,O98690,2025-07-31,Home Decor,Curtains,5,4175,3,20248.75,Silver,Chennai,Wallet
C1610,O43620,2025-06-08,Fashion,Jacket,4,2690,2,10544.8,Platinum,Bangalore,Credit Card
C1749,O27482,2026-03-05,Home Decor,Lamp,1,6924,2,6785.52,Platinum,Bangalore,UPI
C1466,O81974,2026-02-28,Electronics,Smartphone,1,26832,11,23880.48,Gold,Hyderabad,UPI
C1361,O77656,2025-08-16,Home Decor,Carpet,4,8586,30,24040.8,Silver,Hyderabad,Debit Card
C1080,O99043,2025-07-09,Beauty,Shampoo,2,6812,18,11171.68,Platinum,Bangalore,UPI
C1813,O12214,2025-12-11,Beauty,Moisturizer,1,6016,30,4211.2,Platinum,Delhi,UPI
C1201,O89548,2026-06-01,Sports,Dumbbells,1,4422,3,4289.34,Platinum,Pune,Wallet
C1170,O41878,2025-07-02,Sports,Cricket Bat,3,3931,12,10377.84,Silver,Bangalore,Debit Card
C1220,O54656,2026-04-04,Sports,Dumbbells,4,10246,22,31967.52,Platinum,Mumbai,Debit Card
C1358,O47803,2026-02-26,Beauty,Moisturizer,2,6764,10,12175.2,Platinum,Chennai,Credit Card
C1260,O83716,2026-03-01,Electronics,Smartphone,5,46792,22,182488.8,Platinum,Hyderabad,Debit Card
C1475,O70347,2026-02-14,Home Decor,Curtains,4,4428,16,14878.08,Silver,Delhi,Debit Card
C1126,O40401,2025-09-15,Beauty,Perfume,1,1816,7,1688.88,Silver,Bangalore,Debit Card
C1287,O77221,2026-05-08,Beauty,Face Wash,2,2607,15,4431.9,Silver,Hyderabad,Wallet
C1372,O95484,2025-10-11,Fashion,Jeans,2,1991,25,2986.5,Silver,Hyderabad,Net Banking
C1828,O49893,2026-04-26,Fashion,Jeans,1,1673,30,1171.1,Silver,Bangalore,UPI
C1860,O96793,2025-07-23,Groceries,Rice,4,163,10,586.8,Silver,Mumbai,Net Banking
C1175,O70638,2025-09-08,Beauty,Moisturizer,2,506,19,819.72,Platinum,Mumbai,Credit Card
C1914,O80819,2026-03-17,Groceries,Rice,4,742,24,2255.68,Gold,Bangalore,Wallet
C1859,O45535,2025-06-07,Sports,Football,1,2398,28,1726.56,Platinum,Mumbai,Net Banking
C1528,O27767,2025-11-14,Electronics,Smartphone,3,46472,30,97591.2,Silver,Bangalore,Credit Card
C1478,O99537,2025-07-04,Electronics,Headphones,1,42564,8,39158.88,Platinum,Chennai,Net Banking
C1979,O25669,2026-04-25,Sports,Cricket Bat,1,9558,18,7837.56,Gold,Pune,Debit Card
C1733,O69401,2026-02-20,Electronics,Headphones,2,14243,22,22219.08,Silver,Delhi,Net Banking
C1412,O12518,2026-01-04,Beauty,Moisturizer,5,2861,3,13875.85,Silver,Delhi,Wallet
C1084,O12057,2026-01-13,Sports,Cricket Bat,2,1504,27,2195.84,Gold,Delhi,Credit Card
C1903,O13445,2025-10-06,Home Decor,Curtains,3,4954,23,11443.74,Gold,Delhi,Credit Card
C1555,O70889,2025-06-20,Electronics,Headphones,5,40459,1,200272.05,Gold,Mumbai,Net Banking
C1486,O90724,2025-08-07,Groceries,Bread,5,2814,17,11678.1,Platinum,Hyderabad,Debit Card
C1486,O47514,2025-08-17,Home Decor,Lamp,4,8374,9,30481.36,Platinum,Pune,Wallet
C1814,O12923,2025-10-24,Home Decor,Lamp,3,5379,24,12264.12,Gold,Pune,UPI
C1283,O53807,2025-07-08,Electronics,Laptop,1,30621,28,22047.12,Silver,Bangalore,UPI
C1235,O87149,2026-03-03,Groceries,Rice,5,3736,13,16251.6,Platinum,Bangalore,UPI
C1521,O52710,2026-03-24,Home Decor,Wall Art,5,14355,8,66033.0,Gold,Bangalore,Net Banking
C1215,O49125,2026-02-16,Fashion,Jacket,1,4008,13,3486.96,Silver,Mumbai,UPI
C1443,O68618,2025-09-06,Groceries,Bread,3,1340,23,3095.4,Silver,Hyderabad,Wallet
C1571,O50212,2026-03-05,Home Decor,Curtains,5,4086,30,14301.0,Gold,Chennai,UPI
C1804,O72802,2025-08-06,Home Decor,Wall Art,2,7643,14,13145.96,Silver,Hyderabad,Wallet
C1791,O52059,2026-01-25,Beauty,Shampoo,1,2151,20,1720.8,Gold,Delhi,Debit Card
C1671,O87854,2026-01-06,Electronics,Laptop,4,41773,23,128660.84,Silver,Delhi,UPI
C1280,O65118,2025-10-06,Beauty,Perfume,1,3116,24,2368.16,Platinum,Bangalore,UPI
C1024,O48683,2025-07-06,Beauty,Shampoo,1,3850,9,3503.5,Silver,Hyderabad,Debit Card
C1167,O84833,2026-04-03,Sports,Cricket Bat,2,6051,27,8834.46,Silver,Hyderabad,Debit Card
C1842,O28113,2025-06-07,Fashion,Jacket,2,7143,4,13714.56,Gold,Pune,Net Banking
C1090,O10998,2026-05-30,Electronics,Smart Watch,4,28104,25,84312.0,Silver,Hyderabad,Debit Card
C1102,O36332,2025-09-25,Groceries,Bread,1,1646,17,1366.18,Silver,Bangalore,Net Banking
C1886,O66473,2025-12-11,Groceries,Rice,5,758,21,2994.1,Silver,Hyderabad,Credit Card
C1513,O38413,2026-01-22,Home Decor,Curtains,2,6013,14,10342.36,Gold,Delhi,Wallet
C1817,O63784,2026-04-25,Beauty,Perfume,5,4591,0,22955.0,Gold,Chennai,Net Banking
C1213,O20525,2025-09-25,Sports,Football,2,6608,14,11365.76,Silver,Chennai,Net Banking
C1558,O14281,2025-10-30,Beauty,Face Wash,2,7160,2,14033.6,Platinum,Chennai,Debit Card
C1617,O63186,2026-02-01,Fashion,Jacket,3,2865,28,6188.4,Gold,Bangalore,Debit Card
C1748,O34227,2025-10-09,Groceries,Milk,5,1604,25,6015.0,Platinum,Pune,Debit Card
C1610,O45387,2025-11-16,Beauty,Shampoo,2,2056,27,3001.76,Gold,Hyderabad,Wallet
C1047,O43867,2026-06-03,Groceries,Milk,4,2694,26,7974.24,Gold,Bangalore,UPI
C1444,O58684,2025-11-05,Beauty,Shampoo,3,767,22,1794.78,Silver,Chennai,UPI
C1060,O67269,2025-06-08,Home Decor,Curtains,4,2198,29,6242.32,Silver,Mumbai,Wallet
C1647,O85547,2025-10-25,Groceries,Bread,4,1354,28,3899.52,Gold,Delhi,Credit Card
C1544,O21454,2025-12-12,Sports,Dumbbells,2,845,7,1571.7,Silver,Hyderabad,Wallet
C1531,O90687,2025-07-30,Groceries,Eggs,3,1849,17,4604.01,Silver,Bangalore,UPI
C1727,O13878,2026-05-05,Home Decor,Lamp,3,1148,17,2858.52,Silver,Bangalore,Debit Card
C1572,O96089,2026-04-05,Sports,Yoga Mat,4,3395,25,10185.0,Silver,Chennai,Debit Card
C1382,O15042,2025-08-07,Home Decor,Curtains,5,13038,4,62582.4,Platinum,Pune,Debit Card
C1576,O78623,2026-04-16,Sports,Cricket Bat,4,4332,28,12476.16,Platinum,Delhi,Debit Card
C1294,O22840,2025-08-11,Electronics,Smart Watch,2,38552,27,56285.92,Platinum,Pune,Wallet
C1122,O71761,2025-12-14,Groceries,Eggs,1,242,17,200.86,Platinum,Mumbai,Debit Card
C1626,O58552,2025-12-02,Home Decor,Curtains,5,6843,26,25319.1,Gold,Bangalore,Net Banking
C1411,O18045,2025-10-21,Beauty,Moisturizer,3,3193,20,7663.2,Silver,Pune,Wallet
C1338,O81599,2025-09-21,Home Decor,Carpet,1,8689,5,8254.55,Gold,Bangalore,Credit Card
C1554,O51240,2025-09-14,Groceries,Bread,5,1635,1,8093.25,Silver,Hyderabad,Credit Card
C1093,O19285,2026-05-25,Home Decor,Lamp,5,2268,18,9298.8,Silver,Delhi,Net Banking
C1550,O46349,2025-12-31,Home Decor,Wall Art,3,4491,5,12799.35,Gold,Pune,Credit Card
C1329,O17096,2025-07-09,Electronics,Laptop,5,47834,5,227211.5,Silver,Pune,Debit Card
C1185,O78018,2025-12-11,Groceries,Milk,4,2298,3,8916.24,Gold,Hyderabad,Net Banking
C1380,O34952,2025-10-22,Beauty,Moisturizer,1,3008,13,2616.96,Platinum,Bangalore,Wallet
C1536,O61776,2025-12-07,Beauty,Perfume,5,495,26,1831.5,Silver,Bangalore,Credit Card
C1043,O33878,2025-09-19,Groceries,Milk,5,420,21,1659.0,Silver,Pune,Credit Card
C1325,O37061,2025-09-29,Electronics,Headphones,3,59434,18,146207.64,Gold,Chennai,Credit Card
C1012,O57471,2025-10-24,Groceries,Bread,5,911,23,3507.35,Silver,Hyderabad,Debit Card
C1457,O78508,2026-05-26,Fashion,Jeans,3,4660,29,9925.8,Gold,Pune,Wallet
C1970,O75704,2026-05-12,Beauty,Shampoo,1,2531,23,1948.87,Silver,Pune,Net Banking
C1622,O52976,2026-03-28,Electronics,Smart Watch,4,49930,2,195725.6,Gold,Hyderabad,Wallet
C1089,O55899,2026-05-30,Groceries,Rice,4,226,7,840.72,Gold,Delhi,Debit Card
C1231,O85279,2026-04-23,Groceries,Eggs,3,3710,19,9015.3,Platinum,Mumbai,Net Banking
C1237,O16943,2025-10-25,Sports,Cricket Bat,4,14202,7,52831.44,Platinum,Chennai,Debit Card
C1977,O58556,2025-08-30,Home Decor,Wall Art,1,17850,24,13566.0,Platinum,Bangalore,Credit Card
C1759,O31937,2026-06-05,Electronics,Headphones,5,46097,24,175168.6,Silver,Bangalore,Net Banking
C1754,O74364,2026-05-01,Sports,Cricket Bat,3,4114,28,8886.24,Platinum,Mumbai,Credit Card
C1396,O60701,2025-10-05,Fashion,Jeans,4,2001,15,6803.4,Gold,Delhi,Debit Card
C1150,O17287,2025-07-16,Sports,Dumbbells,2,2326,28,3349.44,Platinum,Pune,Credit Card
C1986,O78235,2025-09-23,Sports,Yoga Mat,4,7814,9,28442.96,Platinum,Pune,UPI
C1636,O21474,2025-12-21,Sports,Dumbbells,4,7508,16,25226.88,Silver,Chennai,Net Banking
C1688,O94213,2025-09-19,Beauty,Moisturizer,4,4212,28,12130.56,Platinum,Chennai,Debit Card
C1543,O57986,2026-03-05,Sports,Dumbbells,4,6093,26,18035.28,Gold,Mumbai,Net Banking
C1364,O36979,2025-12-16,Electronics,Laptop,2,42830,6,80520.4,Platinum,Delhi,Debit Card
C1838,O15702,2025-09-23,Home Decor,Curtains,2,14830,3,28770.2,Platinum,Hyderabad,Debit Card
C1370,O65948,2025-11-03,Home Decor,Carpet,5,9832,19,39819.6,Silver,Pune,Wallet
C1663,O47774,2025-08-29,Sports,Dumbbells,4,5617,27,16401.64,Silver,Delhi,Debit Card
C1850,O91094,2026-05-23,Home Decor,Carpet,1,8286,5,7871.7,Platinum,Pune,Debit Card
C1684,O23083,2025-07-31,Sports,Football,5,5464,27,19943.6,Silver,Chennai,UPI
C1941,O50345,2026-05-10,Home Decor,Wall Art,2,4792,4,9200.64,Platinum,Mumbai,Net Banking
C1655,O82592,2025-09-12,Beauty,Shampoo,4,3348,19,10847.52,Platinum,Delhi,Credit Card
C1528,O25113,2025-10-26,Home Decor,Curtains,1,8493,21,6709.47,Gold,Delhi,Debit Card
C1688,O78633,2026-04-26,Home Decor,Curtains,3,19860,13,51834.6,Platinum,Chennai,UPI
C1142,O13304,2025-10-20,Sports,Yoga Mat,3,4143,25,9321.75,Gold,Chennai,UPI
C1680,O35520,2025-06-21,Beauty,Face Wash,3,1287,24,2934.36,Gold,Mumbai,Debit Card
C1653,O33446,2026-03-16,Home Decor,Carpet,3,3660,16,9223.2,Gold,Pune,Credit Card
C1497,O36163,2025-08-19,Beauty,Perfume,4,7430,9,27045.2,Platinum,Mumbai,UPI
C1816,O76390,2025-08-15,Sports,Football,5,2354,4,11299.2,Silver,Chennai,Credit Card
C1496,O95271,2025-09-11,Sports,Yoga Mat,1,2442,29,1733.82,Gold,Chennai,Wallet
C1681,O57100,2025-09-19,Beauty,Moisturizer,4,2035,3,7895.8,Gold,Pune,Wallet
C1435,O19130,2025-09-11,Sports,Football,2,503,7,935.58,Silver,Chennai,UPI
C1761,O26223,2025-06-27,Groceries,Rice,5,1956,27,7139.4,Silver,Bangalore,UPI
C1671,O56694,2026-05-26,Sports,Yoga Mat,1,1372,26,1015.28,Silver,Hyderabad,Credit Card
C1909,O78847,2026-05-31,Home Decor,Curtains,4,12948,29,36772.32,Platinum,Bangalore,Debit Card
C1420,O52979,2025-11-23,Home Decor,Carpet,2,4871,6,9157.48,Silver,Chennai,UPI
C1146,O20147,2025-08-31,Groceries,Bread,5,2446,17,10150.9,Gold,Bangalore,Debit Card
C1742,O48440,2026-05-22,Fashion,Shoes,1,1434,2,1405.32,Silver,Mumbai,Credit Card
C1935,O78366,2025-06-27,Home Decor,Lamp,3,14406,1,42785.82,Gold,Bangalore,Credit Card
C1290,O47087,2026-01-31,Electronics,Smart Watch,5,45607,17,189269.05,Gold,Mumbai,Net Banking
C1178,O23769,2025-10-28,Sports,Football,1,7305,5,6939.75,Silver,Chennai,Net Banking
C1935,O19346,2025-12-12,Beauty,Shampoo,2,2517,28,3624.48,Silver,Mumbai,UPI
C1058,O34485,2025-07-06,Fashion,Jeans,4,3459,16,11622.24,Silver,Chennai,UPI
C1104,O23902,2026-04-07,Fashion,Jeans,2,853,19,1381.86,Gold,Delhi,UPI
C1642,O71928,2026-01-02,Beauty,Shampoo,2,3379,11,6014.62,Gold,Bangalore,Wallet
C1899,O40829,2025-07-01,Groceries,Milk,3,1457,24,3321.96,Silver,Hyderabad,Credit Card
C1389,O52404,2026-04-28,Beauty,Perfume,2,4532,20,7251.2,Silver,Hyderabad,Debit Card
C1257,O72757,2025-11-04,Sports,Dumbbells,2,4195,16,7047.6,Gold,Bangalore,Credit Card
C1962,O19901,2026-05-24,Groceries,Eggs,4,1784,1,7064.64,Silver,Mumbai,Wallet
C1330,O18022,2026-03-18,Sports,Dumbbells,1,2338,14,2010.68,Platinum,Pune,Debit Card
C1711,O69126,2026-01-09,Sports,Football,1,5562,3,5395.14,Gold,Pune,Net Banking
C1436,O30662,2026-06-01,Sports,Cricket Bat,3,10192,22,23849.28,Gold,Hyderabad,UPI
C1051,O28775,2025-09-08,Sports,Yoga Mat,4,6717,12,23643.84,Silver,Pune,Credit Card
C1455,O21976,2025-12-14,Fashion,Jacket,3,8908,12,23517.12,Platinum,Delhi,Net Banking
C1785,O34367,2026-05-03,Sports,Dumbbells,3,4107,6,11581.74,Gold,Bangalore,UPI
C1033,O61423,2025-10-05,Fashion,Shoes,4,3029,24,9208.16,Silver,Bangalore,Wallet
C1298,O41650,2026-03-30,Sports,Dumbbells,2,3616,20,5785.6,Platinum,Mumbai,UPI
C1269,O91567,2025-09-23,Beauty,Moisturizer,3,3003,13,7837.83,Silver,Pune,Debit Card
C1085,O23663,2025-10-01,Electronics,Headphones,2,31394,15,53369.8,Silver,Hyderabad,Wallet
C1275,O93885,2025-07-31,Fashion,Jeans,5,2605,21,10289.75,Silver,Chennai,Credit Card
C1156,O40933,2025-10-13,Beauty,Perfume,4,4612,2,18079.04,Silver,Mumbai,Net Banking
C1768,O61248,2025-09-07,Fashion,Jeans,3,4314,26,9577.08,Gold,Chennai,Debit Card
C1817,O55774,2025-07-17,Beauty,Face Wash,1,6477,3,6282.69,Gold,Mumbai,Net Banking
C1702,O74252,2026-01-28,Home Decor,Curtains,1,11932,6,11216.08,Gold,Chennai,Debit Card
C1441,O89008,2025-08-20,Electronics,Headphones,3,53016,18,130419.36,Gold,Hyderabad,Wallet
C1998,O78885,2025-07-25,Electronics,Laptop,3,17721,28,38277.36,Gold,Chennai,Credit Card
C1529,O18992,2026-02-01,Fashion,Jeans,3,6913,11,18457.71,Gold,Chennai,Debit Card
C1579,O90881,2025-07-31,Groceries,Eggs,2,2946,26,4360.08,Platinum,Bangalore,UPI
C1972,O20060,2025-12-20,Fashion,Jacket,4,8882,24,27001.28,Platinum,Bangalore,UPI
C1062,O19474,2025-07-27,Fashion,Shoes,4,9884,25,29652.0,Platinum,Mumbai,Net Banking
C1384,O15401,2025-11-13,Home Decor,Wall Art,4,8103,29,23012.52,Gold,Delhi,Credit Card
C1700,O10196,2025-07-23,Electronics,Laptop,4,17371,2,68094.32,Gold,Bangalore,Credit Card
C1403,O98718,2026-01-11,Home Decor,Carpet,3,7938,7,22147.02,Platinum,Chennai,Credit Card
C1098,O24633,2025-08-13,Electronics,Smartphone,4,24426,19,79140.24,Silver,Mumbai,Debit Card
C1903,O94595,2026-04-03,Fashion,Jacket,1,8278,27,6042.94,Platinum,Chennai,Credit Card
C1584,O61385,2026-01-24,Groceries,Rice,2,1771,19,2869.02,Gold,Hyderabad,Credit Card
C1708,O29431,2026-05-10,Electronics,Headphones,4,24100,27,70372.0,Silver,Chennai,Credit Card
C1389,O87969,2025-10-02,Beauty,Moisturizer,4,4445,18,14579.6,Silver,Bangalore,Credit Card
C1142,O24438,2025-09-08,Fashion,Shoes,2,6064,16,10187.52,Platinum,Mumbai,Wallet
C1800,O83884,2026-04-28,Sports,Football,2,6176,6,11610.88,Silver,Mumbai,Wallet
C1178,O97641,2026-03-26,Electronics,Headphones,4,25153,2,98599.76,Gold,Delhi,Credit Card
C1909,O21889,2025-07-11,Fashion,Jacket,2,4532,12,7976.32,Platinum,Pune,Credit Card
C1144,O98415,2026-04-07,Electronics,Smart Watch,1,36464,28,26254.08,Silver,Bangalore,Debit Card
C1346,O42449,2025-06-28,Groceries,Rice,3,231,0,693.0,Gold,Delhi,UPI
C1314,O53249,2025-10-31,Sports,Yoga Mat,3,5646,22,13211.64,Gold,Pune,UPI
C1671,O72315,2025-11-21,Sports,Cricket Bat,1,9204,19,7455.24,Platinum,Delhi,Debit Card
C1523,O34700,2025-08-28,Home Decor,Carpet,1,7799,13,6785.13,Silver,Pune,Net Banking
C1722,O50929,2025-06-21,Beauty,Moisturizer,2,4128,2,8090.88,Gold,Hyderabad,Net Banking
C1133,O40852,2025-09-06,Groceries,Bread,4,1238,23,3813.04,Platinum,Mumbai,Wallet
C1957,O46157,2026-04-19,Groceries,Eggs,2,1575,7,2929.5,Silver,Pune,UPI
C1585,O59730,2025-07-15,Fashion,Jacket,4,3578,21,11306.48,Platinum,Pune,Credit Card
C1981,O75330,2025-06-10,Groceries,Rice,4,3438,6,12926.88,Platinum,Mumbai,Credit Card
C1774,O26422,2026-01-09,Beauty,Perfume,1,786,10,707.4,Platinum,Mumbai,Wallet
C1356,O23424,2026-03-23,Groceries,Bread,3,915,30,1921.5,Gold,Pune,Wallet
C1311,O70900,2026-02-13,Sports,Yoga Mat,4,4177,14,14368.88,Silver,Hyderabad,Credit Card
C1035,O37495,2025-09-10,Sports,Yoga Mat,3,1038,8,2864.88,Silver,Mumbai,Net Banking
C1362,O63951,2025-09-30,Groceries,Milk,1,1374,18,1126.68,Gold,Delhi,Wallet
C1542,O88117,2025-06-24,Groceries,Bread,5,595,29,2112.25,Silver,Pune,Debit Card
C1355,O98306,2026-06-04,Beauty,Shampoo,1,3190,6,2998.6,Platinum,Pune,Wallet
C1354,O20183,2025-10-11,Electronics,Headphones,4,59907,15,203683.8,Gold,Chennai,Net Banking
C1014,O67071,2025-07-12,Home Decor,Curtains,5,4102,14,17638.6,Platinum,Delhi,Debit Card
C1924,O61926,2025-08-18,Home Decor,Carpet,1,6663,24,5063.88,Silver,Mumbai,Wallet
C1403,O71447,2025-10-09,Beauty,Moisturizer,5,1266,3,6140.1,Silver,Mumbai,Wallet
C1272,O64643,2025-12-16,Home Decor,Carpet,2,9460,18,15514.4,Silver,Hyderabad,Wallet
C1091,O56272,2025-10-18,Beauty,Face Wash,5,2902,14,12478.6,Silver,Hyderabad,UPI
C1862,O43424,2025-10-25,Electronics,Laptop,4,36324,10,130766.4,Platinum,Mumbai,Credit Card
C1250,O23083,2026-02-05,Fashion,Jeans,3,2166,27,4743.54,Silver,Mumbai,Debit Card
C1406,O53509,2026-05-16,Fashion,Jacket,5,5258,1,26027.1,Platinum,Pune,Net Banking
C1100,O20232,2026-03-24,Electronics,Headphones,2,60751,15,103276.7,Gold,Chennai,Credit Card
C1305,O70456,2025-10-30,Electronics,Smartphone,2,38511,15,65468.7,Gold,Hyderabad,Net Banking
C1650,O93019,2026-05-26,Electronics,Smartphone,3,23593,25,53084.25,Silver,Pune,UPI
C1053,O29388,2025-12-07,Beauty,Shampoo,1,3083,17,2558.89,Silver,Bangalore,Wallet
C1549,O37369,2025-09-01,Groceries,Eggs,3,1473,9,4021.29,Silver,Chennai,Net Banking
C1813,O59390,2026-03-25,Beauty,Perfume,2,4033,15,6856.1,Silver,Delhi,UPI
C1904,O15301,2025-08-01,Sports,Yoga Mat,5,5958,16,25023.6,Platinum,Pune,Credit Card
C1103,O33462,2026-03-19,Home Decor,Carpet,4,8280,0,33120.0,Platinum,Hyderabad,Credit Card
C1396,O74731,2026-03-29,Fashion,Jacket,1,970,23,746.9,Silver,Bangalore,Wallet
C1278,O60089,2025-07-25,Fashion,T-Shirt,1,1067,2,1045.66,Silver,Pune,UPI
C1751,O19817,2025-10-30,Sports,Football,1,3134,23,2413.18,Silver,Delhi,Debit Card
C1772,O18579,2025-08-31,Fashion,Jacket,4,1952,29,5543.68,Platinum,Pune,Net Banking
C1249,O76957,2026-04-29,Beauty,Moisturizer,2,3890,12,6846.4,Silver,Bangalore,UPI
C1434,O45900,2025-12-24,Electronics,Smartphone,3,63373,1,188217.81,Gold,Delhi,Credit Card
C1580,O10591,2025-08-19,Beauty,Shampoo,3,9872,9,26950.56,Platinum,Bangalore,Net Banking
C1989,O72800,2026-04-07,Groceries,Rice,1,220,22,171.6,Platinum,Mumbai,Net Banking
C1203,O60680,2026-06-04,Groceries,Bread,4,2566,5,9750.8,Gold,Pune,Credit Card
C1222,O32373,2025-10-07,Sports,Yoga Mat,2,5620,13,9778.8,Platinum,Delhi,UPI
C1125,O82994,2025-12-24,Sports,Cricket Bat,2,2520,17,4183.2,Silver,Hyderabad,Net Banking
C1389,O46076,2025-09-24,Sports,Yoga Mat,1,2346,25,1759.5,Platinum,Delhi,Wallet
C1434,O73380,2025-09-09,Beauty,Moisturizer,4,4543,28,13083.84,Silver,Bangalore,Wallet
C1892,O96354,2025-07-14,Home Decor,Carpet,2,7675,29,10898.5,Silver,Pune,Debit Card
C1374,O30158,2026-02-02,Groceries,Milk,3,1823,26,4047.06,Silver,Chennai,Wallet
C1467,O63623,2026-04-05,Home Decor,Curtains,2,6142,24,9335.84,Platinum,Mumbai,Debit Card
C1890,O26343,2025-11-21,Sports,Football,2,1273,10,2291.4,Silver,Chennai,Net Banking
C1667,O46644,2025-10-05,Electronics,Headphones,2,24066,29,34173.72,Platinum,Mumbai,Net Banking
C1004,O37394,2026-06-03,Fashion,T-Shirt,3,8556,24,19507.68,Platinum,Hyderabad,Credit Card
C1603,O83193,2025-07-10,Fashion,Jacket,2,3111,9,5662.02,Silver,Pune,Debit Card
C1307,O51296,2025-10-05,Fashion,Jacket,2,3931,16,6604.08,Silver,Chennai,Credit Card
C1676,O99506,2025-11-20,Groceries,Rice,2,720,4,1382.4,Silver,Bangalore,Wallet
C1368,O26264,2026-03-10,Beauty,Face Wash,2,7416,17,12310.56,Gold,Pune,Net Banking
C1117,O18949,2025-07-12,Beauty,Perfume,3,966,29,2057.58,Silver,Pune,Net Banking
C1708,O86668,2025-06-10,Sports,Cricket Bat,5,9189,2,45026.1,Gold,Bangalore,Debit Card
C1716,O85383,2025-10-25,Home Decor,Wall Art,5,11751,6,55229.7,Gold,Bangalore,UPI
C1886,O26851,2025-06-20,Beauty,Shampoo,5,1732,15,7361.0,Gold,Mumbai,UPI
C1598,O82420,2026-03-24,Home Decor,Curtains,2,12844,30,17981.6,Gold,Mumbai,Wallet
C1692,O41344,2025-06-17,Electronics,Headphones,3,44486,2,130788.84,Silver,Chennai,Net Banking
C1525,O53890,2025-09-02,Sports,Yoga Mat,3,15644,18,38484.24,Platinum,Pune,Wallet
C1381,O12219,2025-08-10,Fashion,Jeans,3,4226,5,12044.1,Silver,Mumbai,UPI
C1438,O77995,2025-11-15,Groceries,Rice,5,1342,17,5569.3,Silver,Delhi,Wallet
C1095,O44711,2025-08-25,Groceries,Bread,5,1701,20,6804.0,Gold,Bangalore,Credit Card
C1388,O51105,2026-05-29,Fashion,T-Shirt,3,6998,26,15535.56,Platinum,Pune,Wallet
C1783,O24909,2025-09-12,Sports,Cricket Bat,2,4506,18,7389.84,Platinum,Pune,Wallet
C1647,O22171,2026-03-07,Electronics,Headphones,4,9477,5,36012.6,Silver,Chennai,Credit Card
C1213,O73392,2025-12-25,Groceries,Bread,2,3106,29,4410.52,Platinum,Bangalore,Net Banking
C1189,O16803,2025-06-21,Fashion,Jacket,5,3176,3,15403.6,Silver,Pune,Credit Card
C1358,O76142,2025-07-09,Beauty,Shampoo,4,9086,29,25804.24,Platinum,Pune,Net Banking
C1262,O56975,2026-03-30,Sports,Yoga Mat,4,2086,11,7426.16,Silver,Delhi,Credit Card
C1845,O66539,2025-10-08,Home Decor,Lamp,4,5355,8,19706.4,Silver,Delhi,Credit Card
C1077,O87727,2025-10-29,Beauty,Perfume,5,1556,27,5679.4,Platinum,Chennai,Debit Card
C1840,O97587,2025-12-26,Sports,Football,3,2695,18,6629.7,Gold,Pune,UPI
C1074,O41997,2026-01-31,Fashion,Jacket,4,3274,6,12310.24,Gold,Chennai,UPI
C1205,O14773,2025-10-30,Fashion,Shoes,1,1209,4,1160.64,Silver,Pune,Debit Card
C1477,O39886,2026-02-05,Beauty,Face Wash,2,4815,3,9341.1,Gold,Mumbai,Debit Card
C1370,O91546,2026-04-27,Home Decor,Wall Art,2,9741,0,19482.0,Gold,Bangalore,Wallet
C1679,O71045,2025-11-24,Sports,Football,4,7689,0,30756.0,Gold,Bangalore,Debit Card
C1679,O72085,2025-07-29,Fashion,Jeans,4,7194,29,20430.96,Platinum,Hyderabad,Debit Card
C1195,O66719,2026-06-03,Fashion,Jeans,3,1119,17,2786.31,Silver,Mumbai,UPI
C1674,O81041,2026-02-09,Fashion,Shoes,4,4837,10,17413.2,Silver,Chennai,Credit Card
C1630,O68101,2025-11-23,Electronics,Laptop,4,54016,10,194457.6,Platinum,Chennai,UPI
C1610,O37975,2026-03-02,Sports,Yoga Mat,5,5613,24,21329.4,Gold,Delhi,Wallet
C1388,O33358,2025-11-16,Electronics,Laptop,3,25821,2,75913.74,Gold,Bangalore,Net Banking
C1877,O45597,2025-11-07,Sports,Cricket Bat,5,3343,14,14374.9,Silver,Pune,Net Banking
C1416,O31589,2026-05-03,Beauty,Perfume,4,2187,11,7785.72,Silver,Bangalore,UPI
C1431,O95021,2025-07-08,Fashion,Shoes,1,5449,9,4958.59,Gold,Chennai,Debit Card
C1673,O48301,2025-12-24,Home Decor,Carpet,3,13485,12,35600.4,Gold,Pune,UPI
C1111,O74588,2026-02-15,Sports,Dumbbells,3,10933,21,25911.21,Gold,Pune,UPI
C1377,O15204,2025-10-20,Sports,Cricket Bat,3,15354,27,33625.26,Platinum,Chennai,Credit Card
C1220,O44294,2025-07-12,Electronics,Headphones,3,47986,17,119485.14,Platinum,Mumbai,Wallet
C1107,O33511,2025-06-15,Electronics,Headphones,5,6890,16,28938.0,Silver,Mumbai,Credit Card
C1799,O45037,2026-03-11,Groceries,Eggs,2,2745,6,5160.6,Gold,Mumbai,Wallet
C1785,O86533,2025-11-10,Home Decor,Lamp,2,8741,11,15558.98,Silver,Chennai,Wallet
C1981,O62945,2025-06-09,Beauty,Shampoo,3,689,25,1550.25,Silver,Bangalore,Debit Card
C1326,O85195,2026-01-14,Groceries,Eggs,2,2373,25,3559.5,Gold,Pune,Debit Card
C1028,O48799,2025-11-25,Fashion,Jeans,3,1276,0,3828.0,Platinum,Mumbai,Debit Card
C1948,O85734,2026-04-28,Beauty,Perfume,5,3883,26,14367.1,Silver,Bangalore,UPI
C1108,O60869,2025-06-16,Groceries,Eggs,3,2684,27,5877.96,Platinum,Bangalore,Credit Card
C1045,O59769,2026-04-14,Fashion,T-Shirt,4,1812,0,7248.0,Gold,Mumbai,UPI
C1811,O77096,2025-09-14,Fashion,Jacket,4,3518,6,13227.68,Platinum,Delhi,Net Banking
C1501,O65436,2026-01-27,Groceries,Milk,3,528,22,1235.52,Silver,Mumbai,Wallet
C1729,O46772,2025-07-26,Sports,Cricket Bat,5,8698,7,40445.7,Platinum,Bangalore,Wallet
C1081,O80279,2026-04-01,Sports,Yoga Mat,4,6116,10,22017.6,Platinum,Bangalore,UPI
C1375,O83820,2025-11-30,Groceries,Bread,1,1788,7,1662.84,Platinum,Hyderabad,Net Banking
C1345,O45116,2025-07-15,Beauty,Perfume,3,2844,15,7252.2,Silver,Delhi,Debit Card
C1449,O91542,2026-01-07,Beauty,Shampoo,1,3243,0,3243.0,Silver,Hyderabad,Wallet
C1066,O33164,2025-11-27,Electronics,Laptop,2,48752,13,84828.48,Platinum,Hyderabad,Net Banking
C1536,O85868,2026-05-04,Fashion,Shoes,3,7372,29,15702.36,Platinum,Chennai,Wallet
C1030,O95756,2026-03-18,Fashion,Shoes,5,4648,19,18824.4,Silver,Bangalore,UPI
C1170,O59061,2025-07-25,Groceries,Milk,3,1643,29,3499.59,Silver,Pune,Credit Card
C1013,O22856,2026-01-18,Sports,Dumbbells,2,11731,26,17361.88,Gold,Hyderabad,Credit Card
C1833,O79480,2026-02-07,Fashion,T-Shirt,3,942,4,2712.96,Gold,Bangalore,Credit Card
C1401,O67921,2025-08-22,Sports,Football,4,6920,3,26849.6,Silver,Hyderabad,Debit Card
C1989,O41510,2025-09-12,Groceries,Eggs,1,278,9,252.98,Silver,Chennai,Debit Card
C1935,O10419,2025-06-24,Beauty,Shampoo,1,3096,2,3034.08,Gold,Delhi,Credit Card
C1252,O27996,2026-05-28,Sports,Yoga Mat,3,2939,6,8287.98,Silver,Chennai,Net Banking
C1625,O80463,2025-09-01,Electronics,Headphones,5,35338,18,144885.8,Silver,Hyderabad,Debit Card
C1338,O10329,2025-11-24,Electronics,Smart Watch,5,65742,21,259680.9,Gold,Delhi,Wallet
C1510,O74901,2025-06-11,Sports,Cricket Bat,3,2854,23,6592.74,Silver,Delhi,Debit Card
C1230,O35819,2025-08-08,Fashion,Jacket,2,3284,7,6108.24,Platinum,Chennai,Net Banking
C1144,O69004,2025-11-02,Beauty,Shampoo,2,1318,17,2187.88,Gold,Hyderabad,Net Banking
C1297,O21016,2025-11-23,Groceries,Bread,1,418,29,296.78,Platinum,Pune,Credit Card
C1738,O26400,2026-03-30,Home Decor,Wall Art,5,3226,12,14194.4,Gold,Delhi,UPI
C1589,O65615,2025-11-17,Beauty,Perfume,2,4266,3,8276.04,Platinum,Delhi,Net Banking
C1112,O13846,2026-02-22,Beauty,Moisturizer,4,7746,10,27885.6,Platinum,Mumbai,Debit Card
C1762,O19091,2025-06-11,Home Decor,Wall Art,5,12750,26,47175.0,Gold,Hyderabad,Wallet
C1233,O67216,2025-10-25,Beauty,Moisturizer,3,5754,10,15535.8,Platinum,Bangalore,Debit Card
C1448,O12826,2025-08-05,Home Decor,Lamp,4,13982,11,49775.92,Platinum,Bangalore,Net Banking
C1841,O62133,2025-09-04,Beauty,Perfume,2,1214,9,2209.48,Silver,Chennai,Net Banking
C1279,O81367,2025-11-29,Home Decor,Curtains,2,14973,22,23357.88,Gold,Chennai,Debit Card
C1917,O94204,2025-10-11,Electronics,Smartphone,1,24470,15,20799.5,Silver,Bangalore,Wallet
C1616,O62994,2025-12-03,Electronics,Headphones,5,27129,7,126149.85,Gold,Delhi,Credit Card
C1377,O31882,2026-04-25,Electronics,Laptop,4,16116,14,55439.04,Silver,Mumbai,Net Banking
C1074,O69381,2025-06-13,Fashion,Shoes,2,4606,15,7830.2,Platinum,Chennai,Credit Card
C1549,O78149,2025-10-11,Electronics,Smart Watch,5,47579,17,197452.85,Silver,Bangalore,Debit Card
C1665,O59696,2026-05-16,Beauty,Moisturizer,3,1209,12,3191.76,Silver,Delhi,Net Banking
C1469,O16891,2026-01-15,Fashion,Shoes,5,3859,29,13699.45,Silver,Bangalore,Debit Card
C1969,O59988,2025-09-08,Sports,Football,4,12612,12,44394.24,Platinum,Mumbai,UPI
C1938,O70412,2025-08-21,Groceries,Milk,3,2964,4,8536.32,Platinum,Chennai,Wallet
C1155,O88638,2026-01-08,Beauty,Moisturizer,3,5865,28,12668.4,Gold,Chennai,Net Banking
C1578,O37627,2025-11-03,Home Decor,Lamp,4,4408,8,16221.44,Silver,Chennai,Wallet
C1388,O73014,2025-08-06,Electronics,Laptop,4,31620,14,108772.8,Gold,Pune,Debit Card
C1498,O88367,2026-04-24,Groceries,Bread,3,674,4,1941.12,Platinum,Bangalore,Credit Card
C1232,O79612,2026-02-14,Fashion,Jacket,4,1731,17,5746.92,Gold,Pune,Net Banking
C1856,O54695,2025-08-19,Fashion,Jacket,4,4316,15,14674.4,Silver,Delhi,Debit Card
C1629,O32219,2025-06-23,Electronics,Smart Watch,1,13987,30,9790.9,Silver,Chennai,UPI
C1958,O31417,2026-01-21,Sports,Dumbbells,5,2978,19,12060.9,Silver,Pune,Credit Card
C1763,O69377,2025-09-09,Fashion,Jeans,4,6426,26,19020.96,Gold,Chennai,UPI
C1158,O94469,2025-07-24,Beauty,Perfume,2,859,7,1597.74,Silver,Pune,Debit Card
C1768,O16672,2026-06-04,Beauty,Face Wash,5,3952,29,14029.6,Platinum,Mumbai,Wallet
C1383,O38993,2025-07-18,Electronics,Smart Watch,1,22884,16,19222.56,Platinum,Mumbai,Credit Card
C1033,O75864,2026-05-16,Groceries,Milk,4,778,13,2707.44,Silver,Pune,UPI
C1663,O61675,2026-01-27,Fashion,T-Shirt,2,937,23,1442.98,Silver,Hyderabad,Wallet
C1850,O86096,2026-05-14,Sports,Cricket Bat,4,11538,1,45690.48,Platinum,Chennai,Net Banking
C1432,O85314,2025-10-01,Fashion,T-Shirt,2,1500,8,2760.0,Silver,Bangalore,Wallet
C1311,O28042,2025-10-04,Sports,Dumbbells,4,4416,6,16604.16,Platinum,Hyderabad,Wallet
C1338,O38951,2025-10-22,Beauty,Perfume,4,580,15,1972.0,Platinum,Bangalore,Wallet
C1425,O29163,2026-03-14,Groceries,Rice,3,1617,28,3492.72,Gold,Mumbai,Wallet
C1838,O86839,2026-05-08,Fashion,Jeans,1,7332,2,7185.36,Platinum,Pune,Net Banking
C1943,O86072,2025-06-29,Groceries,Eggs,3,1492,6,4207.44,Silver,Mumbai,Debit Card
C1359,O78577,2026-05-25,Home Decor,Curtains,2,3792,3,7356.48,Silver,Delhi,UPI
C1372,O83313,2025-07-06,Fashion,Shoes,2,9880,19,16005.6,Platinum,Hyderabad,Debit Card
C1222,O46636,2026-06-01,Electronics,Laptop,5,30006,10,135027.0,Silver,Chennai,Debit Card
C1362,O36486,2025-07-23,Fashion,Jeans,4,855,14,2941.2,Gold,Delhi,Wallet
C1815,O59042,2026-03-03,Home Decor,Wall Art,3,13248,2,38949.12,Gold,Pune,Wallet
C1282,O62581,2026-01-13,Sports,Yoga Mat,1,598,5,568.1,Silver,Delhi,Debit Card
C1113,O99980,2026-04-14,Fashion,T-Shirt,1,5899,11,5250.11,Gold,Chennai,Debit Card
C1943,O83043,2025-08-08,Electronics,Laptop,1,42646,23,32837.42,Silver,Bangalore,Net Banking
C1036,O74407,2025-12-31,Fashion,T-Shirt,5,2644,27,9650.6,Gold,Bangalore,UPI
C1698,O18334,2026-05-27,Sports,Football,1,6300,27,4599.0,Gold,Delhi,Net Banking
C1766,O62297,2026-02-24,Sports,Dumbbells,2,5087,8,9360.08,Silver,Bangalore,Net Banking
C1848,O95132,2026-04-23,Electronics,Laptop,1,75412,11,67116.68,Platinum,Bangalore,Debit Card
C1965,O89305,2026-02-25,Sports,Dumbbells,4,3186,5,12106.8,Silver,Chennai,Debit Card
C1256,O50412,2025-11-01,Electronics,Headphones,3,18538,29,39485.94,Silver,Mumbai,Credit Card
C1364,O87537,2025-08-30,Fashion,Shoes,4,4801,0,19204.0,Silver,Bangalore,Net Banking
C1047,O71800,2026-01-27,Fashion,Shoes,5,9770,24,37126.0,Platinum,Delhi,UPI
C1144,O46565,2025-09-09,Sports,Yoga Mat,1,14416,30,10091.2,Platinum,Delhi,Debit Card
C1950,O19019,2025-07-04,Fashion,Jacket,3,1267,12,3344.88,Silver,Pune,Wallet
C1034,O51855,2025-09-21,Electronics,Headphones,3,28129,23,64977.99,Silver,Delhi,UPI
C1262,O75875,2026-05-09,Electronics,Smart Watch,2,17670,15,30039.0,Gold,Bangalore,Debit Card
C1130,O94513,2025-07-01,Groceries,Milk,5,3192,24,12129.6,Platinum,Delhi,UPI
C1920,O37469,2025-06-23,Electronics,Smartphone,2,21609,19,35006.58,Silver,Bangalore,Debit Card
C1506,O37365,2026-02-15,Sports,Cricket Bat,4,7290,19,23619.6,Gold,Pune,UPI
C1284,O27149,2026-01-13,Home Decor,Curtains,5,9337,8,42950.2,Silver,Chennai,Wallet
C1836,O57215,2025-08-29,Sports,Yoga Mat,1,737,13,641.19,Silver,Chennai,Wallet
C1936,O42911,2026-04-25,Electronics,Headphones,2,8607,9,15664.74,Gold,Bangalore,Credit Card
C1936,O93352,2025-06-14,Sports,Football,1,5956,17,4943.48,Silver,Bangalore,UPI
C1047,O71127,2025-11-03,Fashion,Jeans,4,7834,13,27262.32,Platinum,Hyderabad,Credit Card
C1369,O95438,2026-05-02,Sports,Yoga Mat,5,14214,10,63963.0,Platinum,Mumbai,UPI
C1255,O13784,2026-01-28,Groceries,Bread,3,1209,4,3481.92,Silver,Hyderabad,Debit Card
C1336,O34203,2025-07-14,Beauty,Moisturizer,5,1660,25,6225.0,Gold,Pune,Wallet
C1784,O84678,2026-02-15,Beauty,Face Wash,2,4740,7,8816.4,Platinum,Mumbai,Wallet
C1291,O55059,2026-03-19,Fashion,Jeans,5,6894,11,30678.3,Platinum,Pune,UPI
C1233,O57358,2026-01-13,Sports,Dumbbells,4,3561,10,12819.6,Silver,Hyderabad,Credit Card
C1462,O24218,2026-01-05,Fashion,Jeans,2,2772,5,5266.8,Gold,Delhi,Debit Card
C1205,O91128,2025-08-29,Electronics,Smartphone,5,64750,26,239575.0,Platinum,Mumbai,Credit Card
C1030,O52042,2025-09-10,Groceries,Milk,3,1808,7,5044.32,Silver,Hyderabad,UPI
C1819,O56255,2025-07-06,Beauty,Perfume,4,1859,8,6841.12,Silver,Bangalore,Debit Card
C1890,O59113,2025-09-04,Sports,Dumbbells,3,4413,18,10855.98,Silver,Hyderabad,Debit Card
C1922,O19779,2026-01-13,Groceries,Milk,3,608,25,1368.0,Platinum,Bangalore,Credit Card
C1943,O20507,2026-05-21,Electronics,Smart Watch,4,29015,8,106775.2,Silver,Mumbai,Credit Card
C1994,O27935,2025-12-02,Home Decor,Curtains,2,13110,0,26220.0,Gold,Chennai,UPI
C1519,O84090,2026-01-25,Sports,Cricket Bat,3,1104,24,2517.12,Gold,Mumbai,Debit Card
C1312,O71629,2026-03-10,Fashion,Jeans,2,4120,6,7745.6,Silver,Pune,UPI
C1087,O27191,2025-09-28,Electronics,Headphones,3,68547,3,199471.77,Gold,Mumbai,Net Banking
C1904,O46761,2026-02-26,Fashion,T-Shirt,1,3132,11,2787.48,Platinum,Pune,Net Banking
C1851,O85163,2025-07-17,Electronics,Headphones,3,64299,21,152388.63,Gold,Delhi,Wallet
C1385,O86888,2026-01-24,Electronics,Headphones,3,24102,23,55675.62,Gold,Delhi,Debit Card
C1521,O45909,2025-10-08,Electronics,Smartphone,5,22518,3,109212.3,Platinum,Chennai,Net Banking
C1121,O85394,2026-04-06,Home Decor,Lamp,4,10502,26,31085.92,Platinum,Mumbai,UPI
C1174,O20565,2025-07-10,Groceries,Rice,5,1934,5,9186.5,Platinum,Pune,Net Banking
C1668,O41737,2026-01-24,Home Decor,Lamp,2,3044,27,4444.24,Silver,Hyderabad,Credit Card
C1651,O71115,2026-05-25,Groceries,Bread,3,1792,0,5376.0,Platinum,Mumbai,Wallet
C1497,O83110,2026-03-24,Groceries,Rice,2,1072,15,1822.4,Platinum,Bangalore,Credit Card
C1840,O45384,2026-05-09,Groceries,Bread,3,1993,29,4245.09,Silver,Delhi,Debit Card
C1324,O49417,2026-01-01,Sports,Yoga Mat,3,1540,28,3326.4,Silver,Delhi,Credit Card
C1665,O81495,2025-07-19,Electronics,Headphones,5,31312,10,140904.0,Silver,Hyderabad,UPI
C1141,O52909,2026-02-10,Home Decor,Lamp,3,6991,14,18036.78,Gold,Delhi,Debit Card
C1966,O30581,2025-09-25,Home Decor,Lamp,4,7671,2,30070.32,Silver,Delhi,Credit Card
C1285,O75298,2025-06-28,Groceries,Eggs,5,1956,3,9486.6,Silver,Chennai,UPI
C1455,O51386,2025-08-11,Sports,Yoga Mat,3,1200,28,2592.0,Gold,Chennai,Net Banking
C1275,O44987,2026-01-27,Fashion,T-Shirt,2,6343,30,8880.2,Gold,Bangalore,Credit Card
C1839,O78667,2026-05-20,Beauty,Perfume,1,4706,28,3388.32,Silver,Bangalore,Credit Card
C1733,O75047,2026-01-05,Fashion,Shoes,5,4543,1,22487.85,Silver,Chennai,Debit Card
C1339,O59779,2026-05-04,Electronics,Headphones,1,72912,12,64162.56,Platinum,Mumbai,Wallet
C1207,O30897,2025-07-28,Electronics,Laptop,4,50422,28,145215.36,Gold,Delhi,Debit Card
C1598,O23056,2025-06-09,Home Decor,Curtains,3,3965,4,11419.2,Silver,Hyderabad,Wallet
C1179,O24226,2025-06-29,Electronics,Headphones,3,39892,2,117282.48,Gold,Pune,Debit Card
C1404,O55342,2025-10-24,Electronics,Headphones,5,36942,29,131144.1,Platinum,Chennai,UPI
C1443,O87249,2025-10-02,Electronics,Laptop,2,60693,17,100750.38,Gold,Bangalore,Credit Card
C1393,O30307,2026-02-04,Fashion,Jacket,3,4090,2,12024.6,Platinum,Delhi,UPI
C1908,O37202,2025-12-10,Sports,Cricket Bat,3,5450,3,15859.5,Platinum,Delhi,UPI
C1485,O18257,2026-02-19,Sports,Yoga Mat,4,6289,28,18112.32,Silver,Hyderabad,UPI
C1852,O77718,2025-06-25,Beauty,Perfume,3,2960,28,6393.6,Platinum,Chennai,Wallet
C1822,O84025,2026-05-09,Groceries,Milk,3,596,3,1734.36,Platinum,Hyderabad,UPI
C1283,O12412,2025-12-19,Groceries,Milk,1,987,5,937.65,Gold,Chennai,Wallet
C1578,O17919,2026-05-20,Electronics,Smart Watch,3,35357,14,91221.06,Silver,Bangalore,UPI
C1203,O73819,2025-07-27,Home Decor,Carpet,4,6786,6,25515.36,Silver,Mumbai,UPI
C1898,O66896,2026-05-23,Electronics,Smartphone,1,49500,22,38610.0,Gold,Delhi,Credit Card
C1994,O69903,2026-05-27,Electronics,Smartphone,2,35316,3,68513.04,Platinum,Chennai,UPI
C1533,O40145,2026-01-25,Beauty,Perfume,3,2415,4,6955.2,Gold,Mumbai,Credit Card
C1057,O23856,2025-11-14,Groceries,Eggs,5,210,4,1008.0,Silver,Pune,UPI
C1391,O66607,2026-05-29,Groceries,Rice,4,1761,10,6339.6,Gold,Pune,Wallet
C1239,O91791,2025-11-27,Beauty,Perfume,2,3543,11,6306.54,Gold,Mumbai,Wallet
C1895,O56938,2025-10-24,Home Decor,Curtains,1,2235,2,2190.3,Gold,Mumbai,Net Banking
C1845,O63439,2025-06-29,Fashion,Jacket,3,2316,27,5072.04,Gold,Pune,Net Banking
C1903,O88673,2025-08-26,Sports,Cricket Bat,3,8536,14,22022.88,Gold,Bangalore,Credit Card
C1070,O77277,2026-03-31,Fashion,Jeans,1,969,19,784.89,Silver,Bangalore,Wallet
C1349,O62455,2026-04-16,Beauty,Moisturizer,5,2527,7,11750.55,Gold,Mumbai,UPI
C1918,O39493,2025-08-31,Home Decor,Lamp,5,1382,20,5528.0,Silver,Pune,Credit Card
C1782,O95904,2026-05-19,Electronics,Smart Watch,5,34089,1,168740.55,Gold,Mumbai,Debit Card
C1979,O82758,2026-02-01,Groceries,Milk,5,829,23,3191.65,Silver,Delhi,UPI
C1156,O64030,2026-04-23,Groceries,Bread,3,196,22,458.64,Gold,Delhi,Net Banking
C1571,O54316,2025-09-10,Fashion,T-Shirt,4,6418,26,18997.28,Gold,Hyderabad,Credit Card
C1780,O89693,2025-11-18,Home Decor,Lamp,1,7136,11,6351.04,Platinum,Delhi,Net Banking
C1078,O11122,2026-05-14,Sports,Dumbbells,4,9795,19,31735.8,Gold,Chennai,Debit Card
C1178,O20964,2026-02-03,Beauty,Moisturizer,2,804,28,1157.76,Silver,Pune,UPI
C1510,O83028,2026-01-10,Groceries,Bread,2,1704,13,2964.96,Gold,Delhi,Net Banking
C1976,O26124,2025-09-21,Fashion,Jeans,5,1473,2,7217.7,Silver,Bangalore,Wallet
C1116,O85236,2025-06-27,Sports,Football,5,8811,28,31719.6,Gold,Chennai,Wallet
C1413,O26100,2025-07-16,Sports,Dumbbells,3,1144,21,2711.28,Gold,Chennai,Net Banking
C1103,O10561,2026-05-07,Beauty,Shampoo,4,2713,8,9983.84,Silver,Chennai,Credit Card
C1957,O34605,2025-06-05,Electronics,Laptop,2,12705,11,22614.9,Silver,Delhi,Credit Card
C1988,O58118,2026-03-17,Electronics,Laptop,3,35808,3,104201.28,Gold,Pune,Credit Card
C1033,O77585,2025-11-13,Sports,Football,3,4888,19,11877.84,Gold,Bangalore,Debit Card
C1273,O80777,2026-03-30,Home Decor,Lamp,4,15996,0,63984.0,Platinum,Hyderabad,Debit Card
C1023,O31989,2025-11-16,Groceries,Rice,3,176,2,517.44,Silver,Pune,Wallet
C1982,O11514,2026-02-10,Home Decor,Curtains,2,3174,20,5078.4,Gold,Delhi,Net Banking
C1580,O22140,2025-10-10,Electronics,Smartphone,5,45164,18,185172.4,Platinum,Bangalore,Credit Card
C1060,O62045,2026-05-19,Beauty,Face Wash,4,4080,12,14361.6,Platinum,Delhi,Credit Card
C1600,O75869,2025-10-31,Electronics,Headphones,3,94182,12,248640.48,Platinum,Pune,UPI
C1387,O32472,2025-07-28,Fashion,Jacket,3,975,9,2661.75,Gold,Mumbai,Debit Card
C1362,O13835,2026-04-23,Sports,Football,4,9864,6,37088.64,Platinum,Mumbai,Credit Card
C1299,O25786,2026-02-04,Sports,Cricket Bat,4,12436,29,35318.24,Platinum,Mumbai,UPI
C1339,O29441,2025-12-31,Sports,Football,5,2422,14,10414.6,Silver,Hyderabad,Credit Card
C1280,O33000,2026-05-08,Sports,Football,3,8239,28,17796.24,Gold,Delhi,UPI
C1814,O86905,2026-02-04,Sports,Dumbbells,4,11667,27,34067.64,Gold,Pune,Credit Card
C1727,O74476,2025-12-19,Beauty,Perfume,5,4648,22,18127.2,Gold,Delhi,Net Banking
C1824,O73130,2026-03-19,Home Decor,Curtains,1,8820,20,7056.0,Platinum,Chennai,Wallet
C1753,O70585,2026-02-12,Home Decor,Curtains,2,14218,30,19905.2,Gold,Bangalore,Wallet
C1794,O26050,2026-05-15,Groceries,Milk,2,977,25,1465.5,Silver,Pune,Wallet
C1865,O78526,2026-04-18,Sports,Dumbbells,4,2209,24,6715.36,Silver,Bangalore,Debit Card
C1775,O62542,2026-01-06,Home Decor,Curtains,5,9582,17,39765.3,Platinum,Mumbai,Debit Card
C1632,O58761,2026-04-02,Home Decor,Curtains,2,2090,3,4054.6,Platinum,Bangalore,Net Banking
C1091,O72541,2025-12-03,Fashion,T-Shirt,5,6554,1,32442.3,Platinum,Pune,Wallet
C1590,O60792,2026-02-28,Home Decor,Curtains,3,4358,12,11505.12,Silver,Bangalore,Net Banking
C1125,O23813,2025-06-11,Home Decor,Carpet,3,4038,3,11750.58,Silver,Hyderabad,Credit Card
C1416,O69530,2026-04-12,Sports,Yoga Mat,3,4443,25,9996.75,Gold,Delhi,Wallet
C1540,O29218,2026-01-05,Fashion,Shoes,5,8158,17,33855.7,Platinum,Delhi,Net Banking
C1406,O84740,2026-04-01,Beauty,Shampoo,2,592,5,1124.8,Silver,Hyderabad,Debit Card
C1553,O93164,2026-01-15,Beauty,Perfume,1,6458,30,4520.6,Platinum,Mumbai,UPI
C1935,O57761,2025-11-08,Home Decor,Lamp,1,14100,28,10152.0,Platinum,Pune,Net Banking
C1336,O81530,2026-03-30,Electronics,Smart Watch,5,38505,28,138618.0,Silver,Chennai,UPI
C1083,O57371,2025-12-19,Electronics,Headphones,5,76274,8,350860.4,Platinum,Hyderabad,Wallet
C1129,O88864,2025-07-25,Beauty,Face Wash,3,5536,23,12788.16,Platinum,Chennai,Debit Card
C1913,O76456,2026-04-28,Beauty,Perfume,5,4520,9,20566.0,Silver,Mumbai,Credit Card
C1521,O43359,2025-07-02,Electronics,Headphones,3,11778,15,30033.9,Gold,Delhi,UPI
C1569,O51429,2025-12-16,Electronics,Laptop,1,28397,6,26693.18,Silver,Chennai,Credit Card
C1909,O80349,2026-04-28,Fashion,Shoes,4,925,10,3330.0,Gold,Hyderabad,Wallet
C1016,O11264,2025-07-14,Fashion,Jacket,3,2380,22,5569.2,Gold,Pune,Debit Card
C1124,O70984,2025-09-15,Home Decor,Lamp,2,14310,11,25471.8,Platinum,Bangalore,Wallet
C1451,O12152,2025-10-11,Beauty,Perfume,1,3897,20,3117.6,Silver,Hyderabad,Debit Card
C1316,O30562,2025-11-19,Home Decor,Wall Art,2,6414,19,10390.68,Platinum,Hyderabad,Wallet
C1177,O47849,2025-11-23,Electronics,Smartphone,5,41851,20,167404.0,Silver,Bangalore,Net Banking
C1441,O46965,2025-07-27,Electronics,Laptop,3,14983,8,41353.08,Silver,Pune,UPI
C1830,O70286,2025-11-11,Electronics,Smartphone,1,38814,13,33768.18,Platinum,Pune,Debit Card
C1715,O82811,2025-12-17,Beauty,Perfume,3,6543,22,15310.62,Gold,Delhi,Wallet
C1345,O50696,2026-03-06,Beauty,Moisturizer,4,652,21,2060.32,Silver,Bangalore,Debit Card
C1166,O56559,2025-07-26,Home Decor,Curtains,3,8302,15,21170.1,Silver,Delhi,Wallet
C1371,O70789,2025-06-25,Sports,Dumbbells,3,7092,9,19361.16,Silver,Hyderabad,Wallet
C1332,O55213,2026-06-03,Home Decor,Carpet,4,8911,8,32792.48,Silver,Mumbai,UPI
C1323,O93484,2026-04-05,Groceries,Milk,4,292,14,1004.48,Silver,Chennai,Wallet
C1540,O97616,2026-01-17,Fashion,Jacket,2,3076,30,4306.4,Gold,Mumbai,Wallet
C1575,O79276,2025-11-12,Beauty,Shampoo,1,1770,0,1770.0,Platinum,Bangalore,UPI
C1298,O47631,2025-08-04,Fashion,Shoes,3,5270,30,11067.0,Platinum,Pune,Debit Card
C1036,O77066,2025-12-30,Fashion,Shoes,5,2331,8,10722.6,Silver,Hyderabad,UPI
C1079,O67513,2026-01-03,Beauty,Shampoo,5,3692,27,13475.8,Platinum,Delhi,Debit Card
C1602,O72098,2026-02-16,Sports,Yoga Mat,2,1972,2,3865.12,Platinum,Mumbai,Credit Card
C1198,O87893,2025-10-15,Groceries,Eggs,1,722,1,714.78,Silver,Delhi,Debit Card
C1686,O51910,2025-12-18,Electronics,Smart Watch,2,74707,8,137460.88,Gold,Bangalore,Debit Card
C1904,O78228,2025-06-17,Beauty,Moisturizer,3,1011,1,3002.67,Gold,Hyderabad,UPI
C1232,O26123,2026-02-18,Home Decor,Lamp,4,10384,15,35305.6,Gold,Bangalore,Net Banking
C1940,O11383,2025-06-06,Beauty,Moisturizer,4,3870,7,14396.4,Silver,Pune,Net Banking
C1299,O34183,2025-07-13,Fashion,Shoes,1,3709,17,3078.47,Silver,Chennai,Net Banking
C1665,O71895,2026-02-15,Home Decor,Curtains,3,8997,16,22672.44,Silver,Delhi,Credit Card
C1130,O19442,2026-03-28,Beauty,Perfume,1,1774,23,1365.98,Silver,Delhi,Debit Card
C1701,O27667,2025-07-01,Fashion,Jeans,5,5176,14,22256.8,Gold,Hyderabad,UPI
C1432,O10706,2025-11-02,Fashion,Jacket,5,3735,8,17181.0,Silver,Pune,Wallet
C1330,O49935,2026-05-15,Groceries,Milk,2,1419,19,2298.78,Silver,Hyderabad,Wallet
C1162,O26071,2026-03-02,Groceries,Milk,4,406,16,1364.16,Silver,Hyderabad,Wallet
C1245,O24165,2025-10-16,Beauty,Shampoo,3,5494,14,14174.52,Platinum,Delhi,Wallet
C1576,O96465,2026-03-04,Groceries,Rice,4,3798,0,15192.0,Platinum,Pune,Credit Card
C1879,O62899,2025-07-19,Home Decor,Lamp,5,10263,6,48236.1,Gold,Pune,Net Banking
C1483,O56242,2026-01-30,Groceries,Bread,2,1407,20,2251.2,Gold,Hyderabad,Debit Card
C1177,O69010,2025-08-02,Groceries,Milk,4,1754,2,6875.68,Platinum,Mumbai,UPI
C1763,O47434,2025-08-13,Home Decor,Wall Art,3,2418,0,7254.0,Silver,Hyderabad,UPI
C1594,O50492,2026-03-20,Groceries,Milk,2,1692,29,2402.64,Silver,Bangalore,Credit Card
C1848,O81015,2025-12-11,Beauty,Face Wash,1,2424,1,2399.76,Silver,Chennai,UPI
C1036,O64434,2025-10-07,Groceries,Rice,1,2160,21,1706.4,Platinum,Delhi,Debit Card
C1180,O36781,2026-05-13,Home Decor,Wall Art,4,1780,12,6265.6,Silver,Bangalore,Credit Card
C1778,O38592,2026-05-02,Groceries,Bread,4,1072,10,3859.2,Platinum,Pune,UPI
C1837,O65768,2026-02-03,Beauty,Perfume,5,4520,19,18306.0,Silver,Hyderabad,Debit Card
C1223,O74572,2025-10-15,Beauty,Face Wash,1,2391,29,1697.61,Gold,Delhi,Credit Card
C1461,O54607,2025-08-16,Home Decor,Curtains,5,14401,19,58324.05,Gold,Hyderabad,Net Banking
C1428,O31916,2025-09-26,Fashion,Shoes,2,6766,28,9743.04,Platinum,Delhi,Wallet
C1273,O61842,2025-11-28,Sports,Football,3,5460,26,12121.2,Silver,Pune,Net Banking
C1648,O23099,2026-05-27,Home Decor,Wall Art,3,12468,6,35159.76,Gold,Mumbai,Wallet
C1651,O91499,2025-06-18,Electronics,Laptop,1,31489,13,27395.43,Gold,Mumbai,UPI
C1183,O32165,2026-03-16,Beauty,Shampoo,1,6900,21,5451.0,Gold,Delhi,Wallet
C1875,O45027,2026-02-16,Electronics,Headphones,3,17193,21,40747.41,Gold,Delhi,Wallet
C1886,O52415,2026-04-12,Home Decor,Lamp,4,6008,11,21388.48,Platinum,Pune,Debit Card
C1137,O64457,2026-03-25,Electronics,Smart Watch,5,61230,15,260227.5,Gold,Mumbai,Wallet
C1544,O83068,2025-06-10,Beauty,Shampoo,5,5912,26,21874.4,Platinum,Pune,Wallet
C1058,O91713,2026-05-25,Fashion,Jeans,3,2515,10,6790.5,Gold,Hyderabad,UPI
C1494,O76945,2025-09-28,Groceries,Eggs,4,2638,13,9180.24,Platinum,Chennai,UPI
C1305,O34462,2026-05-28,Electronics,Laptop,2,96976,20,155161.6,Platinum,Mumbai,Debit Card
C1580,O55990,2025-06-26,Beauty,Face Wash,5,984,9,4477.2,Silver,Hyderabad,Wallet
C1692,O40327,2025-12-17,Beauty,Shampoo,3,2164,22,5063.76,Platinum,Bangalore,Credit Card
C1463,O42254,2026-06-05,Sports,Cricket Bat,2,2601,10,4681.8,Gold,Pune,Wallet
C1541,O98517,2025-11-01,Beauty,Moisturizer,2,1593,10,2867.4,Gold,Hyderabad,Credit Card
C1567,O40647,2026-04-16,Groceries,Rice,5,3268,23,12581.8,Platinum,Hyderabad,Debit Card
C1371,O96884,2026-01-23,Fashion,Shoes,1,1764,30,1234.8,Platinum,Pune,Net Banking
C1887,O66448,2025-06-28,Fashion,Jeans,5,6520,23,25102.0,Platinum,Mumbai,UPI
C1408,O56259,2025-07-04,Fashion,Jeans,3,6346,20,15230.4,Gold,Mumbai,Wallet
C1096,O41447,2025-06-14,Beauty,Moisturizer,2,3333,23,5132.82,Silver,Bangalore,Credit Card
C1717,O70720,2025-07-25,Groceries,Bread,1,2982,10,2683.8,Platinum,Hyderabad,Wallet
C1658,O27057,2026-03-07,Electronics,Headphones,2,9249,25,13873.5,Gold,Bangalore,UPI
C1839,O81540,2026-04-15,Beauty,Face Wash,4,8090,12,28476.8,Platinum,Chennai,Net Banking
C1743,O29185,2025-11-08,Electronics,Laptop,5,16512,1,81734.4,Platinum,Delhi,Debit Card
C1853,O65994,2026-03-26,Electronics,Smart Watch,4,63355,19,205270.2,Gold,Bangalore,Credit Card
C1628,O64605,2026-05-14,Fashion,Shoes,4,4015,27,11723.8,Gold,Bangalore,Credit Card
C1072,O78726,2026-05-19,Groceries,Eggs,2,1569,22,2447.64,Silver,Pune,Wallet
C1874,O63062,2025-09-13,Electronics,Laptop,3,46419,0,139257.0,Gold,Chennai,Wallet
C1205,O63980,2025-09-21,Fashion,Jacket,2,5773,15,9814.1,Gold,Mumbai,Wallet
C1757,O12961,2025-09-02,Home Decor,Curtains,1,1752,7,1629.36,Gold,Mumbai,UPI
C1202,O77454,2026-03-04,Home Decor,Lamp,4,1958,17,6500.56,Silver,Hyderabad,Debit Card
C1048,O16673,2025-11-17,Home Decor,Wall Art,4,11047,27,32257.24,Gold,Bangalore,Debit Card
C1227,O26816,2026-02-28,Groceries,Rice,4,1862,14,6405.28,Platinum,Pune,UPI
C1233,O90697,2025-07-29,Beauty,Face Wash,4,4852,0,19408.0,Silver,Pune,UPI
C1474,O19570,2025-10-05,Beauty,Face Wash,5,4710,21,18604.5,Gold,Hyderabad,Credit Card
C1710,O63724,2026-02-11,Groceries,Eggs,4,280,0,1120.0,Silver,Mumbai,Net Banking
C1554,O56471,2025-10-07,Groceries,Milk,5,457,18,1873.7,Gold,Bangalore,Net Banking
C1317,O90827,2025-09-03,Beauty,Perfume,1,4773,28,3436.56,Gold,Hyderabad,Net Banking
C1152,O43046,2025-09-13,Sports,Dumbbells,3,6867,29,14626.71,Gold,Chennai,UPI
C1716,O77626,2025-06-18,Home Decor,Wall Art,5,7860,8,36156.0,Platinum,Delhi,Credit Card
C1038,O70439,2025-12-26,Beauty,Perfume,3,1423,17,3543.27,Gold,Hyderabad,Credit Card
C1723,O17711,2025-10-12,Home Decor,Carpet,3,12009,16,30262.68,Gold,Pune,Credit Card
C1989,O86271,2025-10-15,Beauty,Moisturizer,1,3897,13,3390.39,Gold,Bangalore,Wallet
C1614,O42538,2026-03-27,Beauty,Perfume,5,3476,27,12687.4,Platinum,Mumbai,Wallet
C1951,O82778,2026-02-14,Sports,Dumbbells,3,3675,0,11025.0,Silver,Chennai,Credit Card
C1208,O90598,2025-10-03,Home Decor,Lamp,2,1117,27,1630.82,Silver,Bangalore,Wallet
C1623,O22002,2025-09-16,Sports,Cricket Bat,3,2330,1,6920.1,Platinum,Hyderabad,Wallet
C1192,O15870,2026-01-18,Groceries,Bread,2,1747,8,3214.48,Silver,Pune,Debit Card
C1009,O24141,2026-01-24,Home Decor,Carpet,5,5868,19,23765.4,Silver,Delhi,Credit Card
C1294,O70732,2025-11-08,Groceries,Eggs,3,2272,28,4907.52,Platinum,Delhi,Credit Card
C1039,O54453,2026-04-23,Home Decor,Wall Art,1,8278,20,6622.4,Platinum,Bangalore,Net Banking
C1153,O41350,2026-01-08,Electronics,Smart Watch,3,52892,26,117420.24,Platinum,Delhi,UPI
C1508,O44947,2025-06-11,Beauty,Shampoo,5,421,2,2062.9,Silver,Pune,Credit Card
C1343,O91622,2025-12-31,Fashion,Jeans,3,5431,7,15152.49,Gold,Delhi,Wallet
C1364,O51997,2025-06-27,Groceries,Bread,3,183,29,389.79,Silver,Pune,UPI
C1805,O90778,2026-03-23,Groceries,Eggs,5,1208,10,5436.0,Silver,Pune,UPI
C1534,O67642,2025-06-30,Groceries,Rice,4,1250,15,4250.0,Silver,Mumbai,UPI
C1722,O12099,2025-06-19,Fashion,Jacket,1,3069,19,2485.89,Silver,Hyderabad,UPI
C1365,O67242,2026-04-06,Sports,Cricket Bat,2,5015,4,9628.8,Silver,Pune,UPI
C1168,O35531,2026-01-07,Sports,Yoga Mat,3,13628,18,33524.88,Platinum,Mumbai,Debit Card
C1780,O55259,2025-12-24,Beauty,Perfume,2,7686,16,12912.48,Platinum,Mumbai,Net Banking
C1138,O73139,2026-04-30,Fashion,Shoes,3,6444,18,15852.24,Gold,Chennai,UPI
C1834,O44879,2025-07-30,Sports,Yoga Mat,5,6817,6,32039.9,Gold,Mumbai,Credit Card
C1175,O65369,2025-10-09,Beauty,Perfume,2,2836,25,4254.0,Gold,Hyderabad,UPI
C1241,O68888,2025-12-27,Fashion,T-Shirt,5,6964,10,31338.0,Gold,Pune,Debit Card
C1383,O38867,2026-03-13,Home Decor,Carpet,4,8016,7,29819.52,Silver,Bangalore,Wallet
C1752,O82168,2025-12-14,Groceries,Eggs,1,663,3,643.11,Silver,Pune,UPI
C1187,O88062,2025-07-05,Groceries,Milk,2,536,15,911.2,Platinum,Chennai,Debit Card
C1688,O36283,2025-10-17,Electronics,Smart Watch,3,13298,9,36303.54,Platinum,Mumbai,Wallet
C1229,O14644,2025-06-23,Beauty,Shampoo,1,4921,6,4625.74,Gold,Bangalore,Wallet
C1756,O13336,2025-10-29,Home Decor,Wall Art,4,3492,20,11174.4,Gold,Pune,Debit Card
C1685,O66540,2026-04-14,Home Decor,Wall Art,3,11016,6,31065.12,Gold,Pune,Net Banking
C1760,O63040,2025-11-18,Beauty,Perfume,5,2979,20,11916.0,Silver,Bangalore,Net Banking
C1596,O10720,2026-01-17,Beauty,Shampoo,5,2278,18,9339.8,Silver,Pune,Wallet
C1426,O20957,2026-03-31,Groceries,Bread,5,1834,9,8344.7,Silver,Chennai,Debit Card
C1990,O32773,2026-03-19,Electronics,Headphones,2,49432,29,70193.44,Silver,Delhi,UPI
C1379,O66441,2025-11-22,Fashion,Shoes,3,7396,25,16641.0,Platinum,Pune,Debit Card
C1147,O98472,2025-11-22,Beauty,Perfume,5,6006,9,27327.3,Platinum,Mumbai,Credit Card
C1787,O84229,2025-12-18,Sports,Football,4,15068,13,52436.64,Platinum,Hyderabad,Debit Card
C1821,O60790,2025-07-16,Beauty,Face Wash,5,7244,20,28976.0,Platinum,Bangalore,Net Banking
C1640,O63727,2025-08-14,Groceries,Bread,2,1234,29,1752.28,Platinum,Mumbai,Net Banking
C1071,O45771,2026-04-10,Electronics,Smartphone,2,9442,14,16240.24,Silver,Pune,Credit Card
C1957,O77098,2025-12-11,Groceries,Eggs,4,2967,10,10681.2,Gold,Delhi,UPI
C1750,O10778,2025-09-13,Fashion,T-Shirt,4,1800,14,6192.0,Platinum,Delhi,UPI
C1193,O47388,2026-01-16,Beauty,Moisturizer,4,3925,13,13659.0,Silver,Hyderabad,Wallet
C1846,O54685,2026-01-04,Home Decor,Lamp,4,13408,28,38615.04,Gold,Chennai,Net Banking
C1277,O52438,2025-10-26,Sports,Dumbbells,2,5637,26,8342.76,Silver,Mumbai,UPI
C1494,O90429,2025-08-21,Electronics,Laptop,2,35533,6,66802.04,Gold,Mumbai,Credit Card
C1174,O15659,2025-11-01,Home Decor,Wall Art,4,1873,14,6443.12,Silver,Pune,Debit Card
C1928,O39482,2025-08-03,Fashion,Shoes,1,602,3,583.94,Silver,Mumbai,Wallet
C1486,O66092,2026-01-20,Fashion,Shoes,5,1041,3,5048.85,Silver,Delhi,Debit Card
C1654,O31722,2026-03-20,Beauty,Moisturizer,2,1618,0,3236.0,Platinum,Hyderabad,Net Banking
C1544,O28485,2025-08-12,Beauty,Perfume,4,6067,12,21355.84,Gold,Hyderabad,Wallet
C1565,O29676,2026-05-15,Electronics,Smart Watch,3,40819,4,117558.72,Silver,Mumbai,Wallet
C1769,O87638,2026-03-27,Fashion,Jacket,3,544,5,1550.4,Silver,Bangalore,Wallet
C1612,O64077,2026-02-24,Fashion,Shoes,2,7246,20,11593.6,Platinum,Delhi,Net Banking
C1939,O16224,2026-02-02,Sports,Yoga Mat,1,2250,12,1980.0,Gold,Mumbai,Credit Card
C1043,O75219,2025-06-19,Home Decor,Carpet,4,10483,1,41512.68,Gold,Pune,Credit Card
C1866,O74873,2025-11-14,Electronics,Smart Watch,2,27638,21,43668.04,Platinum,Pune,Debit Card
C1757,O17401,2026-01-05,Sports,Football,3,11635,7,32461.65,Gold,Pune,Net Banking
C1031,O51361,2025-09-11,Sports,Dumbbells,5,13630,3,66105.5,Platinum,Mumbai,Wallet
C1965,O26259,2025-10-09,Fashion,Jeans,1,2108,22,1644.24,Silver,Mumbai,Debit Card
C1581,O14235,2026-01-31,Home Decor,Lamp,3,6178,28,13344.48,Platinum,Pune,Debit Card
C1524,O80207,2025-06-08,Home Decor,Carpet,1,8460,16,7106.4,Gold,Chennai,Wallet
C1443,O79239,2025-10-20,Groceries,Bread,3,2344,14,6047.52,Gold,Hyderabad,Debit Card
C1470,O30776,2025-09-03,Home Decor,Curtains,5,7608,28,27388.8,Platinum,Pune,Debit Card
C1238,O68016,2025-06-05,Beauty,Moisturizer,2,3556,11,6329.68,Platinum,Delhi,Credit Card
C1144,O18831,2025-07-07,Groceries,Milk,3,3062,1,9094.14,Platinum,Mumbai,Wallet
C1260,O31549,2026-04-02,Electronics,Headphones,2,5503,19,8914.86,Silver,Hyderabad,UPI
C1586,O66075,2025-10-04,Sports,Football,3,5020,26,11144.4,Gold,Pune,Credit Card
C1970,O58252,2025-10-10,Beauty,Perfume,2,7227,21,11418.66,Gold,Bangalore,UPI
C1254,O34932,2025-10-26,Electronics,Smartphone,5,44449,19,180018.45,Gold,Hyderabad,UPI
C1186,O83530,2026-02-11,Home Decor,Lamp,5,3404,7,15828.6,Platinum,Bangalore,Wallet
C1701,O66585,2026-03-22,Electronics,Smartphone,1,22279,3,21610.63,Gold,Bangalore,Net Banking
C1672,O79637,2025-08-20,Sports,Football,2,10447,7,19431.42,Gold,Chennai,Wallet
C1810,O77896,2026-02-03,Groceries,Milk,4,2748,18,9013.44,Gold,Pune,Debit Card
C1400,O39919,2025-12-28,Home Decor,Carpet,4,14725,19,47709.0,Gold,Chennai,Wallet
C1883,O64950,2025-10-08,Groceries,Milk,5,2602,5,12359.5,Platinum,Chennai,Credit Card
C1736,O84978,2025-10-31,Home Decor,Carpet,2,11712,1,23189.76,Gold,Delhi,Net Banking
C1899,O77199,2026-05-06,Groceries,Eggs,3,2320,6,6542.4,Platinum,Delhi,UPI
C1677,O48907,2026-01-28,Groceries,Eggs,5,1472,27,5372.8,Silver,Bangalore,Credit Card
C1950,O60202,2025-09-24,Home Decor,Wall Art,3,13868,14,35779.44,Platinum,Delhi,Debit Card
C1024,O39045,2026-04-05,Home Decor,Carpet,1,8594,6,8078.36,Platinum,Mumbai,Net Banking
C1128,O44615,2026-01-19,Sports,Dumbbells,5,6550,18,26855.0,Silver,Hyderabad,Debit Card
C1722,O80607,2025-06-09,Beauty,Perfume,5,3093,24,11753.4,Silver,Hyderabad,Net Banking
C1326,O85552,2026-03-03,Beauty,Moisturizer,2,1134,28,1632.96,Platinum,Delhi,Debit Card
C1619,O38010,2026-01-23,Beauty,Perfume,1,395,1,391.05,Silver,Pune,Net Banking
C1904,O64772,2025-09-05,Sports,Football,2,626,16,1051.68,Silver,Delhi,Debit Card
C1848,O47765,2025-10-18,Beauty,Shampoo,2,2230,30,3122.0,Gold,Mumbai,Net Banking
C1333,O55396,2025-10-08,Home Decor,Wall Art,4,9741,6,36626.16,Silver,Pune,Credit Card
C1223,O15764,2025-10-20,Fashion,T-Shirt,3,5478,8,15119.28,Platinum,Delhi,Net Banking
C1422,O92863,2025-10-20,Sports,Cricket Bat,5,6748,5,32053.0,Silver,Pune,Debit Card
C1209,O80324,2025-07-06,Sports,Football,5,8766,15,37255.5,Gold,Chennai,Debit Card
C1509,O54162,2026-03-01,Fashion,Jacket,3,807,23,1864.17,Gold,Pune,Wallet
C1142,O59857,2025-07-15,Fashion,Jacket,5,9310,28,33516.0,Platinum,Bangalore,UPI
C1977,O51492,2025-06-05,Fashion,Jeans,4,4424,0,17696.0,Silver,Mumbai,Net Banking
C1142,O69585,2025-08-25,Electronics,Laptop,5,24957,12,109810.8,Silver,Delhi,UPI
C1013,O56269,2025-07-09,Beauty,Moisturizer,2,2743,3,5321.42,Gold,Bangalore,Net Banking
C1338,O93106,2025-07-06,Home Decor,Curtains,4,19162,5,72815.6,Platinum,Bangalore,Wallet
C1256,O29117,2025-06-06,Home Decor,Carpet,1,10653,18,8735.46,Gold,Bangalore,UPI
C1073,O80589,2025-09-08,Groceries,Rice,1,722,19,584.82,Silver,Pune,Credit Card
C1730,O91440,2025-10-07,Sports,Cricket Bat,3,8503,26,18876.66,Gold,Hyderabad,Wallet
C1009,O68214,2026-03-06,Home Decor,Wall Art,3,2038,14,5258.04,Silver,Hyderabad,Wallet
C1281,O73781,2025-11-29,Fashion,Shoes,3,3636,26,8071.92,Silver,Delhi,Net Banking
C1793,O77030,2025-06-08,Fashion,Jacket,3,851,30,1787.1,Silver,Hyderabad,Debit Card
C1569,O31520,2025-09-03,Fashion,Jacket,2,1021,4,1960.32,Gold,Bangalore,Net Banking
C1863,O96318,2025-10-17,Beauty,Shampoo,5,327,16,1373.4,Silver,Mumbai,Credit Card
C1558,O98730,2026-05-05,Fashion,Shoes,5,4200,9,19110.0,Platinum,Mumbai,UPI
C1104,O56187,2025-09-03,Beauty,Perfume,5,275,3,1333.75,Silver,Chennai,UPI
C1774,O89251,2025-11-11,Sports,Dumbbells,1,10752,14,9246.72,Platinum,Pune,Debit Card
C1564,O28846,2025-12-17,Electronics,Headphones,5,9033,10,40648.5,Silver,Mumbai,Net Banking
C1498,O20057,2025-08-08,Beauty,Face Wash,2,3160,7,5877.6,Silver,Mumbai,Debit Card
C1055,O80856,2026-05-11,Fashion,Shoes,3,2390,20,5736.0,Platinum,Pune,Credit Card
C1706,O87585,2025-09-12,Home Decor,Lamp,2,10392,7,19329.12,Gold,Pune,Credit Card
C1129,O59519,2025-07-29,Sports,Dumbbells,5,4018,0,20090.0,Platinum,Mumbai,Debit Card
C1584,O62418,2025-12-31,Beauty,Face Wash,3,5608,5,15982.8,Platinum,Pune,Net Banking
C1947,O78176,2025-12-28,Beauty,Perfume,4,4399,8,16188.32,Gold,Pune,Credit Card
C1205,O93780,2025-06-27,Sports,Cricket Bat,5,5198,10,23391.0,Platinum,Delhi,UPI
C1673,O57989,2025-08-16,Beauty,Perfume,3,6946,2,20421.24,Gold,Delhi,Wallet
C1388,O21821,2025-12-16,Beauty,Moisturizer,4,3930,3,15248.4,Silver,Bangalore,UPI
C1495,O23174,2025-08-02,Beauty,Face Wash,3,5278,29,11242.14,Gold,Hyderabad,Debit Card
C1031,O17920,2026-01-11,Groceries,Eggs,4,3978,1,15752.88,Platinum,Mumbai,Net Banking
C1044,O46874,2026-04-18,Beauty,Shampoo,1,4852,30,3396.4,Gold,Mumbai,Net Banking
C1451,O17275,2026-03-13,Home Decor,Wall Art,5,6192,6,29102.4,Platinum,Chennai,Credit Card
C1858,O65198,2026-03-31,Groceries,Milk,2,2872,5,5456.8,Platinum,Bangalore,Debit Card
C1212,O43576,2025-12-17,Electronics,Laptop,4,38701,12,136227.52,Silver,Mumbai,Net Banking
C1348,O70840,2026-02-10,Electronics,Smart Watch,5,40258,27,146941.7,Platinum,Hyderabad,Credit Card
C1784,O45486,2026-05-25,Electronics,Laptop,4,28553,30,79948.4,Silver,Bangalore,UPI
C1119,O24832,2025-09-12,Fashion,T-Shirt,3,3216,16,8104.32,Silver,Bangalore,UPI
C1258,O87482,2026-02-16,Fashion,T-Shirt,4,2406,18,7891.68,Platinum,Hyderabad,Wallet
C1241,O75143,2025-06-12,Groceries,Eggs,1,2716,4,2607.36,Platinum,Delhi,Credit Card
C1885,O54865,2025-10-13,Sports,Yoga Mat,4,6360,15,21624.0,Silver,Mumbai,Credit Card
C1781,O54048,2025-12-22,Sports,Dumbbells,1,5988,0,5988.0,Platinum,Mumbai,Debit Card
C1950,O39938,2025-08-13,Home Decor,Curtains,3,13080,19,31784.4,Gold,Mumbai,Net Banking
C1316,O63454,2025-06-05,Electronics,Headphones,4,51802,17,171982.64,Platinum,Hyderabad,Debit Card
C1111,O67351,2026-03-15,Groceries,Bread,4,1486,29,4220.24,Platinum,Bangalore,UPI
C1100,O28051,2026-04-18,Sports,Football,3,3934,14,10149.72,Silver,Hyderabad,Debit Card
C1353,O54384,2026-02-01,Beauty,Face Wash,1,1900,28,1368.0,Silver,Mumbai,Credit Card
C1280,O15644,2026-04-28,Electronics,Laptop,4,56146,29,159454.64,Platinum,Pune,Credit Card
C1973,O54448,2025-10-29,Beauty,Shampoo,1,1687,11,1501.43,Silver,Mumbai,UPI
C1839,O96914,2025-07-21,Groceries,Rice,2,630,3,1222.2,Gold,Delhi,Debit Card
C1416,O15758,2026-02-07,Home Decor,Curtains,4,7661,14,26353.84,Silver,Mumbai,UPI
C1858,O70164,2025-08-13,Home Decor,Lamp,2,8529,10,15352.2,Gold,Delhi,Wallet
C1346,O52680,2025-11-16,Electronics,Smart Watch,3,89762,12,236971.68,Platinum,Mumbai,Debit Card
C1429,O94796,2025-11-09,Beauty,Perfume,5,3265,9,14855.75,Silver,Bangalore,Wallet
C1559,O21444,2025-10-31,Home Decor,Carpet,2,16928,26,25053.44,Platinum,Delhi,Net Banking
C1604,O14936,2025-07-20,Electronics,Laptop,2,80908,10,145634.4,Platinum,Bangalore,Debit Card
C1128,O68942,2026-03-27,Groceries,Milk,5,820,13,3567.0,Silver,Bangalore,Wallet
C1331,O33078,2026-03-11,Sports,Yoga Mat,5,1810,26,6697.0,Silver,Hyderabad,Net Banking
C1100,O34647,2026-06-01,Home Decor,Carpet,5,9712,8,44675.2,Platinum,Mumbai,Debit Card
C1103,O43275,2025-09-22,Electronics,Smartphone,5,27690,10,124605.0,Silver,Pune,Debit Card
C1716,O98629,2026-01-10,Fashion,Shoes,5,2318,19,9387.9,Silver,Chennai,Net Banking
C1324,O25022,2026-04-21,Beauty,Perfume,4,3228,20,10329.6,Silver,Pune,Debit Card
C1593,O58821,2026-02-15,Sports,Yoga Mat,2,2626,12,4621.76,Platinum,Delhi,Debit Card
C1813,O55790,2025-12-29,Groceries,Milk,1,711,2,696.78,Silver,Bangalore,UPI
C1724,O43299,2025-07-24,Beauty,Face Wash,2,3661,9,6663.02,Gold,Mumbai,Debit Card
C1974,O75231,2026-01-17,Electronics,Smartphone,5,70110,1,347044.5,Gold,Bangalore,Credit Card
C1535,O72316,2025-08-12,Fashion,Shoes,2,663,12,1166.88,Silver,Pune,Debit Card
C1541,O10505,2026-01-21,Sports,Football,4,10846,18,35574.88,Platinum,Delhi,Net Banking
C1998,O58208,2025-06-10,Sports,Dumbbells,4,1523,30,4264.4,Silver,Delhi,Net Banking
C1987,O80795,2026-02-21,Fashion,Jacket,4,6968,22,21740.16,Platinum,Delhi,Net Banking
C1461,O33297,2026-03-29,Groceries,Rice,1,579,27,422.67,Silver,Hyderabad,UPI
C1549,O43391,2025-12-24,Fashion,Jeans,2,602,3,1167.88,Silver,Mumbai,UPI
C1944,O19133,2025-06-12,Beauty,Perfume,5,5700,9,25935.0,Platinum,Pune,Debit Card
C1876,O58710,2026-01-04,Groceries,Rice,1,978,2,958.44,Gold,Bangalore,Debit Card
C1933,O21969,2026-04-28,Beauty,Perfume,2,2889,0,5778.0,Gold,Delhi,Debit Card
C1480,O83681,2025-06-29,Electronics,Headphones,1,11133,23,8572.41,Gold,Chennai,UPI
C1265,O85908,2025-11-23,Fashion,Jeans,1,4800,2,4704.0,Platinum,Pune,Debit Card
C1494,O32168,2026-05-24,Home Decor,Lamp,3,6750,1,20047.5,Platinum,Delhi,Credit Card
C1664,O23766,2025-10-07,Beauty,Moisturizer,4,6872,14,23639.68,Platinum,Hyderabad,Credit Card
C1527,O67405,2025-09-01,Electronics,Laptop,5,66668,2,326673.2,Platinum,Delhi,Wallet
C1324,O81429,2026-03-02,Home Decor,Carpet,5,4034,0,20170.0,Silver,Hyderabad,Debit Card
C1805,O67635,2026-04-17,Groceries,Eggs,1,207,8,190.44,Silver,Bangalore,Debit Card
C1792,O76434,2025-12-03,Groceries,Eggs,4,2916,22,9097.92,Gold,Bangalore,Wallet
C1338,O29121,2025-10-24,Sports,Cricket Bat,3,7009,18,17242.14,Gold,Hyderabad,Wallet
C1067,O32499,2025-09-01,Groceries,Milk,1,1103,9,1003.73,Silver,Hyderabad,Wallet
C1104,O49170,2025-09-09,Sports,Cricket Bat,2,11266,10,20278.8,Platinum,Pune,Net Banking
C1779,O88311,2025-08-12,Electronics,Smart Watch,1,47129,23,36289.33,Silver,Chennai,UPI
C1841,O22832,2025-08-10,Groceries,Rice,5,1866,18,7650.6,Silver,Pune,Wallet
C1727,O93811,2025-11-20,Groceries,Milk,4,813,13,2829.24,Silver,Hyderabad,Wallet
C1717,O87252,2026-01-14,Electronics,Smartphone,4,65367,12,230091.84,Gold,Bangalore,Wallet
C1088,O76813,2025-08-25,Electronics,Smartphone,1,75384,15,64076.4,Platinum,Bangalore,Wallet
C1132,O50552,2026-03-22,Beauty,Shampoo,3,2855,7,7965.45,Silver,Delhi,Debit Card
C1374,O54954,2025-10-22,Electronics,Smart Watch,4,10074,14,34654.56,Gold,Hyderabad,Credit Card
C1672,O12133,2025-08-21,Electronics,Headphones,3,38894,3,113181.54,Silver,Pune,Wallet
C1999,O85524,2025-08-28,Groceries,Rice,4,1428,25,4284.0,Gold,Pune,Net Banking
C1856,O72936,2025-11-28,Home Decor,Wall Art,1,4824,7,4486.32,Gold,Hyderabad,UPI
C1016,O13152,2026-01-27,Groceries,Rice,4,1165,30,3262.0,Silver,Delhi,UPI
C1774,O70298,2025-12-15,Electronics,Smartphone,1,66217,5,62906.15,Gold,Mumbai,UPI
C1519,O24260,2026-02-16,Electronics,Headphones,5,20968,1,103791.6,Gold,Mumbai,Net Banking
C1565,O28471,2026-02-20,Groceries,Milk,4,795,23,2448.6,Gold,Hyderabad,UPI
C1504,O94221,2026-03-13,Electronics,Laptop,1,11988,1,11868.12,Gold,Bangalore,Wallet
C1640,O63263,2026-03-08,Sports,Yoga Mat,4,4146,10,14925.6,Silver,Pune,UPI
C1223,O61517,2026-03-24,Fashion,T-Shirt,5,1744,25,6540.0,Silver,Mumbai,UPI
C1622,O20928,2025-08-07,Home Decor,Carpet,3,19318,7,53897.22,Platinum,Bangalore,Debit Card
C1685,O76475,2025-11-25,Electronics,Smartphone,4,40420,22,126110.4,Silver,Hyderabad,Wallet
C1558,O49109,2025-08-02,Sports,Dumbbells,3,7020,5,20007.0,Silver,Mumbai,Wallet
C1040,O92619,2025-07-03,Fashion,Shoes,5,4885,29,17341.75,Gold,Chennai,Debit Card
C1959,O22349,2025-08-13,Beauty,Moisturizer,5,1630,17,6764.5,Gold,Mumbai,Net Banking
C1740,O17590,2026-03-01,Home Decor,Curtains,3,8127,17,20236.23,Gold,Hyderabad,Wallet
C1692,O28330,2025-09-25,Fashion,Shoes,5,1770,7,8230.5,Gold,Pune,Credit Card
C1377,O32394,2025-07-02,Beauty,Perfume,4,7310,21,23099.6,Platinum,Bangalore,UPI
C1906,O94381,2025-08-24,Home Decor,Wall Art,1,3718,16,3123.12,Platinum,Hyderabad,Net Banking
C1249,O90333,2025-12-08,Fashion,Jacket,2,4488,24,6821.76,Platinum,Hyderabad,Wallet
C1319,O65300,2025-09-16,Home Decor,Carpet,5,2512,24,9545.6,Gold,Mumbai,UPI
C1673,O87026,2025-06-25,Groceries,Milk,4,548,9,1994.72,Silver,Delhi,Credit Card
C1694,O20253,2025-06-05,Beauty,Shampoo,1,4695,4,4507.2,Gold,Bangalore,UPI
C1977,O25129,2025-09-05,Sports,Cricket Bat,4,4300,12,15136.0,Silver,Hyderabad,Wallet
C1536,O32777,2025-11-17,Home Decor,Carpet,3,8370,27,18330.3,Silver,Chennai,Net Banking
C1303,O31680,2025-08-06,Electronics,Headphones,2,26546,8,48844.64,Platinum,Bangalore,Credit Card
C1332,O77079,2025-08-11,Groceries,Bread,1,604,29,428.84,Gold,Pune,Credit Card
C1855,O24090,2026-04-22,Home Decor,Lamp,1,14230,3,13803.1,Gold,Delhi,Wallet
C1065,O47335,2026-03-30,Beauty,Shampoo,4,3643,21,11511.88,Gold,Mumbai,Wallet
C1851,O44953,2025-08-05,Beauty,Shampoo,2,3551,0,7102.0,Silver,Delhi,UPI
C1040,O70949,2025-09-27,Electronics,Smartphone,3,78908,23,182277.48,Platinum,Chennai,Credit Card
C1036,O91729,2025-11-28,Beauty,Perfume,2,7300,14,12556.0,Gold,Delhi,UPI
C1099,O80324,2026-02-28,Electronics,Smart Watch,4,20416,26,60431.36,Gold,Chennai,UPI
C1497,O86666,2025-06-25,Fashion,Jacket,1,4450,8,4094.0,Silver,Delhi,Net Banking
C1329,O54021,2026-05-02,Sports,Cricket Bat,5,2198,1,10880.1,Silver,Pune,Net Banking
C1320,O73369,2025-11-28,Sports,Yoga Mat,2,5026,1,9951.48,Gold,Hyderabad,Net Banking
C1854,O68635,2025-09-12,Groceries,Bread,3,2358,10,6366.6,Gold,Bangalore,UPI
C1810,O67059,2025-09-15,Home Decor,Lamp,1,6067,16,5096.28,Gold,Hyderabad,Wallet
C1133,O89942,2025-09-11,Fashion,T-Shirt,2,1982,18,3250.48,Platinum,Delhi,Net Banking
C1460,O58420,2025-10-05,Electronics,Smart Watch,2,37843,6,71144.84,Silver,Delhi,Net Banking
C1632,O28562,2026-01-15,Fashion,T-Shirt,3,1668,18,4103.28,Platinum,Mumbai,Credit Card
C1967,O92884,2026-06-05,Home Decor,Wall Art,4,9704,23,29888.32,Silver,Mumbai,Credit Card
C1974,O69952,2025-10-30,Electronics,Laptop,5,45900,11,204255.0,Platinum,Delhi,UPI
C1606,O78173,2026-02-03,Beauty,Face Wash,2,4201,0,8402.0,Silver,Mumbai,Net Banking
C1541,O85428,2025-11-25,Sports,Cricket Bat,5,6514,0,32570.0,Gold,Chennai,UPI
C1848,O25483,2025-06-13,Sports,Dumbbells,2,5996,14,10313.12,Silver,Mumbai,Wallet
C1135,O67180,2026-01-07,Electronics,Headphones,2,73299,5,139268.1,Gold,Pune,Net Banking
C1178,O16009,2025-10-06,Electronics,Headphones,2,14283,12,25138.08,Gold,Bangalore,Credit Card
C1971,O90021,2025-08-07,Sports,Yoga Mat,4,10924,13,38015.52,Platinum,Bangalore,Debit Card
C1494,O68178,2026-03-25,Beauty,Moisturizer,5,321,28,1155.6,Silver,Hyderabad,Credit Card
C1407,O78998,2025-06-15,Home Decor,Lamp,2,4567,14,7855.24,Gold,Mumbai,UPI
C1068,O29611,2025-06-12,Groceries,Bread,3,529,20,1269.6,Gold,Mumbai,Wallet
C1657,O41044,2025-12-27,Electronics,Smart Watch,2,23623,7,43938.78,Silver,Hyderabad,Net Banking
C1957,O81463,2026-03-17,Home Decor,Carpet,1,10258,16,8616.72,Platinum,Delhi,Debit Card
C1623,O56174,2025-08-08,Fashion,Jacket,2,2417,24,3673.84,Silver,Bangalore,Net Banking
C1842,O13042,2025-06-23,Fashion,T-Shirt,1,3654,26,2703.96,Silver,Hyderabad,Credit Card
C1544,O75954,2025-10-21,Beauty,Face Wash,3,2086,13,5444.46,Platinum,Bangalore,Wallet
C1049,O70103,2025-11-14,Groceries,Eggs,2,1327,26,1963.96,Silver,Chennai,Credit Card
C1120,O59002,2026-02-16,Fashion,Jeans,2,1063,12,1870.88,Silver,Bangalore,Debit Card
C1912,O23823,2026-03-08,Fashion,Jeans,5,5182,4,24873.6,Gold,Mumbai,Wallet
C1066,O20554,2025-06-16,Fashion,T-Shirt,5,3620,21,14299.0,Silver,Hyderabad,Credit Card
C1650,O55356,2025-06-13,Groceries,Bread,1,1966,16,1651.44,Silver,Bangalore,Debit Card
C1636,O55797,2025-09-03,Sports,Cricket Bat,2,5294,3,10270.36,Silver,Bangalore,Credit Card
C1835,O58282,2025-12-28,Beauty,Perfume,2,740,13,1287.6,Platinum,Bangalore,Debit Card
C1721,O65533,2025-10-19,Electronics,Smart Watch,1,13049,0,13049.0,Silver,Pune,Wallet
C1533,O44129,2025-06-15,Electronics,Smartphone,2,7943,0,15886.0,Silver,Hyderabad,Credit Card
C1737,O54703,2026-01-08,Beauty,Moisturizer,1,2199,28,1583.28,Gold,Bangalore,UPI
C1965,O88496,2026-01-13,Groceries,Bread,1,2035,22,1587.3,Gold,Chennai,UPI
C1578,O54501,2025-07-21,Fashion,Shoes,2,3424,9,6231.68,Platinum,Pune,Credit Card
C1505,O53585,2025-09-05,Home Decor,Lamp,5,7977,29,28318.35,Gold,Bangalore,UPI
C1356,O22511,2025-06-25,Home Decor,Curtains,3,13737,20,32968.8,Gold,Hyderabad,UPI
C1932,O49150,2026-05-23,Fashion,Jacket,3,937,22,2192.58,Silver,Bangalore,UPI
C1750,O31984,2026-02-12,Groceries,Rice,4,492,12,1731.84,Platinum,Delhi,Debit Card
C1952,O20156,2025-08-20,Fashion,Jeans,1,3284,27,2397.32,Silver,Delhi,Net Banking
C1035,O59680,2025-07-26,Electronics,Headphones,1,10648,2,10435.04,Gold,Pune,UPI
C1693,O57484,2026-02-01,Groceries,Rice,5,2114,5,10041.5,Platinum,Pune,Wallet
C1229,O77974,2025-06-11,Fashion,Jacket,4,8930,10,32148.0,Platinum,Hyderabad,Wallet
C1119,O30330,2025-11-16,Groceries,Rice,5,940,20,3760.0,Platinum,Mumbai,Net Banking
C1082,O94370,2026-04-05,Electronics,Laptop,3,24318,20,58363.2,Gold,Chennai,Debit Card
C1752,O85311,2025-09-14,Fashion,Shoes,1,7134,22,5564.52,Gold,Bangalore,Net Banking
C1069,O91136,2025-11-11,Sports,Dumbbells,4,10261,14,35297.84,Gold,Pune,Wallet
C1262,O68097,2026-03-04,Electronics,Headphones,3,27168,27,59497.92,Platinum,Chennai,Debit Card
C1782,O26856,2025-07-29,Home Decor,Carpet,3,8174,23,18881.94,Platinum,Delhi,UPI
C1004,O82452,2025-11-12,Beauty,Perfume,3,6225,17,15500.25,Gold,Chennai,Credit Card
C1226,O56451,2026-04-27,Fashion,Jacket,2,2076,18,3404.64,Gold,Delhi,UPI
C1195,O82757,2026-05-20,Groceries,Milk,2,707,28,1018.08,Silver,Mumbai,UPI
C1800,O73811,2026-03-02,Electronics,Smartphone,1,18684,0,18684.0,Gold,Pune,Wallet
C1162,O80270,2026-02-11,Groceries,Rice,1,3936,3,3817.92,Platinum,Delhi,Debit Card
C1852,O81779,2026-05-11,Electronics,Smartphone,4,29980,22,93537.6,Platinum,Delhi,UPI
C1714,O75185,2026-01-02,Sports,Cricket Bat,5,5501,23,21178.85,Silver,Chennai,Net Banking
C1085,O54826,2025-09-09,Electronics,Laptop,4,69336,6,260703.36,Gold,Pune,Credit Card
C1439,O54087,2025-08-07,Sports,Dumbbells,5,7686,1,38045.7,Silver,Chennai,Wallet
C1464,O69999,2026-02-17,Groceries,Milk,4,522,19,1691.28,Silver,Bangalore,Net Banking
C1298,O96216,2026-01-25,Groceries,Milk,4,594,4,2280.96,Platinum,Mumbai,UPI
C1446,O62955,2026-02-08,Groceries,Rice,3,1999,17,4977.51,Silver,Chennai,Net Banking
C1152,O13785,2025-06-26,Electronics,Smart Watch,3,39289,0,117867.0,Silver,Delhi,UPI
C1509,O17744,2025-06-17,Sports,Football,5,7141,23,27492.85,Gold,Chennai,Net Banking
C1002,O44192,2026-03-08,Sports,Cricket Bat,1,3486,27,2544.78,Platinum,Mumbai,UPI
C1654,O52680,2025-10-20,Electronics,Laptop,4,34414,19,111501.36,Gold,Bangalore,Net Banking
C1470,O87808,2025-12-10,Electronics,Laptop,1,71088,0,71088.0,Platinum,Pune,UPI
C1057,O19434,2025-07-02,Fashion,Shoes,1,5241,30,3668.7,Gold,Hyderabad,Debit Card
C1335,O71017,2026-05-07,Beauty,Shampoo,5,5347,6,25130.9,Gold,Hyderabad,Net Banking
C1998,O84201,2026-04-18,Beauty,Face Wash,3,1545,26,3429.9,Silver,Delhi,Net Banking
C1164,O16857,2026-03-07,Home Decor,Carpet,3,12273,3,35714.43,Gold,Mumbai,Net Banking
C1496,O59014,2025-07-05,Sports,Cricket Bat,5,7771,16,32638.2,Gold,Pune,Credit Card
C1640,O94114,2026-01-28,Fashion,Jacket,3,1198,8,3306.48,Silver,Delhi,Wallet
C1174,O99374,2026-05-15,Home Decor,Carpet,2,11814,12,20792.64,Gold,Delhi,Net Banking
C1066,O29644,2025-09-02,Electronics,Smartphone,3,40740,10,109998.0,Gold,Hyderabad,Wallet
C1022,O14892,2026-03-03,Electronics,Smart Watch,5,22044,9,100300.2,Silver,Chennai,Net Banking
C1902,O95743,2025-06-22,Sports,Cricket Bat,5,13012,7,60505.8,Platinum,Mumbai,Net Banking
C1323,O51794,2025-10-18,Groceries,Eggs,4,1768,24,5374.72,Silver,Bangalore,UPI
C1388,O53679,2025-09-04,Sports,Cricket Bat,2,12008,17,19933.28,Platinum,Bangalore,Debit Card
C1641,O79586,2025-07-07,Groceries,Milk,1,108,28,77.76,Silver,Bangalore,Wallet
C1096,O88592,2025-08-14,Fashion,Jeans,1,5860,27,4277.8,Platinum,Chennai,Net Banking
C1456,O43964,2025-07-11,Home Decor,Curtains,1,8952,21,7072.08,Silver,Hyderabad,Net Banking
C1859,O34985,2026-05-18,Electronics,Laptop,2,44760,24,68035.2,Platinum,Delhi,Credit Card
C1519,O31779,2026-05-13,Sports,Football,2,6733,11,11984.74,Gold,Delhi,Net Banking
C1426,O86850,2025-08-03,Home Decor,Wall Art,4,14382,10,51775.2,Gold,Pune,Credit Card
C1809,O57224,2025-11-22,Groceries,Eggs,5,560,2,2744.0,Silver,Chennai,Wallet
C1146,O51552,2025-12-30,Electronics,Smartphone,5,31491,9,143284.05,Silver,Chennai,Credit Card
C1635,O68621,2025-09-27,Electronics,Laptop,3,24580,24,56042.4,Silver,Pune,UPI
C1511,O29437,2026-04-09,Electronics,Laptop,1,92774,12,81641.12,Platinum,Chennai,UPI
C1777,O26713,2025-07-11,Beauty,Face Wash,3,5704,1,16940.88,Platinum,Pune,UPI
C1619,O12256,2026-01-28,Fashion,Jacket,4,2250,2,8820.0,Platinum,Mumbai,Net Banking
C1974,O28989,2025-12-24,Sports,Cricket Bat,5,10738,2,52616.2,Platinum,Bangalore,UPI
C1234,O84200,2025-10-31,Sports,Cricket Bat,4,4548,24,13825.92,Platinum,Chennai,UPI
C1309,O96936,2026-05-05,Fashion,Jeans,4,8750,8,32200.0,Platinum,Chennai,Net Banking
C1260,O12874,2025-11-14,Groceries,Bread,3,1866,19,4534.38,Platinum,Hyderabad,Wallet
C1645,O94795,2026-04-16,Groceries,Rice,1,1659,4,1592.64,Gold,Pune,Wallet
C1374,O87020,2025-08-06,Beauty,Face Wash,1,626,19,507.06,Silver,Pune,Debit Card
C1733,O64528,2025-06-05,Beauty,Shampoo,3,4491,28,9700.56,Gold,Hyderabad,UPI
C1374,O36879,2025-09-13,Home Decor,Wall Art,2,7014,10,12625.2,Platinum,Pune,Credit Card
C1477,O53230,2025-09-05,Sports,Football,1,5088,15,4324.8,Platinum,Delhi,Credit Card
C1925,O70601,2025-07-19,Electronics,Laptop,4,19141,8,70438.88,Silver,Delhi,Net Banking
C1481,O42319,2025-10-02,Home Decor,Curtains,1,1414,15,1201.9,Silver,Hyderabad,Credit Card
C1567,O14227,2026-02-19,Groceries,Eggs,5,1114,21,4400.3,Gold,Bangalore,Credit Card
C1770,O66177,2026-02-11,Electronics,Headphones,4,31492,1,124708.32,Silver,Bangalore,Net Banking
C1738,O44198,2026-04-17,Fashion,Shoes,3,6430,9,17553.9,Gold,Hyderabad,Net Banking
C1181,O65063,2026-03-27,Sports,Dumbbells,5,8701,14,37414.3,Gold,Hyderabad,UPI
C1388,O54651,2026-03-20,Sports,Cricket Bat,4,2110,25,6330.0,Platinum,Delhi,Debit Card
C1036,O73207,2025-11-13,Home Decor,Curtains,1,7306,9,6648.46,Silver,Pune,Debit Card
C1789,O48985,2026-04-25,Electronics,Headphones,4,66813,11,237854.28,Gold,Chennai,Wallet
C1673,O42693,2025-08-27,Sports,Yoga Mat,5,7321,7,34042.65,Silver,Mumbai,Credit Card
C1649,O63213,2025-10-30,Home Decor,Carpet,3,11868,12,31331.52,Gold,Chennai,Net Banking
C1096,O66763,2026-04-30,Sports,Football,1,2811,17,2333.13,Gold,Mumbai,UPI
C1182,O80900,2025-09-08,Home Decor,Carpet,3,13683,13,35712.63,Gold,Bangalore,Debit Card
C1974,O42811,2025-11-01,Beauty,Moisturizer,5,4327,10,19471.5,Silver,Chennai,Wallet
C1505,O64913,2026-01-23,Home Decor,Carpet,1,19136,15,16265.6,Platinum,Hyderabad,Wallet
C1924,O52357,2026-03-15,Home Decor,Lamp,4,12129,22,37842.48,Gold,Mumbai,Wallet
C1237,O79274,2026-01-24,Groceries,Eggs,2,1236,6,2323.68,Gold,Bangalore,UPI
C1055,O46028,2025-08-14,Home Decor,Carpet,5,4162,6,19561.4,Silver,Chennai,Credit Card
C1524,O58978,2025-10-02,Fashion,Jacket,1,3181,27,2322.13,Gold,Delhi,Net Banking
C1095,O26900,2026-04-04,Beauty,Perfume,5,3748,6,17615.6,Platinum,Chennai,UPI
C1303,O69850,2026-03-25,Sports,Cricket Bat,4,14398,10,51832.8,Platinum,Hyderabad,Net Banking
C1043,O80833,2026-05-09,Sports,Football,3,10194,16,25688.88,Platinum,Pune,Net Banking
C1563,O31538,2026-01-22,Sports,Cricket Bat,4,3210,20,10272.0,Gold,Pune,Wallet
C1154,O83163,2026-06-03,Beauty,Shampoo,5,3816,16,16027.2,Platinum,Hyderabad,Net Banking
C1802,O63124,2026-03-05,Electronics,Laptop,1,63268,8,58206.56,Platinum,Mumbai,Net Banking
C1024,O44243,2026-01-11,Fashion,Jacket,2,4216,23,6492.64,Platinum,Hyderabad,Credit Card
C1580,O96741,2025-11-28,Sports,Dumbbells,2,8676,29,12319.92,Gold,Delhi,Credit Card
C1007,O76333,2025-08-05,Fashion,Jeans,5,5098,28,18352.8,Platinum,Pune,Net Banking
C1620,O52704,2025-09-18,Beauty,Moisturizer,5,1395,18,5719.5,Gold,Pune,Credit Card
C1469,O55083,2025-09-24,Electronics,Headphones,1,55617,11,49499.13,Gold,Delhi,UPI
C1436,O93109,2025-10-25,Sports,Dumbbells,3,1164,26,2584.08,Platinum,Pune,Debit Card
C1686,O30855,2025-09-25,Fashion,T-Shirt,3,7616,0,22848.0,Platinum,Delhi,Wallet
C1202,O89687,2025-06-10,Fashion,T-Shirt,5,8044,2,39415.6,Platinum,Mumbai,Debit Card
C1014,O72837,2025-09-30,Sports,Football,3,7755,30,16285.5,Silver,Mumbai,UPI
C1308,O33493,2026-01-12,Electronics,Headphones,1,35623,7,33129.39,Gold,Hyderabad,UPI
C1666,O59953,2025-06-21,Sports,Yoga Mat,3,10399,1,30885.03,Gold,Bangalore,Wallet
C1422,O60896,2026-05-01,Beauty,Perfume,5,4250,2,20825.0,Platinum,Chennai,UPI
C1405,O84114,2025-11-18,Home Decor,Lamp,5,6493,15,27595.25,Silver,Mumbai,Wallet
C1346,O80251,2026-05-03,Electronics,Laptop,3,20356,20,48854.4,Silver,Hyderabad,UPI
C1803,O35129,2025-11-23,Sports,Football,4,5584,10,20102.4,Silver,Chennai,Net Banking
C1607,O95921,2025-10-29,Beauty,Shampoo,2,974,19,1577.88,Platinum,Chennai,Credit Card
C1230,O27164,2026-01-18,Beauty,Moisturizer,4,6136,6,23071.36,Platinum,Pune,UPI
C1800,O58240,2026-01-24,Sports,Dumbbells,2,2802,29,3978.84,Gold,Mumbai,UPI
C1554,O61234,2026-03-01,Groceries,Eggs,2,3684,4,7073.28,Platinum,Hyderabad,Credit Card
C1954,O72846,2025-10-25,Home Decor,Lamp,1,13492,5,12817.4,Platinum,Hyderabad,Net Banking
C1120,O79792,2025-12-05,Electronics,Laptop,3,35695,8,98518.2,Silver,Delhi,Debit Card
C1492,O79874,2025-08-03,Fashion,Shoes,2,1680,16,2822.4,Silver,Mumbai,Debit Card
C1453,O16436,2026-02-26,Fashion,Jeans,1,7408,21,5852.32,Gold,Pune,Net Banking
C1346,O33728,2025-11-21,Home Decor,Carpet,5,11898,10,53541.0,Gold,Hyderabad,UPI
C1629,O19511,2025-11-07,Groceries,Eggs,4,799,13,2780.52,Gold,Mumbai,UPI
C1910,O18968,2026-05-19,Beauty,Shampoo,2,6787,13,11809.38,Gold,Pune,Debit Card
C1253,O91382,2025-09-13,Groceries,Rice,2,1617,22,2522.52,Silver,Bangalore,Wallet
C1812,O13873,2025-06-20,Fashion,Shoes,4,3814,7,14188.08,Gold,Delhi,Wallet
C1442,O72899,2025-08-08,Sports,Yoga Mat,2,9482,28,13654.08,Platinum,Mumbai,Debit Card
C1487,O91854,2026-04-27,Sports,Football,3,3219,22,7532.46,Gold,Chennai,Net Banking
C1257,O81657,2025-10-25,Electronics,Smart Watch,3,18078,14,46641.24,Silver,Mumbai,Credit Card
C1387,O73594,2025-08-22,Electronics,Smartphone,2,40824,5,77565.6,Platinum,Pune,UPI
C1023,O44959,2026-04-04,Groceries,Eggs,4,1929,19,6249.96,Gold,Bangalore,UPI
C1910,O88133,2025-09-08,Sports,Cricket Bat,5,4005,11,17822.25,Gold,Mumbai,Debit Card
C1697,O58095,2025-10-24,Home Decor,Curtains,1,1197,27,873.81,Silver,Bangalore,Credit Card
C1223,O34959,2025-06-22,Fashion,Jacket,5,7744,24,29427.2,Platinum,Chennai,Wallet
C1575,O29196,2026-01-02,Sports,Cricket Bat,2,13614,17,22599.24,Platinum,Pune,Net Banking
C1978,O46238,2025-12-29,Fashion,Shoes,5,5814,18,23837.4,Gold,Hyderabad,UPI
C1806,O12923,2025-12-26,Beauty,Face Wash,4,3337,1,13214.52,Silver,Delhi,Net Banking
C1661,O40349,2026-01-10,Electronics,Headphones,2,52194,16,87685.92,Platinum,Mumbai,UPI
C1644,O56134,2026-05-15,Sports,Cricket Bat,5,2350,28,8460.0,Gold,Pune,Wallet
C1004,O53805,2025-07-23,Sports,Yoga Mat,2,7064,21,11161.12,Platinum,Pune,Debit Card
C1009,O73579,2026-05-31,Electronics,Smartphone,2,61174,14,105219.28,Platinum,Delhi,Credit Card
C1397,O31899,2025-08-09,Beauty,Perfume,4,2170,13,7551.6,Silver,Mumbai,Wallet
C1767,O69752,2026-01-12,Beauty,Face Wash,5,6886,20,27544.0,Gold,Chennai,Net Banking
C1662,O90487,2025-08-03,Electronics,Laptop,3,21729,9,59320.17,Silver,Mumbai,Net Banking
C1146,O22758,2025-06-19,Home Decor,Wall Art,1,9943,27,7258.39,Silver,Mumbai,Credit Card
C1693,O91822,2026-04-20,Sports,Dumbbells,1,10989,0,10989.0,Gold,Chennai,UPI
C1092,O86327,2026-04-06,Home Decor,Carpet,2,6273,19,10162.26,Silver,Delhi,Wallet
C1149,O17798,2025-12-27,Sports,Yoga Mat,5,2770,15,11772.5,Platinum,Delhi,Wallet
C1594,O29072,2025-10-10,Fashion,Jeans,3,866,19,2104.38,Silver,Bangalore,Net Banking
C1553,O61025,2026-04-28,Home Decor,Curtains,2,4668,30,6535.2,Silver,Mumbai,Net Banking
C1471,O99454,2026-06-05,Electronics,Headphones,4,19956,3,77429.28,Gold,Pune,UPI
C1257,O98879,2026-04-30,Fashion,Jeans,5,1399,29,4966.45,Gold,Hyderabad,UPI
C1860,O53462,2026-02-28,Groceries,Milk,2,492,13,856.08,Platinum,Hyderabad,UPI
C1930,O60102,2026-01-18,Sports,Football,4,3676,30,10292.8,Silver,Delhi,Credit Card
C1735,O14482,2025-11-27,Fashion,Jeans,1,3925,30,2747.5,Gold,Chennai,Net Banking
C1869,O51516,2026-01-16,Home Decor,Wall Art,2,8293,3,16088.42,Silver,Hyderabad,UPI
C1808,O79764,2025-09-23,Groceries,Eggs,4,468,6,1759.68,Platinum,Bangalore,Wallet
C1029,O91212,2025-07-17,Beauty,Face Wash,3,1068,30,2242.8,Gold,Mumbai,Wallet
C1236,O49248,2025-08-05,Sports,Yoga Mat,3,2806,12,7407.84,Platinum,Chennai,Debit Card
C1384,O12862,2025-12-29,Fashion,T-Shirt,4,3027,24,9202.08,Silver,Bangalore,Wallet
C1237,O15819,2025-06-12,Electronics,Smart Watch,2,41643,7,77455.98,Gold,Bangalore,Credit Card
C1487,O13433,2026-03-13,Groceries,Bread,5,2086,10,9387.0,Gold,Mumbai,Wallet
C1399,O12860,2026-04-04,Beauty,Perfume,4,3877,16,13026.72,Gold,Mumbai,Net Banking
C1480,O57125,2025-11-10,Beauty,Shampoo,1,1642,3,1592.74,Platinum,Bangalore,Debit Card
C1714,O68091,2025-08-19,Home Decor,Carpet,3,13828,2,40654.32,Gold,Mumbai,Credit Card
C1549,O40726,2026-01-04,Home Decor,Wall Art,4,10078,7,37490.16,Platinum,Hyderabad,Credit Card
C1290,O28427,2025-09-14,Home Decor,Lamp,4,2568,1,10169.28,Platinum,Mumbai,Debit Card
C1575,O30235,2025-12-01,Home Decor,Wall Art,5,10778,21,42573.1,Platinum,Chennai,Net Banking
C1136,O89418,2025-08-10,Beauty,Perfume,3,7836,9,21392.28,Platinum,Mumbai,Debit Card
C1785,O79734,2025-11-25,Groceries,Milk,2,1017,14,1749.24,Gold,Mumbai,Net Banking
C1299,O92016,2026-05-24,Fashion,Jacket,1,7236,28,5209.92,Platinum,Bangalore,UPI
C1579,O19450,2025-10-09,Sports,Cricket Bat,1,6456,7,6004.08,Platinum,Bangalore,Net Banking
C1730,O26750,2025-10-16,Groceries,Eggs,1,144,21,113.76,Silver,Hyderabad,Wallet
C1731,O74863,2026-01-05,Sports,Cricket Bat,1,11175,3,10839.75,Gold,Hyderabad,Wallet
C1896,O12969,2025-07-10,Groceries,Milk,5,1174,5,5576.5,Gold,Delhi,Wallet
C1891,O61251,2026-03-12,Fashion,Jacket,5,4603,5,21864.25,Silver,Pune,UPI
C1911,O53547,2025-11-05,Home Decor,Wall Art,1,9778,28,7040.16,Platinum,Bangalore,UPI
C1502,O38238,2025-11-11,Electronics,Headphones,3,26517,29,56481.21,Gold,Chennai,Credit Card
C1800,O41835,2026-03-26,Sports,Cricket Bat,5,2166,4,10396.8,Platinum,Pune,Net Banking
C1784,O18131,2025-11-28,Groceries,Milk,1,129,20,103.2,Silver,Hyderabad,Wallet
C1800,O12184,2026-04-24,Electronics,Headphones,1,7889,9,7178.99,Silver,Hyderabad,Debit Card
C1025,O46735,2025-10-26,Electronics,Smartphone,3,10267,22,24024.78,Gold,Mumbai,Net Banking
C1652,O89202,2026-04-05,Groceries,Eggs,4,891,22,2779.92,Gold,Delhi,Debit Card
C1458,O22300,2026-01-26,Home Decor,Wall Art,3,5668,2,16663.92,Silver,Chennai,Net Banking
C1574,O34250,2026-02-13,Fashion,Jeans,4,2556,20,8179.2,Platinum,Mumbai,UPI
C1386,O60167,2025-08-02,Electronics,Smart Watch,5,26698,0,133490.0,Gold,Pune,Credit Card
C1153,O36601,2025-12-04,Beauty,Face Wash,3,3662,28,7909.92,Platinum,Mumbai,Net Banking
C1207,O91645,2026-04-13,Beauty,Face Wash,1,2067,22,1612.26,Silver,Mumbai,Debit Card
C1261,O97854,2025-07-03,Fashion,Jacket,1,5673,24,4311.48,Gold,Hyderabad,Credit Card
C1136,O39540,2025-09-20,Home Decor,Wall Art,1,8272,20,6617.6,Silver,Hyderabad,Net Banking
C1131,O60840,2026-04-24,Sports,Cricket Bat,3,4506,6,12706.92,Platinum,Delhi,Net Banking
C1422,O24342,2026-03-12,Groceries,Eggs,1,1709,8,1572.28,Silver,Hyderabad,Net Banking
C1897,O17423,2025-08-22,Groceries,Rice,3,3358,25,7555.5,Platinum,Bangalore,Net Banking
C1908,O77320,2025-06-08,Electronics,Smart Watch,1,67126,22,52358.28,Platinum,Delhi,Debit Card
C1802,O59615,2026-01-12,Electronics,Headphones,1,94396,7,87788.28,Platinum,Hyderabad,Debit Card
C1540,O11543,2025-09-07,Electronics,Headphones,4,46459,16,156102.24,Silver,Delhi,Wallet
C1386,O70164,2025-10-18,Sports,Yoga Mat,5,8024,23,30892.4,Platinum,Bangalore,Net Banking
C1459,O11244,2025-08-17,Sports,Yoga Mat,4,4898,5,18612.4,Platinum,Bangalore,UPI
C1916,O86134,2026-01-02,Beauty,Face Wash,2,2838,12,4994.88,Silver,Mumbai,Debit Card
C1627,O10312,2025-06-23,Fashion,Shoes,3,2409,1,7154.73,Silver,Mumbai,Net Banking
C1447,O98957,2025-11-26,Home Decor,Curtains,4,16718,0,66872.0,Platinum,Hyderabad,UPI
C1136,O85716,2026-05-21,Home Decor,Carpet,4,13339,0,53356.0,Gold,Bangalore,Net Banking
C1228,O13869,2025-08-13,Groceries,Eggs,3,1930,19,4689.9,Gold,Bangalore,Credit Card
C1461,O82740,2025-06-10,Fashion,T-Shirt,5,9418,17,39084.7,Platinum,Chennai,Net Banking
C1256,O68895,2025-10-23,Electronics,Headphones,3,42014,10,113437.8,Platinum,Chennai,Wallet
C1908,O31918,2026-01-21,Sports,Dumbbells,1,5775,25,4331.25,Gold,Chennai,Credit Card
C1747,O52413,2026-01-28,Beauty,Face Wash,3,495,7,1381.05,Gold,Mumbai,Wallet
C1074,O98199,2025-06-20,Electronics,Headphones,2,24592,27,35904.32,Platinum,Delhi,UPI
C1929,O65038,2026-01-06,Groceries,Milk,3,2320,7,6472.8,Gold,Hyderabad,Net Banking
C1742,O51996,2025-08-15,Fashion,Shoes,4,2922,13,10168.56,Gold,Delhi,Debit Card
C1054,O31978,2025-09-09,Groceries,Rice,2,1472,29,2090.24,Silver,Pune,Credit Card
C1046,O57384,2025-06-12,Sports,Dumbbells,5,3520,10,15840.0,Platinum,Pune,Wallet
C1071,O93002,2026-04-11,Groceries,Bread,4,418,11,1488.08,Platinum,Hyderabad,Credit Card
C1974,O88146,2026-01-11,Electronics,Laptop,1,18754,14,16128.44,Silver,Hyderabad,Debit Card
C1118,O25591,2026-03-11,Beauty,Moisturizer,3,4885,10,13189.5,Silver,Chennai,Net Banking
C1985,O99511,2025-09-05,Home Decor,Curtains,5,4535,10,20407.5,Silver,Hyderabad,Net Banking
C1607,O52918,2026-04-05,Sports,Cricket Bat,5,12538,25,47017.5,Platinum,Hyderabad,UPI
C1487,O56283,2026-01-11,Sports,Dumbbells,4,12868,20,41177.6,Platinum,Hyderabad,Credit Card
C1412,O12698,2025-12-04,Home Decor,Curtains,1,11778,29,8362.38,Platinum,Chennai,Debit Card
C1350,O75787,2026-01-08,Sports,Cricket Bat,4,6914,16,23231.04,Silver,Chennai,UPI
C1595,O91845,2026-03-03,Home Decor,Wall Art,5,11272,0,56360.0,Gold,Bangalore,Net Banking
C1408,O22710,2026-05-12,Groceries,Rice,1,1426,5,1354.7,Silver,Delhi,Credit Card
C1110,O28354,2026-04-09,Home Decor,Curtains,5,11572,28,41659.2,Gold,Chennai,UPI
C1443,O35310,2026-05-11,Groceries,Bread,3,840,24,1915.2,Platinum,Bangalore,Credit Card
C1124,O87561,2025-12-05,Sports,Yoga Mat,5,7032,1,34808.4,Gold,Mumbai,Net Banking
C1150,O53556,2025-07-13,Sports,Yoga Mat,2,7925,1,15691.5,Silver,Pune,Net Banking
C1871,O60644,2025-07-10,Fashion,T-Shirt,3,4283,20,10279.2,Silver,Chennai,Net Banking
C1327,O36277,2026-05-30,Fashion,Jacket,2,2484,22,3875.04,Gold,Hyderabad,Debit Card
C1990,O79091,2025-10-29,Groceries,Eggs,4,466,6,1752.16,Gold,Pune,Wallet
C1193,O83163,2025-08-10,Electronics,Laptop,5,23239,1,115033.05,Gold,Chennai,UPI
C1019,O45811,2025-11-24,Electronics,Smartphone,1,32652,29,23182.92,Gold,Mumbai,Debit Card
C1186,O35568,2025-11-05,Sports,Dumbbells,2,7604,2,14903.84,Platinum,Hyderabad,Credit Card
C1094,O56313,2025-11-02,Sports,Cricket Bat,5,7721,12,33972.4,Silver,Bangalore,Net Banking
C1177,O10558,2026-03-27,Beauty,Shampoo,4,6595,14,22686.8,Gold,Bangalore,UPI
C1349,O32254,2026-01-13,Fashion,Jacket,2,4079,20,6526.4,Silver,Hyderabad,UPI
C1992,O74572,2026-02-28,Groceries,Eggs,5,1210,22,4719.0,Gold,Chennai,Debit Card
C1524,O63135,2025-10-09,Fashion,T-Shirt,1,5133,14,4414.38,Gold,Mumbai,Credit Card
C1730,O58492,2026-02-10,Beauty,Moisturizer,4,4290,13,14929.2,Platinum,Hyderabad,UPI
C1174,O51930,2026-03-26,Fashion,Jeans,5,3675,5,17456.25,Silver,Delhi,UPI
C1872,O55241,2026-02-16,Home Decor,Curtains,4,6212,7,23108.64,Silver,Chennai,Wallet
C1012,O60085,2025-11-07,Electronics,Smart Watch,4,55323,5,210227.4,Gold,Pune,Debit Card
C1685,O92414,2025-07-08,Sports,Cricket Bat,2,2955,11,5259.9,Silver,Chennai,Credit Card
C1267,O66002,2025-07-21,Groceries,Eggs,3,1776,19,4315.68,Platinum,Mumbai,Credit Card
C1027,O67370,2026-03-14,Home Decor,Lamp,5,15832,22,61744.8,Platinum,Bangalore,Net Banking
C1183,O55291,2026-04-01,Electronics,Headphones,3,33125,27,72543.75,Silver,Delhi,Credit Card
C1902,O79073,2025-07-31,Fashion,Jacket,3,3090,19,7508.7,Platinum,Chennai,Wallet
C1183,O25204,2025-06-13,Beauty,Perfume,4,8858,20,28345.6,Platinum,Chennai,Wallet
C1488,O79435,2026-01-14,Sports,Cricket Bat,1,2226,20,1780.8,Gold,Chennai,Net Banking
C1935,O38924,2025-09-19,Sports,Yoga Mat,5,4407,16,18509.4,Gold,Pune,Net Banking
C1135,O82060,2025-09-17,Fashion,T-Shirt,4,7032,27,20533.44,Platinum,Chennai,UPI
C1398,O12453,2026-05-06,Electronics,Laptop,2,72031,18,118130.84,Gold,Hyderabad,Net Banking
C1723,O40220,2026-05-11,Home Decor,Wall Art,4,6428,3,24940.64,Silver,Bangalore,Wallet
C1460,O88432,2026-01-27,Sports,Yoga Mat,1,3757,18,3080.74,Silver,Chennai,Net Banking
C1417,O36900,2026-02-14,Groceries,Bread,3,1075,11,2870.25,Silver,Hyderabad,Debit Card
C1180,O62945,2025-08-01,Groceries,Bread,2,173,25,259.5,Silver,Bangalore,UPI
C1551,O15691,2025-10-02,Groceries,Bread,3,2458,14,6341.64,Gold,Pune,Credit Card
C1849,O31386,2026-05-29,Sports,Football,3,6708,8,18514.08,Silver,Pune,UPI
C1664,O36161,2025-10-16,Beauty,Shampoo,4,645,4,2476.8,Silver,Pune,Wallet
C1925,O99399,2025-11-05,Groceries,Rice,5,2263,0,11315.0,Gold,Bangalore,UPI
C1575,O89850,2025-10-18,Sports,Cricket Bat,5,2014,1,9969.3,Silver,Delhi,Credit Card
C1798,O97108,2025-10-22,Home Decor,Carpet,2,14432,10,25977.6,Platinum,Hyderabad,Net Banking
C1102,O89067,2026-02-12,Home Decor,Carpet,4,12266,1,48573.36,Platinum,Hyderabad,Debit Card
C1261,O26043,2025-06-20,Home Decor,Curtains,2,6264,8,11525.76,Platinum,Bangalore,Debit Card
C1245,O39810,2025-07-13,Electronics,Headphones,5,91668,3,444589.8,Platinum,Chennai,Credit Card
C1997,O89630,2026-01-30,Home Decor,Carpet,5,9400,4,45120.0,Platinum,Bangalore,Wallet
C1815,O25601,2025-07-12,Beauty,Face Wash,3,6622,0,19866.0,Platinum,Bangalore,UPI
C1225,O42202,2025-12-14,Home Decor,Curtains,2,6325,19,10246.5,Gold,Hyderabad,Wallet
C1524,O36035,2025-07-11,Groceries,Rice,2,2877,25,4315.5,Gold,Hyderabad,Credit Card
C1118,O83695,2026-02-17,Electronics,Laptop,5,80690,19,326794.5,Platinum,Chennai,Net Banking
C1165,O66298,2025-09-17,Sports,Dumbbells,3,4326,4,12458.88,Gold,Mumbai,Credit Card
C1263,O62604,2026-04-24,Electronics,Smartphone,4,26626,18,87333.28,Platinum,Hyderabad,Debit Card
C1615,O74637,2025-06-07,Electronics,Laptop,1,48450,28,34884.0,Platinum,Pune,UPI
C1559,O38871,2025-09-28,Fashion,T-Shirt,3,3952,12,10433.28,Gold,Pune,UPI
C1613,O24038,2026-01-29,Sports,Dumbbells,4,7586,30,21240.8,Platinum,Pune,Debit Card
C1386,O34307,2025-07-22,Sports,Football,2,8938,25,13407.0,Platinum,Chennai,Debit Card
C1325,O97566,2025-11-07,Groceries,Milk,5,405,20,1620.0,Gold,Chennai,Credit Card
C1573,O95526,2025-12-03,Beauty,Shampoo,4,1272,1,5037.12,Gold,Mumbai,Net Banking
C1955,O82098,2026-05-01,Electronics,Headphones,5,84068,11,374102.6,Platinum,Hyderabad,Debit Card
C1119,O48345,2025-06-25,Fashion,Jacket,4,1836,13,6389.28,Gold,Pune,Net Banking
C1574,O25362,2025-10-15,Home Decor,Wall Art,4,4896,15,16646.4,Silver,Chennai,Wallet
C1528,O39101,2025-11-09,Groceries,Bread,4,2211,3,8578.68,Gold,Pune,UPI
C1787,O40167,2026-04-10,Sports,Yoga Mat,4,9426,0,37704.0,Gold,Mumbai,Wallet
C1949,O37962,2025-09-07,Home Decor,Curtains,2,3080,9,5605.6,Platinum,Delhi,Credit Card
C1953,O85648,2026-02-27,Fashion,T-Shirt,4,8448,26,25006.08,Platinum,Hyderabad,Net Banking
C1603,O57476,2026-02-26,Fashion,Jeans,5,2167,17,8993.05,Gold,Delhi,Debit Card
C1245,O84787,2025-07-11,Fashion,Shoes,4,3816,16,12821.76,Platinum,Pune,Debit Card
C1020,O69445,2026-03-17,Beauty,Shampoo,1,2442,11,2173.38,Platinum,Pune,Debit Card
C1046,O10175,2025-06-08,Sports,Cricket Bat,4,8458,17,28080.56,Platinum,Hyderabad,Credit Card
C1292,O76173,2026-04-18,Groceries,Eggs,4,1671,13,5815.08,Silver,Pune,Wallet
C1776,O32094,2025-06-13,Groceries,Rice,3,3490,16,8794.8,Platinum,Mumbai,Wallet
C1557,O74840,2025-06-23,Electronics,Smartphone,3,21914,18,53908.44,Platinum,Hyderabad,UPI
C1540,O79973,2026-01-20,Groceries,Eggs,1,1414,16,1187.76,Platinum,Delhi,Net Banking
C1850,O52302,2025-10-30,Electronics,Smartphone,3,25894,17,64476.06,Silver,Hyderabad,Debit Card
C1437,O27702,2026-04-22,Electronics,Laptop,2,40896,28,58890.24,Platinum,Chennai,Wallet
C1037,O75916,2025-06-16,Beauty,Shampoo,1,5973,24,4539.48,Gold,Hyderabad,Wallet
C1343,O49024,2025-10-14,Sports,Football,5,1882,14,8092.6,Platinum,Mumbai,Net Banking
C1088,O32417,2026-01-07,Fashion,Jeans,4,5820,10,20952.0,Platinum,Chennai,UPI
C1119,O94989,2025-09-26,Beauty,Moisturizer,1,5046,3,4894.62,Platinum,Hyderabad,Net Banking
C1590,O35177,2026-05-26,Electronics,Smartphone,1,11795,29,8374.45,Silver,Hyderabad,UPI
C1950,O37646,2026-03-21,Groceries,Bread,4,2712,13,9437.76,Platinum,Pune,Wallet
C1105,O73173,2025-10-12,Groceries,Milk,4,1942,11,6913.52,Gold,Hyderabad,UPI
C1350,O26309,2025-07-17,Sports,Cricket Bat,3,5327,6,15022.14,Silver,Chennai,Credit Card
C1670,O71991,2026-02-11,Electronics,Smart Watch,2,26445,29,37551.9,Gold,Chennai,UPI
C1837,O53048,2026-05-26,Home Decor,Wall Art,5,7092,7,32977.8,Gold,Pune,Net Banking
C1238,O50760,2025-11-05,Beauty,Perfume,4,2190,23,6745.2,Platinum,Chennai,Credit Card
C1655,O12860,2025-09-26,Groceries,Bread,5,2846,9,12949.3,Platinum,Bangalore,Debit Card
C1730,O53064,2025-09-14,Home Decor,Wall Art,3,6007,6,16939.74,Silver,Hyderabad,Wallet
C1185,O17945,2025-07-01,Groceries,Rice,5,219,25,821.25,Gold,Delhi,UPI
C1835,O73038,2025-07-26,Home Decor,Lamp,5,13198,0,65990.0,Gold,Chennai,Net Banking
C1620,O53183,2025-09-24,Beauty,Shampoo,4,442,4,1697.28,Platinum,Bangalore,Wallet
C1348,O98448,2025-06-09,Beauty,Perfume,4,2121,21,6702.36,Gold,Delhi,Net Banking
C1947,O90430,2026-02-17,Sports,Dumbbells,2,917,30,1283.8,Silver,Pune,Net Banking
C1391,O39279,2026-05-29,Home Decor,Curtains,5,10474,13,45561.9,Platinum,Hyderabad,Debit Card
C1177,O38556,2026-01-02,Beauty,Face Wash,5,6745,17,27991.75,Gold,Delhi,Debit Card
C1009,O67063,2025-12-04,Groceries,Rice,5,329,30,1151.5,Silver,Bangalore,Wallet
C1065,O40156,2025-11-05,Home Decor,Lamp,4,1951,19,6321.24,Gold,Bangalore,UPI
C1848,O12678,2025-12-16,Electronics,Laptop,2,36612,8,67366.08,Platinum,Chennai,Net Banking
C1688,O10766,2025-11-16,Fashion,Jeans,2,4370,15,7429.0,Silver,Mumbai,Credit Card
C1908,O38044,2026-02-11,Fashion,Jeans,3,1887,28,4075.92,Silver,Chennai,UPI
C1868,O37444,2025-07-25,Fashion,Jacket,1,6901,17,5727.83,Gold,Bangalore,Wallet
C1568,O89869,2026-03-20,Home Decor,Lamp,5,6474,20,25896.0,Silver,Bangalore,Debit Card
C1837,O75194,2026-04-16,Fashion,T-Shirt,5,4894,29,17373.7,Gold,Pune,Credit Card
C1700,O37780,2025-06-12,Home Decor,Wall Art,4,6581,8,24218.08,Silver,Pune,Wallet
C1526,O48871,2026-02-25,Home Decor,Curtains,3,13996,23,32330.76,Platinum,Pune,UPI
C1142,O59766,2025-08-17,Sports,Cricket Bat,3,2800,3,8148.0,Gold,Hyderabad,Net Banking
C1836,O70039,2026-05-20,Groceries,Milk,5,2244,28,8078.4,Gold,Hyderabad,Net Banking
C1720,O20187,2025-11-25,Groceries,Bread,5,686,13,2984.1,Platinum,Hyderabad,Net Banking
C1911,O76974,2025-06-17,Electronics,Headphones,4,35724,26,105743.04,Platinum,Hyderabad,Net Banking
C1281,O56484,2025-12-05,Electronics,Laptop,4,24502,16,82326.72,Silver,Hyderabad,UPI
C1109,O24162,2025-10-16,Fashion,Jacket,3,9990,12,26373.6,Platinum,Delhi,Credit Card
C1328,O43142,2025-07-24,Beauty,Perfume,5,3458,0,17290.0,Platinum,Hyderabad,Debit Card
C1308,O13059,2025-06-25,Groceries,Rice,1,986,6,926.84,Silver,Chennai,Wallet
C1416,O49579,2026-01-31,Sports,Dumbbells,1,7705,5,7319.75,Silver,Hyderabad,Debit Card
C1992,O16170,2025-07-04,Fashion,Jeans,3,7468,25,16803.0,Gold,Pune,Wallet
C1724,O10826,2026-04-16,Home Decor,Lamp,2,13418,24,20395.36,Platinum,Pune,Wallet
C1778,O41443,2025-06-18,Home Decor,Carpet,4,8021,1,31763.16,Silver,Pune,Net Banking
C1028,O89864,2025-08-25,Groceries,Rice,1,2000,4,1920.0,Silver,Chennai,UPI
C1537,O33372,2026-01-22,Sports,Dumbbells,1,10298,4,9886.08,Platinum,Hyderabad,Debit Card
C1109,O79598,2025-06-28,Beauty,Shampoo,3,5158,2,15164.52,Platinum,Hyderabad,Wallet
C1108,O71012,2026-05-13,Electronics,Smart Watch,3,56576,1,168030.72,Platinum,Hyderabad,UPI
C1347,O96218,2026-01-14,Beauty,Moisturizer,3,4016,20,9638.4,Silver,Pune,Credit Card
C1945,O82690,2026-01-16,Home Decor,Wall Art,5,5380,1,26631.0,Platinum,Mumbai,Debit Card
C1104,O25532,2025-11-04,Sports,Cricket Bat,5,3494,10,15723.0,Platinum,Bangalore,Credit Card
C1839,O45833,2025-07-21,Sports,Cricket Bat,3,3234,11,8634.78,Gold,Pune,Net Banking
C1617,O14817,2025-11-13,Beauty,Face Wash,4,6237,13,21704.76,Gold,Bangalore,Debit Card
C1053,O16336,2025-11-29,Beauty,Moisturizer,3,2026,7,5652.54,Silver,Delhi,UPI
C1298,O84648,2025-11-03,Fashion,Jacket,4,1361,6,5117.36,Silver,Pune,Net Banking
C1494,O75043,2025-08-30,Beauty,Moisturizer,1,5996,12,5276.48,Platinum,Hyderabad,UPI
C1275,O12282,2025-07-26,Beauty,Perfume,3,6787,4,19546.56,Gold,Mumbai,Credit Card
C1557,O55014,2025-10-08,Electronics,Smartphone,2,49285,26,72941.8,Silver,Delhi,Wallet
C1267,O64368,2025-11-29,Groceries,Milk,1,2118,20,1694.4,Gold,Pune,UPI
C1487,O64141,2026-02-01,Sports,Yoga Mat,4,6021,4,23120.64,Silver,Mumbai,Net Banking
C1789,O50622,2026-05-10,Fashion,Jeans,4,1142,29,3243.28,Silver,Mumbai,Wallet
C1306,O24019,2025-09-29,Electronics,Smartphone,2,64240,3,124625.6,Gold,Pune,Credit Card
C1217,O19414,2026-02-05,Sports,Yoga Mat,1,10332,5,9815.4,Gold,Bangalore,Debit Card
C1784,O43260,2025-10-26,Groceries,Eggs,2,226,6,424.88,Gold,Chennai,UPI
C1051,O63178,2026-06-04,Sports,Football,4,5725,7,21297.0,Gold,Chennai,Debit Card
C1899,O89278,2025-08-29,Fashion,Jacket,3,7189,23,16606.59,Gold,Delhi,Wallet
C1646,O64442,2025-09-29,Groceries,Rice,2,2156,27,3147.76,Platinum,Chennai,Net Banking
C1056,O67534,2026-04-11,Groceries,Milk,3,3064,4,8824.32,Platinum,Delhi,UPI
C1227,O76078,2026-03-18,Sports,Yoga Mat,2,5302,2,10391.92,Platinum,Bangalore,Net Banking
C1285,O25434,2025-08-29,Electronics,Laptop,5,18940,2,92806.0,Silver,Chennai,Wallet
C1547,O30938,2025-11-17,Electronics,Headphones,1,67438,15,57322.3,Gold,Hyderabad,UPI
C1909,O47735,2026-03-30,Sports,Football,4,1486,0,5944.0,Platinum,Bangalore,Wallet
C1817,O57333,2025-09-04,Electronics,Headphones,5,67663,29,240203.65,Gold,Pune,UPI
C1099,O72335,2025-11-22,Beauty,Moisturizer,5,2052,26,7592.4,Gold,Pune,Credit Card
C1681,O91175,2026-01-09,Fashion,Shoes,2,1286,10,2314.8,Silver,Hyderabad,Debit Card
C1450,O67828,2025-09-15,Sports,Football,3,955,1,2836.35,Silver,Pune,UPI
C2000,O16978,2025-12-24,Sports,Cricket Bat,2,6745,22,10522.2,Silver,Bangalore,Credit Card
C1345,O47307,2025-12-24,Home Decor,Carpet,4,13728,11,48871.68,Platinum,Mumbai,Wallet
C1007,O93264,2026-01-18,Electronics,Laptop,4,55632,0,222528.0,Gold,Chennai,Debit Card
C1916,O32835,2025-11-08,Fashion,Shoes,1,1777,17,1474.91,Gold,Chennai,Credit Card
C1808,O85849,2026-05-09,Sports,Yoga Mat,1,10305,22,8037.9,Gold,Chennai,Credit Card
C1147,O10830,2026-03-20,Electronics,Laptop,1,45352,3,43991.44,Silver,Hyderabad,Wallet
C1121,O61371,2025-09-22,Home Decor,Curtains,5,14882,20,59528.0,Platinum,Pune,Debit Card
C1466,O50207,2026-04-14,Sports,Dumbbells,3,9264,30,19454.4,Platinum,Delhi,UPI
C1474,O60097,2025-08-09,Beauty,Shampoo,4,3411,15,11597.4,Gold,Chennai,Debit Card
C1169,O29534,2025-12-12,Fashion,T-Shirt,2,1723,29,2446.66,Gold,Delhi,Net Banking
C1512,O36465,2025-06-29,Beauty,Face Wash,2,2282,10,4107.6,Silver,Bangalore,Debit Card
C1258,O63502,2026-01-06,Fashion,Shoes,2,1915,13,3332.1,Silver,Delhi,Wallet
C1103,O80106,2026-04-24,Sports,Cricket Bat,1,3076,25,2307.0,Platinum,Chennai,Net Banking
C1425,O70268,2025-11-18,Groceries,Milk,3,2256,11,6023.52,Platinum,Hyderabad,Debit Card
C1518,O93714,2026-01-01,Sports,Dumbbells,2,1968,9,3581.76,Gold,Bangalore,Debit Card
C1894,O93056,2025-06-17,Beauty,Shampoo,5,2478,23,9540.3,Platinum,Bangalore,UPI
C1342,O52608,2025-06-15,Fashion,Jacket,3,4129,2,12139.26,Gold,Hyderabad,UPI
C1761,O38308,2025-07-09,Beauty,Shampoo,5,1336,27,4876.4,Silver,Hyderabad,Debit Card
C1492,O12994,2025-11-09,Electronics,Headphones,4,34860,24,105974.4,Gold,Chennai,UPI
C1847,O22346,2025-07-19,Sports,Dumbbells,3,5096,9,13912.08,Silver,Hyderabad,Debit Card
C1197,O46631,2025-07-01,Beauty,Shampoo,5,2106,4,10108.8,Silver,Pune,Credit Card
C1335,O77505,2025-12-04,Electronics,Smartphone,5,12140,9,55237.0,Platinum,Bangalore,Debit Card
C1174,O86388,2026-04-08,Electronics,Headphones,4,45416,30,127164.8,Platinum,Mumbai,Credit Card
C1289,O40531,2025-11-02,Home Decor,Carpet,5,13000,4,62400.0,Platinum,Hyderabad,Wallet
C1976,O73685,2026-04-07,Fashion,Shoes,1,9430,1,9335.7,Platinum,Mumbai,Wallet
C1450,O96119,2026-01-21,Beauty,Face Wash,3,2473,6,6973.86,Gold,Mumbai,Credit Card
C1698,O22130,2026-02-04,Fashion,T-Shirt,3,4048,4,11658.24,Gold,Mumbai,Wallet
C1433,O31312,2025-11-02,Home Decor,Wall Art,1,9976,16,8379.84,Gold,Hyderabad,Debit Card
C1656,O25374,2025-07-16,Electronics,Smart Watch,5,41884,8,192666.4,Gold,Delhi,Debit Card
C1011,O76026,2026-03-03,Sports,Cricket Bat,5,7681,0,38405.0,Silver,Chennai,Credit Card
C1606,O17998,2025-10-26,Beauty,Perfume,5,3615,30,12652.5,Gold,Hyderabad,UPI
C1897,O26508,2026-03-01,Beauty,Shampoo,4,4962,4,19054.08,Platinum,Pune,Credit Card
C1902,O36570,2025-09-10,Home Decor,Lamp,1,8570,30,5999.0,Silver,Hyderabad,UPI
C1661,O41418,2026-02-16,Sports,Cricket Bat,2,6842,8,12589.28,Platinum,Bangalore,UPI
C1162,O56417,2026-03-10,Beauty,Shampoo,1,6828,2,6691.44,Gold,Delhi,Credit Card
C1568,O46781,2025-09-23,Electronics,Laptop,3,9757,24,22245.96,Silver,Mumbai,Debit Card
C1750,O88110,2026-03-15,Groceries,Milk,2,1650,7,3069.0,Platinum,Mumbai,Wallet
C1424,O57477,2025-08-27,Electronics,Headphones,2,74698,21,118022.84,Platinum,Chennai,Debit Card
C1155,O49130,2026-02-22,Beauty,Face Wash,5,3046,20,12184.0,Silver,Bangalore,Net Banking
C1300,O34854,2026-03-07,Home Decor,Carpet,3,6276,28,13556.16,Gold,Bangalore,Wallet
C1199,O77552,2025-07-16,Beauty,Face Wash,3,4255,7,11871.45,Gold,Pune,UPI
C1769,O47105,2026-01-06,Sports,Cricket Bat,2,4295,11,7645.1,Silver,Pune,Credit Card
C1361,O85028,2026-02-24,Sports,Cricket Bat,5,2534,17,10516.1,Platinum,Hyderabad,Debit Card
C1009,O91863,2025-11-29,Electronics,Smartphone,5,32289,1,159830.55,Silver,Delhi,UPI
C1838,O35222,2026-01-10,Sports,Football,1,2906,9,2644.46,Platinum,Bangalore,Net Banking
C1018,O90019,2025-09-08,Groceries,Bread,5,1165,6,5475.5,Silver,Delhi,Wallet
C1055,O25228,2026-04-11,Fashion,T-Shirt,5,3315,0,16575.0,Gold,Pune,Wallet
C1229,O63971,2026-04-01,Electronics,Smart Watch,2,55341,12,97400.16,Gold,Pune,UPI
C1294,O50888,2026-01-19,Groceries,Eggs,2,474,13,824.76,Gold,Mumbai,Wallet
C1283,O84939,2025-07-11,Home Decor,Curtains,4,19836,0,79344.0,Platinum,Mumbai,Net Banking
C1536,O63033,2026-05-14,Sports,Dumbbells,2,4464,27,6517.44,Silver,Delhi,Credit Card
C1998,O53251,2025-06-15,Fashion,Jacket,3,1839,4,5296.32,Gold,Bangalore,Credit Card
C1177,O30439,2026-03-14,Fashion,Jeans,1,3064,29,2175.44,Platinum,Bangalore,Wallet
C1398,O71333,2025-09-12,Groceries,Eggs,5,1917,12,8434.8,Silver,Hyderabad,Wallet
C1891,O16567,2025-09-29,Electronics,Smartphone,4,88990,22,277648.8,Platinum,Chennai,Debit Card
C1881,O98389,2025-06-29,Fashion,Shoes,2,2388,1,4728.24,Gold,Bangalore,UPI
C1391,O41339,2026-04-15,Electronics,Smartphone,5,51524,20,206096.0,Platinum,Bangalore,Wallet
C1362,O81653,2026-02-21,Sports,Football,2,11607,6,21821.16,Gold,Chennai,Debit Card
C1357,O75543,2025-10-19,Electronics,Smartphone,3,73582,17,183219.18,Gold,Mumbai,Credit Card
C1902,O77072,2025-07-19,Fashion,T-Shirt,5,4752,0,23760.0,Silver,Delhi,Net Banking
C1181,O22319,2025-07-08,Groceries,Bread,5,987,28,3553.2,Gold,Bangalore,Wallet
C1221,O29879,2026-03-03,Electronics,Smart Watch,3,72382,29,154173.66,Gold,Bangalore,Debit Card
C1200,O51944,2026-01-02,Sports,Football,4,7059,14,24282.96,Gold,Delhi,Net Banking
C1583,O27894,2025-10-06,Fashion,Jacket,1,4060,20,3248.0,Silver,Mumbai,Debit Card
C1306,O54374,2025-11-27,Beauty,Shampoo,3,4755,1,14122.35,Gold,Bangalore,Net Banking
C1347,O78174,2025-08-04,Fashion,Jeans,4,802,7,2983.44,Gold,Mumbai,Net Banking
C1654,O84658,2025-10-14,Groceries,Rice,2,2254,6,4237.52,Gold,Hyderabad,Net Banking
C1488,O21407,2026-05-15,Fashion,T-Shirt,3,2102,18,5170.92,Silver,Hyderabad,Wallet
C1765,O23395,2026-03-24,Fashion,Shoes,2,3952,13,6876.48,Silver,Chennai,Debit Card
C1318,O33236,2025-08-14,Beauty,Shampoo,1,5784,7,5379.12,Gold,Delhi,Net Banking
C1604,O50209,2025-07-21,Groceries,Milk,3,614,30,1289.4,Silver,Bangalore,Debit Card
C1924,O10936,2026-01-23,Beauty,Moisturizer,3,7245,17,18040.05,Gold,Bangalore,Net Banking
C1374,O81132,2026-04-01,Groceries,Eggs,5,3054,0,15270.0,Platinum,Delhi,Debit Card
C1126,O60090,2025-07-06,Sports,Cricket Bat,4,6183,19,20032.92,Gold,Chennai,Debit Card
C1331,O37740,2025-12-20,Sports,Football,5,5894,0,29470.0,Silver,Chennai,Debit Card
C1993,O27884,2025-08-06,Beauty,Face Wash,1,4180,1,4138.2,Platinum,Hyderabad,Credit Card
C1054,O69543,2026-03-16,Beauty,Shampoo,5,4937,25,18513.75,Silver,Hyderabad,Net Banking
C1037,O98135,2026-05-14,Beauty,Perfume,4,3664,17,12164.48,Platinum,Mumbai,Debit Card
C1471,O51853,2025-10-08,Electronics,Smart Watch,1,78000,1,77220.0,Platinum,Pune,UPI
C1782,O21847,2026-02-02,Fashion,Jacket,3,1639,11,4376.13,Silver,Bangalore,Net Banking
C1139,O38327,2025-09-10,Sports,Dumbbells,3,5593,8,15436.68,Gold,Pune,Wallet
C1576,O13718,2025-11-02,Beauty,Perfume,4,4524,14,15562.56,Silver,Mumbai,Net Banking
C1240,O79557,2025-08-29,Electronics,Laptop,2,15232,24,23152.64,Platinum,Mumbai,Net Banking
C1676,O86510,2026-01-13,Electronics,Laptop,1,65928,27,48127.44,Platinum,Mumbai,Net Banking
C1304,O72850,2025-07-13,Home Decor,Lamp,3,7225,9,19724.25,Gold,Mumbai,Net Banking
C1916,O76209,2025-12-15,Groceries,Rice,5,1005,28,3618.0,Silver,Bangalore,UPI
C1577,O33577,2025-07-31,Fashion,Jacket,5,6944,18,28470.4,Platinum,Chennai,Wallet
C1489,O32273,2026-01-16,Beauty,Moisturizer,4,1798,4,6904.32,Silver,Chennai,Credit Card
C1471,O98047,2026-04-21,Fashion,Jeans,1,2066,14,1776.76,Platinum,Chennai,Wallet
C1120,O55377,2026-03-03,Fashion,Jacket,1,3547,20,2837.6,Silver,Bangalore,Wallet
C1908,O78593,2025-08-11,Groceries,Eggs,2,3514,4,6746.88,Platinum,Chennai,Debit Card
C1341,O19483,2025-06-22,Beauty,Face Wash,5,1140,27,4161.0,Silver,Bangalore,Credit Card
C1693,O93823,2026-05-17,Groceries,Rice,5,1545,30,5407.5,Silver,Pune,Wallet
C1767,O41896,2026-05-15,Electronics,Smartphone,3,26035,11,69513.45,Gold,Mumbai,Debit Card
C1894,O27126,2025-10-21,Fashion,Jeans,3,503,18,1237.38,Silver,Delhi,UPI
C1531,O86995,2026-02-21,Sports,Dumbbells,3,5251,22,12287.34,Silver,Mumbai,Net Banking
C1308,O41342,2026-01-17,Fashion,Jacket,2,4186,24,6362.72,Platinum,Chennai,Debit Card
C1300,O80683,2025-07-17,Fashion,T-Shirt,1,9198,24,6990.48,Platinum,Bangalore,Net Banking
C1299,O19921,2026-02-19,Home Decor,Carpet,4,17706,4,67991.04,Platinum,Hyderabad,Wallet
C1838,O78399,2025-12-13,Beauty,Moisturizer,4,4864,15,16537.6,Platinum,Chennai,Credit Card
C1542,O96795,2026-03-15,Fashion,Shoes,4,5004,4,19215.36,Platinum,Chennai,Net Banking
C1387,O96806,2025-09-28,Groceries,Milk,4,1035,13,3601.8,Silver,Pune,Net Banking
C1926,O27535,2026-02-11,Electronics,Laptop,3,76822,14,198200.76,Platinum,Pune,Wallet
C1003,O14749,2025-12-23,Beauty,Face Wash,5,5539,9,25202.45,Gold,Pune,Debit Card
C1637,O70474,2026-05-06,Groceries,Milk,1,399,22,311.22,Gold,Bangalore,Credit Card
C1543,O35684,2026-04-17,Fashion,Jeans,3,2079,20,4989.6,Silver,Bangalore,Credit Card
C1723,O97421,2026-05-05,Home Decor,Curtains,2,19364,13,33693.36,Platinum,Delhi,Debit Card
C1446,O16202,2026-04-18,Home Decor,Curtains,5,8943,25,33536.25,Silver,Delhi,UPI
C1322,O91384,2025-09-01,Groceries,Bread,3,1351,8,3728.76,Silver,Bangalore,Wallet
C1320,O73904,2026-05-28,Electronics,Smartphone,3,29458,3,85722.78,Gold,Bangalore,Wallet
C1812,O70038,2025-12-17,Home Decor,Lamp,5,8745,29,31044.75,Gold,Bangalore,UPI
C1718,O58226,2026-01-26,Electronics,Headphones,2,30963,27,45205.98,Gold,Delhi,Wallet
C1319,O60223,2025-09-29,Beauty,Moisturizer,1,8670,21,6849.3,Platinum,Bangalore,Debit Card
C1008,O90918,2025-07-24,Fashion,Shoes,1,2306,9,2098.46,Platinum,Delhi,Net Banking
C1152,O34802,2026-01-19,Home Decor,Wall Art,2,8580,5,16302.0,Silver,Delhi,UPI
C1318,O75059,2025-08-28,Home Decor,Curtains,3,6134,28,13249.44,Silver,Chennai,Debit Card
C1727,O75509,2025-06-15,Beauty,Perfume,2,5872,11,10452.16,Platinum,Bangalore,Credit Card
C1034,O21483,2025-08-23,Sports,Yoga Mat,1,6334,30,4433.8,Gold,Chennai,Wallet
C1646,O48431,2026-03-28,Fashion,T-Shirt,3,1396,20,3350.4,Gold,Chennai,Net Banking
C1453,O59895,2025-06-12,Electronics,Smart Watch,4,40216,15,136734.4,Silver,Chennai,Net Banking
C1584,O85420,2026-04-02,Electronics,Headphones,5,46766,21,184725.7,Silver,Pune,Debit Card
C1189,O27800,2025-11-06,Beauty,Shampoo,3,1707,17,4250.43,Gold,Hyderabad,Net Banking
C1366,O61639,2025-06-17,Home Decor,Wall Art,3,12478,15,31818.9,Gold,Pune,UPI
C1359,O50916,2026-04-07,Fashion,T-Shirt,2,1418,30,1985.2,Platinum,Mumbai,Debit Card
C1104,O26274,2025-09-30,Groceries,Bread,1,2526,29,1793.46,Gold,Pune,Wallet
C1951,O21327,2025-08-12,Electronics,Laptop,4,68115,16,228866.4,Gold,Chennai,UPI
C1043,O59153,2026-04-27,Home Decor,Lamp,4,14617,15,49697.8,Gold,Bangalore,Wallet
C1464,O65993,2026-03-09,Sports,Football,1,1135,8,1044.2,Silver,Hyderabad,Net Banking
C1289,O92241,2025-06-30,Sports,Football,5,4245,1,21012.75,Silver,Delhi,UPI
C1279,O99301,2026-05-31,Beauty,Shampoo,5,1100,29,3905.0,Platinum,Delhi,Net Banking
C1946,O69583,2025-07-05,Sports,Dumbbells,4,7861,30,22010.8,Gold,Pune,Debit Card
C1945,O81641,2025-06-24,Beauty,Perfume,5,2235,21,8828.25,Silver,Hyderabad,Net Banking
C1683,O20695,2026-05-21,Groceries,Rice,1,1828,30,1279.6,Platinum,Hyderabad,UPI
C1750,O83449,2025-12-07,Fashion,Shoes,5,1570,16,6594.0,Gold,Hyderabad,Net Banking
C1463,O53758,2026-02-05,Fashion,Jeans,5,3510,10,15795.0,Platinum,Delhi,UPI
C1565,O22822,2025-07-29,Beauty,Perfume,3,1850,2,5439.0,Silver,Bangalore,Net Banking
C1429,O99291,2026-05-12,Groceries,Milk,2,525,28,756.0,Silver,Chennai,Wallet
C1463,O26924,2026-02-26,Home Decor,Carpet,1,16640,1,16473.6,Platinum,Hyderabad,Wallet
C1994,O33148,2026-01-10,Home Decor,Wall Art,1,8263,15,7023.55,Silver,Mumbai,Debit Card
C1662,O22401,2026-02-10,Sports,Dumbbells,3,14072,12,37150.08,Platinum,Pune,Credit Card
C1454,O48156,2025-07-31,Sports,Football,4,4128,30,11558.4,Silver,Delhi,Wallet
C1593,O38084,2025-09-16,Sports,Football,5,7674,8,35300.4,Platinum,Hyderabad,Credit Card
C1622,O60486,2025-11-07,Beauty,Face Wash,2,2957,11,5263.46,Silver,Bangalore,UPI
C1354,O19956,2025-08-15,Groceries,Bread,3,3426,8,9455.76,Platinum,Chennai,Net Banking
C1794,O63478,2025-10-20,Electronics,Headphones,2,15198,13,26444.52,Gold,Hyderabad,Net Banking
C1532,O64235,2026-05-24,Sports,Football,1,1524,0,1524.0,Gold,Mumbai,Credit Card
C1825,O62528,2025-11-03,Sports,Cricket Bat,5,11020,24,41876.0,Gold,Pune,Net Banking
C1342,O51210,2025-10-26,Beauty,Moisturizer,4,3150,9,11466.0,Gold,Bangalore,Wallet
C1917,O21934,2025-08-03,Beauty,Shampoo,4,3834,22,11962.08,Silver,Hyderabad,Wallet
C1360,O84366,2025-11-23,Home Decor,Carpet,4,4776,19,15474.24,Gold,Bangalore,Credit Card
C1607,O85313,2026-01-27,Sports,Cricket Bat,3,9596,5,27348.6,Platinum,Chennai,Wallet
C1727,O14056,2025-08-08,Groceries,Rice,5,1699,8,7815.4,Silver,Pune,Wallet
C1731,O93101,2025-06-19,Groceries,Rice,4,1014,26,3001.44,Silver,Pune,Credit Card
C1714,O98581,2026-04-24,Home Decor,Curtains,5,1820,26,6734.0,Silver,Mumbai,Wallet
C1935,O22103,2026-04-22,Home Decor,Carpet,4,8814,16,29615.04,Silver,Mumbai,UPI
C1918,O25449,2025-11-06,Beauty,Perfume,1,9296,22,7250.88,Platinum,Delhi,Net Banking
C1740,O60219,2026-02-24,Groceries,Eggs,3,557,9,1520.61,Silver,Hyderabad,Net Banking
C1709,O42057,2025-10-10,Electronics,Smart Watch,5,90748,14,390216.4,Platinum,Chennai,Debit Card
C1684,O48839,2026-01-23,Sports,Football,1,5460,20,4368.0,Silver,Chennai,Net Banking
C1349,O40574,2025-12-30,Home Decor,Wall Art,4,13226,28,38090.88,Platinum,Delhi,UPI
C1694,O44000,2026-01-24,Beauty,Perfume,1,8522,3,8266.34,Platinum,Hyderabad,Net Banking
C1766,O45214,2025-12-12,Electronics,Laptop,4,11836,18,38822.08,Platinum,Pune,UPI
C1218,O40886,2026-03-04,Groceries,Bread,4,1859,26,5502.64,Silver,Hyderabad,Credit Card
C1691,O30497,2025-11-02,Sports,Yoga Mat,5,12866,23,49534.1,Platinum,Mumbai,Wallet
C1934,O49894,2025-08-28,Groceries,Rice,1,810,5,769.5,Silver,Chennai,Debit Card
C1436,O78980,2026-05-12,Sports,Dumbbells,3,5311,8,14658.36,Gold,Bangalore,Credit Card
C1386,O59876,2026-04-03,Fashion,Jacket,5,1758,10,7911.0,Silver,Hyderabad,Credit Card
C1667,O96562,2025-09-27,Home Decor,Carpet,5,14035,23,54034.75,Gold,Hyderabad,Debit Card
C1062,O87700,2026-01-04,Home Decor,Wall Art,1,9593,22,7482.54,Silver,Bangalore,Credit Card
C1884,O18087,2025-10-20,Home Decor,Lamp,3,6588,6,18578.16,Platinum,Chennai,UPI
C1186,O59118,2025-10-22,Beauty,Face Wash,5,3456,14,14860.8,Silver,Delhi,UPI
C1717,O85174,2025-07-14,Groceries,Bread,4,1256,15,4270.4,Platinum,Delhi,Net Banking
C1761,O93277,2026-05-20,Home Decor,Wall Art,3,7177,19,17440.11,Gold,Chennai,Net Banking
C1738,O68939,2025-08-08,Home Decor,Carpet,4,7912,16,26584.32,Gold,Delhi,Wallet
C1375,O90303,2025-06-28,Home Decor,Wall Art,3,9254,16,23320.08,Platinum,Mumbai,Debit Card
C1502,O40890,2026-03-01,Electronics,Smartphone,1,70411,0,70411.0,Gold,Hyderabad,Net Banking
C1873,O57272,2026-05-10,Groceries,Rice,5,1944,17,8067.6,Gold,Pune,Debit Card
C1273,O12440,2025-07-24,Fashion,Jeans,1,3756,24,2854.56,Gold,Bangalore,Wallet
C1152,O81070,2025-08-03,Beauty,Moisturizer,5,2787,14,11984.1,Silver,Bangalore,Debit Card
C1117,O53854,2025-08-29,Home Decor,Lamp,5,13974,28,50306.4,Platinum,Hyderabad,Net Banking
C1604,O59227,2026-02-15,Groceries,Bread,3,1285,30,2698.5,Silver,Hyderabad,Credit Card
C1234,O32179,2025-10-03,Groceries,Milk,2,2550,6,4794.0,Platinum,Chennai,Wallet
C1308,O42686,2025-08-08,Groceries,Eggs,2,312,27,455.52,Silver,Delhi,Net Banking
C1522,O41581,2025-12-07,Beauty,Shampoo,4,9356,4,35927.04,Platinum,Delhi,UPI
C1718,O66609,2026-05-27,Sports,Cricket Bat,1,7800,16,6552.0,Gold,Bangalore,Net Banking
C1259,O68794,2025-08-14,Home Decor,Lamp,5,7575,22,29542.5,Gold,Mumbai,UPI
C1352,O52775,2026-03-23,Beauty,Shampoo,2,5406,28,7784.64,Platinum,Pune,Net Banking
C1655,O39457,2026-01-04,Sports,Dumbbells,4,2401,22,7491.12,Silver,Pune,Wallet
C1417,O64481,2025-08-28,Beauty,Shampoo,2,6916,0,13832.0,Platinum,Chennai,Debit Card
C1957,O29132,2025-08-30,Electronics,Smart Watch,3,79596,20,191030.4,Platinum,Bangalore,UPI
C1079,O91239,2026-01-11,Beauty,Perfume,4,1852,22,5778.24,Silver,Chennai,UPI
C1669,O60600,2026-02-11,Beauty,Perfume,5,3862,8,17765.2,Silver,Hyderabad,Debit Card
C1445,O15502,2026-06-04,Electronics,Laptop,3,8959,16,22576.68,Gold,Hyderabad,UPI
C1903,O67840,2025-06-26,Electronics,Smart Watch,5,41133,6,193325.1,Silver,Chennai,Wallet
C1430,O95824,2025-11-01,Fashion,Jacket,2,3227,19,5227.74,Silver,Pune,Net Banking
C1880,O64060,2026-02-28,Electronics,Smart Watch,2,45236,8,83234.24,Silver,Bangalore,Credit Card
C1482,O19321,2026-04-28,Home Decor,Wall Art,4,4211,30,11790.8,Silver,Delhi,Wallet
C1063,O84707,2025-08-26,Sports,Yoga Mat,1,3733,12,3285.04,Gold,Chennai,Credit Card
C1090,O34547,2026-02-27,Sports,Football,5,2934,17,12176.1,Silver,Delhi,UPI
C1650,O67738,2025-11-06,Groceries,Rice,4,1343,22,4190.16,Silver,Mumbai,UPI
C1941,O73783,2026-02-14,Home Decor,Carpet,1,1630,25,1222.5,Silver,Hyderabad,Credit Card
C1959,O66646,2026-02-20,Fashion,Jacket,5,6201,28,22323.6,Gold,Delhi,UPI
C1557,O35189,2026-03-22,Groceries,Milk,1,1872,10,1684.8,Gold,Chennai,Net Banking
C1875,O47237,2025-08-24,Sports,Football,5,10668,13,46405.8,Platinum,Chennai,UPI
C1630,O47281,2025-07-31,Sports,Cricket Bat,2,1595,12,2807.2,Silver,Mumbai,Credit Card
C1484,O68731,2025-09-06,Fashion,Jacket,4,3742,5,14219.6,Gold,Pune,UPI
C1061,O59222,2026-04-01,Sports,Cricket Bat,4,7742,4,29729.28,Platinum,Mumbai,Net Banking
C1800,O17601,2025-06-07,Beauty,Perfume,4,2545,6,9569.2,Gold,Hyderabad,Net Banking
C1123,O97653,2025-07-01,Fashion,Jeans,5,1235,1,6113.25,Silver,Mumbai,Wallet
C1892,O97988,2026-05-05,Groceries,Eggs,4,1326,26,3924.96,Gold,Pune,Credit Card
C1207,O86061,2026-05-23,Groceries,Milk,4,667,4,2561.28,Silver,Chennai,Net Banking
C1372,O64087,2025-10-28,Sports,Dumbbells,1,1880,2,1842.4,Silver,Pune,Debit Card
C1611,O34491,2025-12-05,Sports,Cricket Bat,3,2234,11,5964.78,Platinum,Delhi,Wallet
C1811,O71987,2026-01-29,Sports,Dumbbells,1,6961,22,5429.58,Gold,Hyderabad,UPI
C1472,O14203,2025-10-20,Fashion,Jacket,4,7179,8,26418.72,Gold,Delhi,Net Banking
C1907,O77692,2026-05-08,Sports,Football,4,2922,25,8766.0,Platinum,Chennai,UPI
C1764,O99243,2025-11-15,Electronics,Laptop,4,80086,14,275495.84,Platinum,Pune,Wallet
C1237,O63223,2026-04-17,Fashion,Jeans,3,1770,9,4832.1,Silver,Bangalore,Debit Card
C1776,O18371,2025-09-08,Groceries,Eggs,3,1042,28,2250.72,Silver,Delhi,Net Banking
C1391,O33574,2025-10-09,Groceries,Bread,1,3636,10,3272.4,Platinum,Chennai,Debit Card
C1048,O44302,2025-07-28,Electronics,Headphones,4,19676,4,75555.84,Silver,Delhi,Credit Card
C1560,O45361,2025-10-27,Electronics,Smartphone,3,24562,30,51580.2,Platinum,Mumbai,Credit Card
C1582,O36069,2025-10-22,Fashion,Jeans,1,7142,19,5785.02,Platinum,Chennai,Net Banking
C1386,O77762,2025-12-06,Sports,Football,1,9403,3,9120.91,Gold,Mumbai,UPI
C1531,O23317,2026-01-30,Electronics,Smart Watch,5,64206,30,224721.0,Gold,Bangalore,UPI
C1481,O33465,2025-12-31,Electronics,Smartphone,2,20083,14,34542.76,Gold,Mumbai,UPI
C1840,O51498,2025-08-19,Home Decor,Curtains,2,18448,30,25827.2,Platinum,Mumbai,UPI
C1975,O45619,2025-10-12,Sports,Yoga Mat,4,715,19,2316.6,Silver,Chennai,UPI
C1828,O65186,2026-05-28,Groceries,Bread,3,2746,9,7496.58,Platinum,Mumbai,Net Banking
C1727,O18247,2025-10-31,Beauty,Moisturizer,2,7416,16,12458.88,Gold,Bangalore,Net Banking
C1525,O40739,2025-08-18,Fashion,Shoes,4,1278,3,4958.64,Gold,Mumbai,Net Banking
C1773,O71021,2025-10-30,Fashion,Shoes,4,2808,7,10445.76,Platinum,Mumbai,UPI
C1805,O31740,2025-10-03,Groceries,Milk,2,1736,9,3159.52,Platinum,Delhi,Debit Card
C1564,O33142,2025-06-21,Home Decor,Curtains,2,10738,5,20402.2,Gold,Delhi,Net Banking
C1692,O26465,2026-04-13,Electronics,Smartphone,3,26734,30,56141.4,Silver,Pune,UPI
C1333,O72691,2025-10-16,Home Decor,Carpet,5,7814,11,34772.3,Platinum,Delhi,Wallet
C1360,O52217,2025-11-26,Home Decor,Wall Art,2,7194,1,14244.12,Platinum,Pune,Credit Card
C1911,O66535,2025-08-22,Electronics,Smartphone,1,7856,1,7777.44,Silver,Chennai,UPI
C1806,O20310,2025-07-23,Sports,Yoga Mat,2,9080,12,15980.8,Platinum,Pune,Credit Card
C1900,O74267,2026-05-19,Home Decor,Lamp,4,4698,14,16161.12,Gold,Hyderabad,Net Banking
C1106,O96528,2026-02-27,Sports,Yoga Mat,5,3351,28,12063.6,Silver,Mumbai,Debit Card
C1365,O81060,2025-06-07,Groceries,Eggs,2,2161,1,4278.78,Gold,Mumbai,Credit Card
C1392,O42877,2025-11-06,Electronics,Smart Watch,5,21727,16,91253.4,Silver,Bangalore,Wallet
C1048,O45024,2025-12-30,Electronics,Laptop,1,63840,17,52987.2,Platinum,Mumbai,Wallet
C1912,O84988,2025-06-05,Beauty,Shampoo,4,7482,7,27833.04,Gold,Pune,Credit Card
C1108,O64672,2025-12-05,Groceries,Bread,3,711,24,1621.08,Gold,Pune,Credit Card
C1944,O63619,2025-08-12,Sports,Football,2,8520,18,13972.8,Gold,Pune,Debit Card
C1951,O54051,2025-12-17,Fashion,Jeans,2,6625,5,12587.5,Gold,Chennai,UPI
C1294,O98770,2025-08-27,Fashion,Jacket,4,4833,10,17398.8,Gold,Chennai,Wallet
C1917,O78392,2025-06-22,Fashion,T-Shirt,2,2980,8,5483.2,Platinum,Delhi,UPI
C1905,O63160,2026-02-07,Electronics,Laptop,4,21922,17,72781.04,Gold,Hyderabad,Wallet
C1329,O78879,2025-11-06,Home Decor,Lamp,4,8642,27,25234.64,Silver,Delhi,UPI
C1327,O96046,2025-09-27,Fashion,Jeans,4,3128,5,11886.4,Silver,Mumbai,Debit Card
C1046,O14634,2025-09-05,Home Decor,Wall Art,3,4950,3,14404.5,Silver,Bangalore,Debit Card
C1826,O11313,2026-03-07,Beauty,Perfume,1,6298,16,5290.32,Platinum,Chennai,Wallet
C1901,O94849,2026-03-29,Home Decor,Carpet,3,6512,2,19145.28,Platinum,Hyderabad,UPI
C1410,O47414,2025-12-13,Home Decor,Wall Art,3,6202,6,17489.64,Platinum,Bangalore,UPI
C1896,O58761,2025-11-17,Electronics,Headphones,1,50292,30,35204.4,Platinum,Chennai,Net Banking
C1233,O86465,2026-05-28,Electronics,Headphones,5,67574,19,273674.7,Platinum,Hyderabad,Wallet
C1464,O53399,2025-12-11,Sports,Dumbbells,2,5469,3,10609.86,Silver,Chennai,Credit Card
C1034,O57728,2025-10-24,Fashion,Shoes,1,2895,8,2663.4,Silver,Pune,UPI
C1275,O82867,2025-12-18,Sports,Dumbbells,1,1028,2,1007.44,Platinum,Chennai,UPI
C1944,O10612,2025-08-02,Home Decor,Wall Art,1,1116,13,970.92,Silver,Pune,UPI
C1828,O47016,2025-07-31,Beauty,Perfume,2,9060,28,13046.4,Platinum,Chennai,UPI
C1084,O36324,2026-05-05,Beauty,Moisturizer,1,5778,20,4622.4,Gold,Delhi,Net Banking
C1839,O20007,2026-01-30,Fashion,Jeans,3,6778,21,16063.86,Gold,Delhi,Credit Card
C1690,O25599,2025-07-28,Electronics,Headphones,4,6819,16,22911.84,Silver,Hyderabad,Wallet
C1637,O46229,2025-09-19,Fashion,Jeans,2,5640,1,11167.2,Platinum,Mumbai,UPI
C1380,O66413,2026-01-27,Electronics,Laptop,4,59113,15,200984.2,Gold,Mumbai,Wallet
C1347,O84650,2026-05-24,Electronics,Smart Watch,3,50592,0,151776.0,Platinum,Bangalore,Debit Card
C1800,O34731,2026-03-26,Sports,Football,3,5405,23,12485.55,Silver,Hyderabad,UPI
C1677,O53164,2026-04-27,Sports,Cricket Bat,2,5575,6,10481.0,Silver,Bangalore,UPI
C1745,O32857,2026-02-24,Fashion,Shoes,3,7324,9,19994.52,Platinum,Mumbai,Net Banking
C1374,O17984,2026-04-05,Groceries,Milk,2,2846,14,4895.12,Platinum,Chennai,Wallet
C1477,O85572,2026-03-26,Groceries,Eggs,5,1684,28,6062.4,Gold,Delhi,Credit Card
C1335,O29372,2025-10-08,Fashion,Jacket,5,3336,3,16179.6,Gold,Mumbai,Debit Card
C1673,O21396,2025-10-28,Electronics,Headphones,2,44088,2,86412.48,Platinum,Bangalore,Debit Card
C1818,O60996,2026-03-08,Fashion,Jeans,4,3804,21,12020.64,Platinum,Bangalore,Wallet
C1989,O62131,2026-04-26,Fashion,Shoes,2,6938,3,13459.72,Platinum,Hyderabad,Wallet
C1996,O31382,2026-03-23,Fashion,Jacket,3,3228,27,7069.32,Gold,Bangalore,Net Banking
C1338,O72331,2025-06-16,Home Decor,Curtains,3,9753,25,21944.25,Gold,Delhi,Credit Card
C1778,O54206,2025-07-31,Fashion,Jacket,1,2060,13,1792.2,Platinum,Mumbai,Credit Card
C1489,O44416,2026-01-22,Sports,Cricket Bat,5,5513,14,23705.9,Silver,Hyderabad,Credit Card
C1671,O70719,2025-11-27,Home Decor,Wall Art,4,9361,27,27334.12,Gold,Mumbai,Credit Card
C1222,O36157,2025-06-14,Fashion,Jacket,5,1287,3,6241.95,Silver,Delhi,Net Banking
C1067,O47110,2026-03-13,Groceries,Rice,3,3914,30,8219.4,Platinum,Bangalore,Net Banking
C1581,O16090,2026-02-11,Electronics,Laptop,2,12240,26,18115.2,Silver,Mumbai,Net Banking
C1914,O98073,2025-12-11,Home Decor,Curtains,5,12316,28,44337.6,Gold,Chennai,Wallet
C1171,O44487,2025-08-12,Beauty,Face Wash,5,565,16,2373.0,Silver,Delhi,Credit Card
C1962,O50767,2025-07-10,Beauty,Face Wash,4,3313,10,11926.8,Gold,Mumbai,UPI
C1789,O99367,2025-08-30,Sports,Cricket Bat,4,4420,22,13790.4,Silver,Bangalore,Credit Card
C1004,O80484,2026-01-06,Sports,Cricket Bat,2,2386,19,3865.32,Gold,Pune,Credit Card
C1026,O43664,2026-02-09,Electronics,Headphones,2,26318,27,38424.28,Silver,Hyderabad,Debit Card
C1028,O12220,2025-09-17,Groceries,Rice,1,1429,2,1400.42,Silver,Hyderabad,UPI
C1370,O87203,2026-01-06,Fashion,Jeans,3,5790,11,15459.3,Gold,Bangalore,Debit Card
C1916,O53288,2026-01-19,Sports,Yoga Mat,5,11604,11,51637.8,Platinum,Pune,Wallet
C1566,O84980,2025-11-17,Groceries,Eggs,1,2499,25,1874.25,Gold,Delhi,Net Banking
C1394,O78698,2025-10-03,Fashion,Shoes,5,3016,30,10556.0,Silver,Mumbai,Debit Card
C1337,O88251,2025-10-21,Sports,Yoga Mat,3,1432,19,3479.76,Platinum,Mumbai,Debit Card
C1144,O60853,2026-05-24,Beauty,Perfume,2,5350,10,9630.0,Platinum,Pune,Credit Card
C1198,O42663,2025-12-23,Electronics,Laptop,2,30847,17,51206.02,Gold,Pune,Debit Card
C1153,O56684,2026-01-26,Beauty,Shampoo,5,3483,2,17066.7,Gold,Delhi,Debit Card
C1071,O87042,2025-12-14,Fashion,Shoes,1,1622,29,1151.62,Silver,Chennai,Debit Card
C1192,O19961,2025-08-05,Beauty,Face Wash,1,6634,16,5572.56,Gold,Mumbai,UPI
C1937,O52026,2025-09-29,Sports,Cricket Bat,3,2100,19,5103.0,Silver,Chennai,Net Banking
C1928,O41071,2025-12-31,Fashion,Jacket,5,3094,23,11911.9,Silver,Pune,Debit Card
C1024,O89420,2025-10-16,Sports,Cricket Bat,5,969,28,3488.4,Gold,Delhi,UPI
C1434,O95998,2025-11-25,Sports,Cricket Bat,3,8994,20,21585.6,Gold,Pune,Net Banking
C1128,O33503,2026-02-14,Sports,Football,1,11666,3,11316.02,Platinum,Bangalore,UPI
C1590,O96052,2026-03-06,Beauty,Shampoo,4,432,4,1658.88,Platinum,Pune,UPI
C1003,O79289,2026-01-22,Fashion,Jacket,5,5098,14,21921.4,Platinum,Mumbai,Wallet
C1242,O50230,2026-01-17,Groceries,Eggs,2,1020,10,1836.0,Silver,Delhi,Debit Card
C1091,O15658,2025-10-05,Beauty,Face Wash,4,8066,17,26779.12,Platinum,Hyderabad,UPI
C1007,O70591,2026-03-13,Groceries,Bread,5,649,23,2498.65,Gold,Chennai,Debit Card
C1822,O84416,2025-11-27,Home Decor,Lamp,5,6938,16,29139.6,Silver,Mumbai,Debit Card
C1591,O38942,2025-10-08,Sports,Football,2,2631,27,3841.26,Gold,Delhi,Debit Card
C1976,O70754,2026-03-30,Fashion,Shoes,1,3466,25,2599.5,Silver,Bangalore,Debit Card
C1703,O32408,2026-05-11,Sports,Yoga Mat,3,10618,9,28987.14,Platinum,Hyderabad,Wallet
C1991,O30615,2026-01-03,Home Decor,Curtains,1,4483,14,3855.38,Gold,Hyderabad,Credit Card
C1168,O30186,2025-12-10,Home Decor,Wall Art,1,2877,13,2502.99,Silver,Chennai,Credit Card
C1791,O38530,2026-01-21,Fashion,Shoes,5,5257,5,24970.75,Gold,Hyderabad,Debit Card
C1507,O71826,2025-09-28,Beauty,Moisturizer,4,4895,7,18209.4,Silver,Pune,UPI
C1584,O51162,2025-08-07,Electronics,Headphones,5,66906,18,274314.6,Gold,Hyderabad,Net Banking
C1414,O70388,2025-07-07,Groceries,Milk,1,2536,1,2510.64,Platinum,Bangalore,Credit Card
C1119,O63598,2026-02-16,Home Decor,Lamp,1,11493,25,8619.75,Gold,Delhi,Wallet
C1043,O69520,2025-12-26,Beauty,Moisturizer,2,4116,29,5844.72,Platinum,Chennai,UPI
C1227,O78176,2026-04-15,Groceries,Bread,3,2482,3,7222.62,Platinum,Pune,Wallet
C1842,O84366,2026-03-27,Fashion,Jacket,4,2601,16,8739.36,Silver,Chennai,UPI
C1399,O35032,2026-02-07,Beauty,Face Wash,4,2519,8,9269.92,Silver,Pune,UPI
C1210,O53552,2025-06-08,Sports,Yoga Mat,3,8185,0,24555.0,Gold,Pune,Credit Card
C1425,O42571,2025-12-01,Home Decor,Curtains,1,14467,29,10271.57,Gold,Chennai,Debit Card
C1853,O78191,2026-01-28,Electronics,Smartphone,1,29172,6,27421.68,Gold,Mumbai,Wallet
C1960,O90212,2025-11-21,Beauty,Face Wash,3,5922,3,17233.02,Platinum,Bangalore,UPI
C1619,O20270,2025-08-15,Electronics,Laptop,4,50460,7,187711.2,Gold,Chennai,Credit Card
C1776,O21893,2026-03-28,Fashion,Jacket,1,8836,0,8836.0,Platinum,Hyderabad,Net Banking
C1031,O38294,2025-08-31,Fashion,Jeans,4,1715,15,5831.0,Silver,Delhi,Credit Card
C1904,O49188,2026-02-15,Beauty,Shampoo,4,465,21,1469.4,Gold,Mumbai,Debit Card
C1652,O48637,2026-05-15,Groceries,Eggs,4,792,24,2407.68,Silver,Hyderabad,Wallet
C1915,O75368,2025-07-06,Home Decor,Carpet,1,9562,18,7840.84,Platinum,Pune,Net Banking
C1370,O78610,2025-09-20,Groceries,Milk,1,2974,10,2676.6,Gold,Delhi,Debit Card
C1178,O45663,2025-11-10,Fashion,T-Shirt,3,4053,19,9848.79,Silver,Pune,Net Banking
C1838,O46353,2025-08-22,Groceries,Eggs,2,1987,28,2861.28,Gold,Bangalore,Debit Card
C1416,O46741,2025-10-10,Fashion,Jacket,4,4468,11,15906.08,Silver,Chennai,Debit Card
C1482,O76373,2025-07-30,Beauty,Perfume,4,7026,27,20515.92,Platinum,Mumbai,Credit Card
C1278,O35777,2026-05-31,Home Decor,Curtains,5,8116,28,29217.6,Platinum,Mumbai,Wallet
C1893,O18420,2025-08-31,Fashion,Jeans,5,2060,14,8858.0,Silver,Delhi,Debit Card
C1127,O77313,2026-05-16,Sports,Yoga Mat,1,3761,30,2632.7,Silver,Bangalore,Net Banking
C1369,O56875,2025-06-30,Beauty,Moisturizer,4,1743,6,6553.68,Gold,Chennai,Credit Card
C1539,O69711,2025-09-23,Home Decor,Wall Art,1,8013,11,7131.57,Gold,Bangalore,Wallet
C1810,O10688,2026-04-20,Electronics,Smart Watch,5,30849,17,128023.35,Gold,Mumbai,Net Banking
C1985,O18378,2026-03-22,Sports,Cricket Bat,3,2542,19,6177.06,Platinum,Delhi,Net Banking
C1166,O27782,2025-12-30,Home Decor,Carpet,5,7590,22,29601.0,Silver,Hyderabad,Debit Card
C1539,O36374,2025-11-02,Sports,Cricket Bat,3,3445,29,7337.85,Silver,Delhi,Debit Card
C1035,O63624,2025-07-11,Beauty,Shampoo,2,8166,1,16168.68,Platinum,Delhi,Net Banking
C1116,O10886,2026-04-04,Home Decor,Lamp,4,6403,26,18952.88,Silver,Pune,UPI
C1237,O22242,2026-05-01,Groceries,Rice,2,342,15,581.4,Silver,Hyderabad,Credit Card
C1781,O30599,2026-02-11,Groceries,Rice,4,1671,18,5480.88,Silver,Pune,Debit Card
C1625,O14868,2025-10-14,Sports,Yoga Mat,5,7548,25,28305.0,Platinum,Chennai,Wallet
C1187,O50497,2026-04-30,Sports,Dumbbells,3,14294,3,41595.54,Platinum,Bangalore,Net Banking
C1365,O20532,2026-02-09,Electronics,Laptop,3,51640,15,131682.0,Platinum,Chennai,UPI
C1716,O22875,2025-12-03,Home Decor,Wall Art,1,6442,21,5089.18,Silver,Chennai,UPI
C1145,O65639,2025-07-15,Groceries,Milk,1,1012,29,718.52,Silver,Hyderabad,Credit Card
C1241,O70846,2025-07-24,Groceries,Milk,1,1324,12,1165.12,Platinum,Pune,Net Banking
C1931,O38434,2025-09-03,Sports,Football,2,2862,27,4178.52,Silver,Pune,Debit Card
C1883,O22525,2025-06-11,Groceries,Milk,3,1498,27,3280.62,Platinum,Delhi,Debit Card
C1084,O64827,2026-03-22,Home Decor,Carpet,4,4701,27,13726.92,Gold,Hyderabad,Credit Card
C1739,O20144,2025-08-24,Fashion,Jeans,2,1562,18,2561.68,Platinum,Mumbai,Wallet
C1859,O20961,2025-09-02,Fashion,Jeans,5,1495,4,7176.0,Gold,Mumbai,Net Banking
C1004,O12773,2026-03-30,Groceries,Rice,5,3402,5,16159.5,Platinum,Hyderabad,UPI
C1744,O14901,2026-02-27,Home Decor,Carpet,4,6800,17,22576.0,Platinum,Pune,Debit Card
C1881,O96713,2025-10-25,Home Decor,Carpet,4,1688,30,4726.4,Silver,Mumbai,UPI
C1147,O77148,2026-01-14,Fashion,T-Shirt,4,5680,11,20220.8,Gold,Bangalore,Credit Card
C1983,O96288,2026-05-12,Groceries,Bread,3,2816,20,6758.4,Platinum,Bangalore,Credit Card
C1545,O96184,2025-09-10,Home Decor,Carpet,2,4100,7,7626.0,Silver,Pune,Credit Card
C1070,O97330,2025-10-13,Home Decor,Curtains,4,9952,30,27865.6,Gold,Hyderabad,UPI
C1994,O83752,2025-11-29,Beauty,Moisturizer,3,3249,2,9552.06,Gold,Bangalore,Net Banking
C1889,O20261,2026-02-11,Groceries,Bread,5,108,7,502.2,Silver,Hyderabad,Debit Card
C1787,O86554,2025-07-24,Sports,Dumbbells,3,5142,13,13420.62,Platinum,Chennai,Net Banking
C1691,O19700,2025-11-09,Beauty,Perfume,1,3838,17,3185.54,Silver,Bangalore,UPI
C1952,O87051,2025-12-30,Fashion,T-Shirt,4,4106,12,14453.12,Silver,Pune,Net Banking
C1041,O14228,2025-07-16,Beauty,Face Wash,1,3291,22,2566.98,Silver,Bangalore,Wallet
C1773,O77701,2026-03-16,Beauty,Moisturizer,5,2688,20,10752.0,Gold,Hyderabad,Credit Card
C1779,O71805,2026-04-17,Groceries,Rice,3,315,23,727.65,Gold,Delhi,Credit Card
C1006,O56942,2025-09-20,Fashion,Jeans,1,3502,25,2626.5,Platinum,Hyderabad,Net Banking
C1998,O59893,2026-06-02,Home Decor,Curtains,5,12385,26,45824.5,Gold,Chennai,Debit Card
C1991,O35060,2026-03-30,Sports,Cricket Bat,1,2840,3,2754.8,Platinum,Mumbai,Debit Card
C1160,O57174,2026-01-15,Groceries,Bread,2,1053,29,1495.26,Silver,Bangalore,Credit Card
C1206,O70192,2025-11-20,Fashion,Jacket,5,6904,0,34520.0,Platinum,Bangalore,Wallet
C1730,O50547,2025-11-15,Electronics,Smartphone,3,46282,0,138846.0,Platinum,Pune,Net Banking
C1382,O43122,2025-08-04,Groceries,Rice,4,1080,6,4060.8,Platinum,Hyderabad,Wallet
C1836,O99569,2025-10-24,Home Decor,Carpet,2,10418,30,14585.2,Platinum,Hyderabad,UPI
C1106,O71286,2026-04-10,Beauty,Face Wash,1,5506,0,5506.0,Platinum,Delhi,Credit Card
C1312,O57079,2025-11-15,Beauty,Perfume,4,613,2,2402.96,Silver,Hyderabad,UPI
C1061,O75842,2025-11-09,Sports,Football,2,1174,20,1878.4,Silver,Pune,UPI
C1700,O40428,2025-07-03,Groceries,Bread,3,850,25,1912.5,Platinum,Mumbai,Credit Card
C1637,O79464,2025-09-25,Electronics,Smartphone,4,97046,21,306665.36,Platinum,Mumbai,UPI
C1345,O11970,2025-08-17,Sports,Cricket Bat,2,3306,1,6545.88,Gold,Mumbai,Wallet
C1656,O90486,2026-01-17,Electronics,Smart Watch,2,50496,29,71704.32,Gold,Hyderabad,Credit Card
C1258,O52744,2026-04-10,Beauty,Face Wash,5,3846,2,18845.4,Silver,Hyderabad,Net Banking
C1851,O53477,2025-10-17,Home Decor,Lamp,4,5856,9,21315.84,Silver,Mumbai,Wallet
C1703,O80555,2025-07-27,Sports,Dumbbells,1,5500,10,4950.0,Gold,Bangalore,Net Banking
C1199,O95434,2025-12-21,Home Decor,Wall Art,2,14898,19,24134.76,Platinum,Hyderabad,UPI
C1198,O37314,2026-01-27,Beauty,Perfume,2,3718,13,6469.32,Silver,Delhi,Wallet
C1663,O73255,2025-12-04,Groceries,Eggs,3,1342,11,3583.14,Platinum,Bangalore,Credit Card
C1890,O96083,2025-11-27,Fashion,Jeans,3,2650,26,5883.0,Silver,Mumbai,UPI
C1404,O75482,2026-01-19,Fashion,Jacket,4,3768,25,11304.0,Gold,Chennai,Debit Card
C1206,O27226,2026-03-14,Fashion,Shoes,5,3422,23,13174.7,Platinum,Chennai,UPI
C1745,O97689,2026-01-16,Electronics,Smart Watch,4,29326,23,90324.08,Silver,Chennai,Wallet
C1679,O86019,2026-06-02,Groceries,Bread,4,167,9,607.88,Silver,Delhi,Wallet
C1469,O97061,2025-12-10,Groceries,Eggs,3,1849,0,5547.0,Gold,Pune,Debit Card
C1757,O97102,2026-04-19,Fashion,Jacket,5,1956,6,9193.2,Platinum,Pune,Wallet
C1362,O18839,2025-08-12,Home Decor,Curtains,5,5436,13,23646.6,Platinum,Pune,Net Banking
C1115,O28112,2025-07-19,Beauty,Moisturizer,2,1012,6,1902.56,Platinum,Bangalore,Debit Card
C1409,O57377,2025-06-08,Fashion,Jacket,5,3335,20,13340.0,Silver,Bangalore,UPI
C1378,O37552,2025-07-24,Groceries,Bread,4,848,15,2883.2,Silver,Delhi,Debit Card
C1625,O23801,2025-11-23,Home Decor,Lamp,3,17928,2,52708.32,Platinum,Delhi,Credit Card
C1550,O25383,2025-10-18,Home Decor,Curtains,3,16710,12,44114.4,Platinum,Delhi,Debit Card
C1009,O92009,2025-09-09,Groceries,Rice,3,2244,24,5116.32,Platinum,Chennai,UPI
C1808,O75151,2025-06-19,Fashion,Shoes,2,1303,9,2371.46,Gold,Chennai,Credit Card
C1468,O28890,2026-03-11,Beauty,Perfume,2,267,7,496.62,Silver,Bangalore,Wallet
C1376,O75626,2026-04-06,Groceries,Bread,1,1986,15,1688.1,Platinum,Mumbai,Wallet
C1245,O42517,2025-10-05,Groceries,Eggs,4,418,29,1187.12,Platinum,Delhi,Debit Card
C1191,O13115,2026-03-03,Electronics,Headphones,1,22897,21,18088.63,Gold,Pune,UPI
C1880,O70751,2025-10-07,Home Decor,Lamp,4,6674,26,19755.04,Platinum,Chennai,UPI
C1369,O95115,2026-04-10,Beauty,Perfume,2,1053,23,1621.62,Gold,Bangalore,Credit Card
C1180,O94289,2026-04-18,Electronics,Laptop,3,49862,18,122660.52,Platinum,Mumbai,Credit Card
C1574,O25786,2025-12-26,Groceries,Eggs,1,1386,16,1164.24,Gold,Hyderabad,Net Banking
C1680,O88240,2025-07-13,Fashion,T-Shirt,2,9880,21,15610.4,Platinum,Pune,UPI
C1418,O70737,2026-04-18,Groceries,Bread,4,1670,17,5544.4,Silver,Delhi,Net Banking
C1655,O30198,2025-07-17,Home Decor,Wall Art,4,7292,7,27126.24,Platinum,Hyderabad,Wallet
C1763,O37578,2026-02-05,Sports,Dumbbells,5,11440,17,47476.0,Gold,Pune,Net Banking
C1405,O12976,2025-12-15,Beauty,Perfume,5,6450,22,25155.0,Gold,Chennai,Credit Card
C1706,O19375,2025-09-13,Home Decor,Carpet,4,7355,19,23830.2,Silver,Bangalore,Net Banking
C1805,O63550,2025-11-20,Groceries,Rice,1,3448,30,2413.6,Platinum,Hyderabad,UPI
C1540,O66425,2025-08-13,Home Decor,Carpet,2,5054,27,7378.84,Silver,Pune,Debit Card
C1412,O16181,2026-02-15,Groceries,Eggs,4,403,24,1225.12,Silver,Bangalore,Net Banking
C1692,O33936,2025-07-26,Beauty,Shampoo,2,4194,20,6710.4,Platinum,Mumbai,UPI
C1456,O20481,2026-04-06,Fashion,T-Shirt,5,972,6,4568.4,Gold,Delhi,Credit Card
C1396,O73187,2025-10-19,Beauty,Perfume,4,9384,24,28527.36,Platinum,Pune,Credit Card
C1587,O41662,2025-10-08,Electronics,Laptop,3,14455,24,32957.4,Silver,Chennai,UPI
C1040,O17555,2025-10-17,Sports,Yoga Mat,2,1007,2,1973.72,Silver,Pune,Wallet
C1887,O62212,2025-12-19,Fashion,Shoes,1,8966,13,7800.42,Platinum,Pune,Debit Card
C1915,O57416,2026-01-05,Electronics,Headphones,2,37768,13,65716.32,Gold,Bangalore,UPI
C1254,O42402,2025-10-03,Fashion,Jacket,4,2055,20,6576.0,Gold,Mumbai,Wallet
C1181,O39752,2025-09-17,Beauty,Shampoo,4,5216,28,15022.08,Platinum,Hyderabad,Net Banking
C1374,O29168,2025-11-07,Beauty,Perfume,4,1116,9,4062.24,Platinum,Chennai,Net Banking
C1335,O13888,2025-11-06,Electronics,Headphones,3,36202,26,80368.44,Gold,Mumbai,Credit Card
C1415,O67347,2026-05-14,Electronics,Smartphone,5,31032,29,110163.6,Gold,Bangalore,Wallet
C1229,O78224,2026-01-14,Sports,Football,3,1898,8,5238.48,Platinum,Bangalore,Credit Card
C1484,O83242,2025-12-22,Sports,Dumbbells,1,11624,5,11042.8,Platinum,Pune,UPI
C1394,O29985,2025-12-24,Home Decor,Lamp,1,14977,7,13928.61,Gold,Delhi,Debit Card
C1853,O67542,2026-03-03,Home Decor,Curtains,5,18962,0,94810.0,Platinum,Hyderabad,Debit Card
C1288,O95568,2025-10-22,Groceries,Eggs,5,1118,27,4080.7,Platinum,Hyderabad,Debit Card
C1018,O87833,2026-01-15,Sports,Football,4,9715,17,32253.8,Gold,Pune,UPI
C1300,O30588,2025-06-25,Beauty,Moisturizer,1,5605,6,5268.7,Gold,Pune,Net Banking
C1147,O25852,2026-06-01,Beauty,Perfume,4,7366,29,20919.44,Platinum,Chennai,UPI
C1371,O43374,2026-04-02,Electronics,Headphones,5,79204,28,285134.4,Platinum,Pune,Debit Card
C1846,O10036,2025-10-21,Electronics,Smartphone,5,28228,21,111500.6,Silver,Delhi,Credit Card
C1296,O46540,2025-10-12,Beauty,Moisturizer,5,840,0,4200.0,Gold,Chennai,Credit Card
C1032,O75358,2026-04-27,Groceries,Milk,4,1229,16,4129.44,Silver,Hyderabad,Wallet
C1226,O58714,2025-06-05,Electronics,Laptop,3,42959,15,109545.45,Silver,Chennai,Debit Card
C1366,O88453,2025-10-01,Beauty,Shampoo,3,2955,15,7535.25,Silver,Pune,Net Banking
C1257,O37655,2026-01-01,Sports,Football,3,6613,3,19243.83,Silver,Chennai,Debit Card
C1956,O82263,2026-03-30,Groceries,Eggs,1,1643,14,1412.98,Silver,Pune,Debit Card
C1904,O19374,2026-02-11,Groceries,Eggs,3,2098,29,4468.74,Gold,Pune,Debit Card
C1075,O86278,2025-06-22,Sports,Cricket Bat,1,5402,9,4915.82,Silver,Hyderabad,Credit Card
C1191,O86004,2025-11-10,Electronics,Smart Watch,3,20829,29,44365.77,Silver,Chennai,UPI
C1182,O31925,2025-07-14,Sports,Yoga Mat,2,1465,16,2461.2,Gold,Delhi,Wallet
C1321,O24094,2026-03-10,Beauty,Shampoo,1,5206,7,4841.58,Gold,Hyderabad,Net Banking
C1499,O70787,2026-05-13,Sports,Yoga Mat,4,7327,21,23153.32,Silver,Pune,Credit Card
C1783,O46644,2025-09-29,Fashion,T-Shirt,1,3284,6,3086.96,Platinum,Mumbai,UPI
C1023,O76221,2026-01-01,Groceries,Rice,1,1285,18,1053.7,Silver,Delhi,Credit Card
C1510,O38357,2025-07-02,Home Decor,Wall Art,4,6992,19,22654.08,Silver,Pune,Net Banking
C1005,O62369,2025-09-26,Sports,Cricket Bat,5,4810,14,20683.0,Platinum,Mumbai,Net Banking
C1834,O84979,2025-11-14,Fashion,Shoes,2,1198,7,2228.28,Platinum,Delhi,Wallet
C1693,O18280,2025-10-30,Sports,Cricket Bat,3,7164,9,19557.72,Gold,Hyderabad,Debit Card
C1258,O33737,2026-02-01,Sports,Dumbbells,5,2232,14,9597.6,Silver,Hyderabad,Wallet
C1796,O53639,2025-07-03,Fashion,Jeans,3,3661,13,9555.21,Silver,Delhi,Debit Card
C1509,O39465,2025-07-29,Electronics,Headphones,1,18349,14,15780.14,Gold,Mumbai,Credit Card
C1302,O33035,2025-08-23,Fashion,Jeans,4,3858,17,12808.56,Platinum,Delhi,Net Banking
C1596,O45848,2025-10-15,Groceries,Bread,5,2170,21,8571.5,Platinum,Pune,UPI
C1914,O53228,2025-11-06,Sports,Football,3,9784,17,24362.16,Platinum,Mumbai,Credit Card
C1175,O81657,2026-01-12,Home Decor,Lamp,3,8086,16,20376.72,Platinum,Delhi,Net Banking
C1406,O24587,2026-05-27,Fashion,Jacket,2,1608,4,3087.36,Silver,Mumbai,Debit Card
C1039,O72740,2025-09-03,Fashion,T-Shirt,1,8436,17,7001.88,Platinum,Chennai,Wallet
C1013,O92922,2025-12-01,Groceries,Milk,2,1335,27,1949.1,Silver,Chennai,Credit Card
C1786,O25539,2026-03-22,Groceries,Bread,2,1042,8,1917.28,Gold,Bangalore,Credit Card
C1650,O48294,2025-07-20,Electronics,Headphones,1,46710,2,45775.8,Platinum,Bangalore,Credit Card
C1823,O74036,2026-04-07,Electronics,Laptop,3,13453,7,37533.87,Gold,Pune,Credit Card
C1005,O70911,2025-12-03,Home Decor,Lamp,1,2300,6,2162.0,Silver,Pune,Wallet
C1892,O66847,2025-12-25,Beauty,Perfume,2,1597,27,2331.62,Silver,Chennai,Wallet
C1149,O82434,2026-05-06,Home Decor,Lamp,4,1216,25,3648.0,Silver,Chennai,Credit Card
C1064,O89031,2025-11-16,Electronics,Smartphone,5,37040,10,166680.0,Silver,Pune,Debit Card
C1950,O55231,2026-04-07,Beauty,Shampoo,2,3720,16,6249.6,Platinum,Hyderabad,Debit Card
C1566,O47569,2025-08-02,Sports,Yoga Mat,5,7058,20,28232.0,Silver,Pune,UPI
C1995,O38103,2025-06-20,Electronics,Headphones,3,52921,12,139711.44,Gold,Delhi,UPI
C1202,O22828,2026-05-24,Groceries,Bread,2,805,3,1561.7,Silver,Chennai,UPI
C1095,O93446,2025-08-18,Sports,Football,5,6508,10,29286.0,Platinum,Mumbai,Net Banking
C1476,O47317,2026-03-09,Groceries,Bread,4,2638,23,8125.04,Platinum,Bangalore,UPI
C1878,O99494,2026-01-22,Home Decor,Curtains,3,7436,17,18515.64,Silver,Chennai,UPI
C1599,O49689,2025-07-25,Sports,Football,4,10574,30,29607.2,Platinum,Bangalore,Credit Card
C1622,O22738,2025-08-10,Fashion,Shoes,1,7042,3,6830.74,Platinum,Hyderabad,Debit Card
C1127,O56005,2026-03-01,Sports,Football,4,14090,28,40579.2,Platinum,Chennai,UPI
C1234,O45541,2025-11-11,Beauty,Face Wash,1,1096,19,887.76,Gold,Hyderabad,Wallet
C1196,O40817,2025-11-09,Sports,Cricket Bat,1,15590,27,11380.7,Platinum,Chennai,Debit Card
C1650,O12116,2026-01-27,Electronics,Smart Watch,3,32509,20,78021.6,Silver,Mumbai,UPI
C1828,O25650,2026-04-23,Electronics,Headphones,2,45980,25,68970.0,Platinum,Bangalore,Debit Card
C1482,O90567,2025-12-31,Home Decor,Lamp,3,5148,5,14671.8,Gold,Delhi,Credit Card
C1791,O33521,2025-09-27,Home Decor,Carpet,2,9052,26,13396.96,Platinum,Delhi,Debit Card
C1464,O60105,2025-10-13,Beauty,Moisturizer,2,4423,9,8049.86,Gold,Delhi,Wallet
C1599,O11427,2026-01-13,Home Decor,Carpet,3,15292,10,41288.4,Platinum,Delhi,Debit Card
C1695,O29295,2026-02-20,Fashion,Shoes,5,6673,21,26358.35,Gold,Mumbai,Net Banking
C1552,O21051,2025-12-19,Beauty,Moisturizer,5,1260,22,4914.0,Gold,Mumbai,Wallet
C1078,O27856,2025-11-08,Groceries,Bread,2,1107,15,1881.9,Silver,Bangalore,Wallet
C1787,O87669,2026-04-16,Beauty,Shampoo,3,2018,22,4722.12,Platinum,Chennai,Debit Card
C1408,O47677,2025-12-24,Groceries,Rice,5,2284,4,10963.2,Platinum,Delhi,Credit Card
C1376,O18340,2025-10-06,Fashion,Shoes,1,2234,21,1764.86,Silver,Pune,Net Banking
C1299,O63984,2025-11-24,Beauty,Shampoo,3,6547,5,18658.95,Gold,Chennai,UPI
C1644,O24743,2025-11-03,Groceries,Rice,4,1326,7,4932.72,Gold,Pune,Wallet
C1726,O70940,2025-12-13,Fashion,T-Shirt,1,2542,30,1779.4,Silver,Bangalore,Wallet
C1377,O51919,2026-02-21,Groceries,Bread,2,2600,13,4524.0,Platinum,Delhi,Net Banking
C1714,O73907,2026-01-26,Fashion,Jeans,2,795,25,1192.5,Silver,Hyderabad,UPI
C1679,O38731,2025-09-17,Electronics,Smart Watch,1,43032,15,36577.2,Gold,Hyderabad,UPI
C1300,O47137,2026-03-13,Fashion,T-Shirt,5,1870,30,6545.0,Platinum,Mumbai,Debit Card
C1799,O61054,2025-08-12,Electronics,Laptop,2,48897,19,79213.14,Silver,Delhi,UPI
C1465,O62055,2026-03-10,Sports,Yoga Mat,3,10158,5,28950.3,Gold,Delhi,Net Banking
C1320,O67614,2026-05-15,Fashion,T-Shirt,5,6192,14,26625.6,Platinum,Pune,Wallet
C1456,O39187,2026-05-19,Electronics,Smartphone,5,51795,17,214949.25,Gold,Hyderabad,Debit Card
C1372,O15453,2026-04-24,Groceries,Milk,3,1062,28,2293.92,Platinum,Mumbai,UPI
C1178,O96698,2025-08-29,Sports,Yoga Mat,3,6605,8,18229.8,Silver,Pune,Wallet
C1962,O82949,2026-01-13,Groceries,Eggs,5,305,21,1204.75,Silver,Pune,Debit Card
C1803,O48026,2026-05-18,Beauty,Shampoo,2,1490,14,2562.8,Silver,Mumbai,Net Banking
C1559,O60146,2026-04-21,Fashion,Jacket,2,7590,7,14117.4,Platinum,Hyderabad,Credit Card
C1575,O60040,2025-09-17,Sports,Cricket Bat,5,5724,3,27761.4,Platinum,Delhi,Wallet
C1489,O90227,2026-05-31,Beauty,Moisturizer,5,7431,5,35297.25,Gold,Chennai,Credit Card
C1133,O40147,2025-10-29,Electronics,Laptop,2,34368,5,65299.2,Platinum,Delhi,Debit Card
C1515,O49350,2025-11-21,Sports,Yoga Mat,3,2848,17,7091.52,Platinum,Pune,Debit Card
C1818,O14944,2026-01-10,Fashion,Shoes,3,4462,24,10173.36,Gold,Pune,UPI
C1770,O88598,2025-07-22,Electronics,Smartphone,5,56154,19,227423.7,Platinum,Mumbai,Net Banking
C1568,O16754,2025-07-27,Groceries,Bread,5,302,3,1464.7,Silver,Pune,UPI
C1687,O79949,2026-03-15,Groceries,Bread,2,846,15,1438.2,Gold,Chennai,Wallet
C1055,O45903,2026-01-29,Sports,Yoga Mat,5,4141,10,18634.5,Gold,Delhi,Credit Card
C1351,O11941,2025-08-17,Fashion,Jeans,4,572,16,1921.92,Silver,Pune,Credit Card
C1911,O46804,2025-11-04,Home Decor,Wall Art,4,8719,6,32783.44,Gold,Hyderabad,Wallet
C1704,O96736,2026-02-15,Fashion,Shoes,1,9022,2,8841.56,Platinum,Delhi,UPI
C1368,O78821,2025-07-05,Electronics,Smartphone,5,13570,26,50209.0,Silver,Chennai,Debit Card
C1608,O70297,2025-09-16,Home Decor,Lamp,4,8736,28,25159.68,Platinum,Delhi,Credit Card
C1972,O32495,2025-11-23,Sports,Football,5,10936,28,39369.6,Platinum,Chennai,Debit Card
C1252,O64396,2026-04-19,Sports,Cricket Bat,2,5298,29,7523.16,Platinum,Hyderabad,Debit Card
C1260,O64354,2026-01-23,Fashion,T-Shirt,3,1447,9,3950.31,Silver,Hyderabad,Net Banking
C1262,O25450,2025-11-29,Sports,Cricket Bat,2,9595,18,15735.8,Gold,Mumbai,Net Banking
C1376,O78316,2026-03-29,Home Decor,Curtains,1,14137,19,11450.97,Gold,Hyderabad,Credit Card
C1029,O33923,2026-01-05,Sports,Dumbbells,1,10576,10,9518.4,Platinum,Chennai,UPI
C1106,O62652,2026-05-21,Sports,Cricket Bat,1,2779,30,1945.3,Gold,Hyderabad,Wallet
C1405,O87753,2026-03-16,Groceries,Rice,1,1152,21,910.08,Platinum,Pune,Wallet
C1453,O63697,2025-07-21,Groceries,Eggs,5,1640,7,7626.0,Platinum,Pune,Net Banking
C1425,O44851,2025-07-18,Groceries,Eggs,4,1272,22,3968.64,Gold,Chennai,Credit Card
C1716,O97960,2025-09-18,Beauty,Face Wash,3,2590,2,7614.6,Silver,Chennai,Wallet
C1376,O34769,2025-11-03,Home Decor,Curtains,2,2488,14,4279.36,Silver,Delhi,Credit Card
C1993,O60045,2026-04-21,Sports,Yoga Mat,5,8191,14,35221.3,Gold,Chennai,Wallet
C1729,O15592,2025-08-30,Electronics,Smartphone,3,28977,19,70414.11,Silver,Bangalore,UPI
C1314,O98833,2026-01-04,Beauty,Face Wash,4,7144,14,24575.36,Platinum,Mumbai,Wallet
C1879,O89170,2025-07-30,Beauty,Moisturizer,2,3628,16,6095.04,Silver,Hyderabad,UPI
C1557,O96155,2026-04-19,Electronics,Smartphone,5,37329,16,156781.8,Gold,Pune,Wallet
C1451,O13374,2025-08-17,Groceries,Bread,1,1287,29,913.77,Gold,Delhi,Wallet
C1209,O70930,2025-09-23,Home Decor,Carpet,5,6726,10,30267.0,Platinum,Delhi,Credit Card
C1346,O62967,2025-09-24,Sports,Cricket Bat,1,13176,2,12912.48,Platinum,Chennai,Credit Card
C1581,O14906,2025-10-17,Groceries,Rice,4,3004,26,8891.84,Platinum,Bangalore,Net Banking
C1227,O47700,2026-05-25,Sports,Football,4,10760,5,40888.0,Platinum,Pune,Wallet
C1935,O55150,2026-03-04,Fashion,Jeans,1,1764,18,1446.48,Platinum,Chennai,UPI
C1493,O77614,2026-05-22,Fashion,T-Shirt,5,998,14,4291.4,Silver,Mumbai,Wallet
C1724,O18759,2026-01-29,Home Decor,Carpet,1,7537,19,6104.97,Gold,Delhi,Credit Card
C2000,O43499,2026-04-04,Fashion,Shoes,5,6150,19,24907.5,Gold,Mumbai,Debit Card
C1275,O82535,2025-07-20,Home Decor,Curtains,4,8867,16,29793.12,Silver,Hyderabad,Credit Card
C1252,O11973,2025-08-06,Groceries,Bread,4,2982,23,9184.56,Gold,Chennai,Credit Card
C1929,O46822,2025-10-16,Groceries,Rice,5,840,27,3066.0,Platinum,Pune,Wallet
C1821,O79323,2026-03-02,Fashion,Shoes,2,852,19,1380.24,Gold,Mumbai,Net Banking
C1149,O80635,2025-07-26,Electronics,Laptop,2,74821,10,134677.8,Gold,Delhi,UPI
C1512,O21787,2025-10-22,Electronics,Headphones,5,43956,9,199999.8,Gold,Chennai,Net Banking
C1907,O78216,2026-02-27,Groceries,Rice,4,1518,26,4493.28,Platinum,Pune,Wallet
C1993,O77566,2025-11-04,Electronics,Laptop,4,18602,18,61014.56,Platinum,Mumbai,Debit Card
C1706,O56805,2026-03-20,Fashion,T-Shirt,3,1688,6,4760.16,Silver,Delhi,Net Banking
C1688,O37478,2026-03-05,Sports,Dumbbells,1,3914,11,3483.46,Silver,Bangalore,Wallet
C1128,O37031,2025-09-09,Fashion,Jeans,2,3660,30,5124.0,Silver,Delhi,Credit Card
C1937,O98654,2026-05-15,Electronics,Smartphone,2,6889,20,11022.4,Silver,Chennai,UPI
C1408,O73913,2026-02-17,Electronics,Smartphone,5,92620,7,430683.0,Platinum,Hyderabad,UPI
C1373,O62192,2026-01-24,Sports,Cricket Bat,2,6752,22,10533.12,Silver,Mumbai,Debit Card
C1378,O16619,2026-02-23,Home Decor,Lamp,3,12944,9,35337.12,Platinum,Hyderabad,Net Banking
C1123,O72473,2026-06-03,Beauty,Perfume,2,4837,28,6965.28,Gold,Hyderabad,Credit Card
C1406,O18456,2025-10-26,Fashion,Jacket,4,7210,11,25667.6,Gold,Mumbai,Net Banking
C1666,O86747,2025-10-03,Sports,Dumbbells,5,2521,11,11218.45,Gold,Chennai,Credit Card
C1149,O63685,2026-01-15,Fashion,Shoes,5,3518,5,16710.5,Platinum,Pune,UPI
C1483,O79410,2025-07-07,Groceries,Rice,3,2293,20,5503.2,Gold,Delhi,Wallet
C1687,O55410,2025-07-18,Fashion,T-Shirt,2,7351,25,11026.5,Gold,Chennai,Wallet
C1410,O71643,2026-05-28,Beauty,Shampoo,4,6558,26,19411.68,Gold,Hyderabad,Credit Card
C1324,O29467,2025-08-03,Beauty,Moisturizer,4,4488,14,15438.72,Gold,Bangalore,Net Banking
C1942,O31879,2026-02-28,Home Decor,Carpet,3,9874,16,24882.48,Platinum,Hyderabad,Wallet
C1174,O53780,2026-01-12,Fashion,Shoes,5,1378,27,5029.7,Platinum,Mumbai,Debit Card
C1615,O51665,2025-07-13,Fashion,Jacket,2,1203,22,1876.68,Silver,Mumbai,UPI
C1396,O34501,2026-01-18,Fashion,Jeans,4,7054,19,22854.96,Gold,Mumbai,Wallet
C1418,O60857,2025-11-24,Home Decor,Wall Art,1,5818,5,5527.1,Gold,Mumbai,UPI
C1878,O86362,2025-12-02,Electronics,Headphones,4,35181,1,139316.76,Silver,Bangalore,Net Banking
C1801,O44101,2025-08-15,Electronics,Laptop,3,24246,3,70555.86,Gold,Hyderabad,UPI
C1743,O96901,2026-04-10,Electronics,Headphones,1,17619,12,15504.72,Silver,Hyderabad,Wallet
C1821,O47770,2026-03-01,Fashion,T-Shirt,2,3852,16,6471.36,Gold,Chennai,Debit Card
C1841,O16841,2025-12-06,Beauty,Shampoo,3,5620,14,14499.6,Gold,Chennai,Wallet
C1619,O13488,2025-11-07,Electronics,Smartphone,5,9486,6,44584.2,Silver,Bangalore,UPI
C1390,O66413,2026-01-26,Sports,Cricket Bat,5,11380,12,50072.0,Gold,Mumbai,Debit Card
C1255,O36715,2026-05-27,Beauty,Moisturizer,5,2221,19,8995.05,Gold,Hyderabad,UPI
C1422,O87677,2025-09-12,Home Decor,Wall Art,4,2413,6,9072.88,Gold,Bangalore,Net Banking
C1966,O80053,2025-11-20,Groceries,Milk,2,1244,21,1965.52,Silver,Mumbai,Net Banking
C1875,O71179,2025-06-20,Groceries,Bread,4,318,4,1221.12,Platinum,Chennai,Debit Card
C1821,O59467,2026-02-28,Beauty,Shampoo,5,2468,26,9131.6,Silver,Pune,Debit Card
C1143,O45341,2025-11-23,Beauty,Shampoo,2,364,25,546.0,Silver,Chennai,Wallet
C1915,O59815,2025-11-01,Beauty,Perfume,4,2836,20,9075.2,Platinum,Pune,Debit Card
C1956,O20909,2025-12-17,Electronics,Smartphone,1,50491,0,50491.0,Gold,Pune,Debit Card
C1747,O89985,2025-09-12,Home Decor,Wall Art,2,11048,12,19444.48,Platinum,Bangalore,Wallet
C1988,O61599,2026-01-25,Electronics,Smartphone,2,17470,4,33542.4,Silver,Chennai,Wallet
C1246,O69915,2025-09-24,Beauty,Perfume,3,1974,29,4204.62,Silver,Bangalore,Debit Card
C1702,O78595,2026-05-01,Home Decor,Carpet,5,5030,21,19868.5,Platinum,Delhi,Wallet
C1428,O72941,2026-03-29,Electronics,Headphones,2,30852,25,46278.0,Platinum,Pune,Debit Card
C1258,O76444,2025-10-06,Electronics,Smartphone,2,32615,8,60011.6,Silver,Pune,Debit Card
C1450,O49822,2025-10-29,Home Decor,Carpet,5,2178,4,10454.4,Silver,Hyderabad,Debit Card
C1842,O27880,2025-09-10,Electronics,Laptop,4,50042,21,158132.72,Platinum,Mumbai,UPI
C1256,O27209,2025-08-07,Sports,Football,5,2571,15,10926.75,Gold,Bangalore,Credit Card
C1990,O55972,2025-06-14,Electronics,Smartphone,4,20188,2,79136.96,Platinum,Pune,Net Banking
C1426,O64193,2025-09-10,Sports,Cricket Bat,3,15714,28,33942.24,Platinum,Hyderabad,Wallet
C1060,O31099,2025-10-27,Fashion,Shoes,1,9290,20,7432.0,Platinum,Chennai,UPI
C1189,O14670,2025-08-06,Fashion,Jacket,4,6686,1,26476.56,Platinum,Mumbai,UPI
C1289,O44894,2025-08-22,Sports,Dumbbells,5,3634,7,16898.1,Silver,Mumbai,UPI
C1474,O97712,2025-08-05,Electronics,Smart Watch,1,86764,19,70278.84,Platinum,Bangalore,Net Banking
C1002,O31235,2026-03-15,Beauty,Face Wash,4,3914,17,12994.48,Silver,Delhi,Debit Card
C1773,O72262,2026-05-28,Beauty,Moisturizer,3,8366,15,21333.3,Platinum,Hyderabad,Credit Card
C1458,O77725,2026-03-19,Fashion,Jacket,3,4153,8,11462.28,Silver,Bangalore,Net Banking
C1996,O32864,2026-04-16,Groceries,Bread,1,738,3,715.86,Gold,Bangalore,Debit Card
C1757,O85400,2025-08-22,Home Decor,Lamp,5,9374,11,41714.3,Platinum,Bangalore,UPI
C1741,O46717,2025-08-13,Electronics,Headphones,5,11320,12,49808.0,Silver,Pune,Credit Card
C1964,O34356,2025-08-17,Sports,Yoga Mat,4,3956,20,12659.2,Platinum,Bangalore,Net Banking
C1535,O28578,2025-06-23,Home Decor,Wall Art,2,8302,14,14279.44,Silver,Chennai,Net Banking
C1560,O63021,2026-04-05,Home Decor,Lamp,2,14568,29,20686.56,Platinum,Mumbai,Net Banking
C1848,O68908,2025-09-18,Home Decor,Lamp,4,17630,12,62057.6,Platinum,Pune,Debit Card
C1484,O78798,2026-03-13,Fashion,Jeans,4,8970,22,27986.4,Platinum,Bangalore,Credit Card
C1973,O89122,2026-03-02,Electronics,Laptop,1,30952,26,22904.48,Gold,Chennai,Wallet
C1701,O40752,2025-06-17,Home Decor,Lamp,3,1167,2,3430.98,Silver,Delhi,Debit Card
C1992,O52547,2026-04-30,Electronics,Smartphone,5,20301,13,88309.35,Silver,Mumbai,Debit Card
C1361,O27981,2025-10-07,Beauty,Face Wash,4,4573,18,14999.44,Silver,Pune,Debit Card
C1921,O11677,2026-04-28,Groceries,Rice,4,928,18,3043.84,Platinum,Chennai,Debit Card
C1451,O52097,2025-12-03,Groceries,Eggs,3,2419,7,6749.01,Gold,Hyderabad,Net Banking
C1445,O91502,2025-08-13,Groceries,Rice,1,874,23,672.98,Platinum,Delhi,UPI
C1392,O11629,2025-08-24,Fashion,Shoes,4,4444,30,12443.2,Platinum,Bangalore,Net Banking
C1827,O28152,2026-04-22,Electronics,Smart Watch,3,55647,3,161932.77,Gold,Mumbai,Net Banking
C1189,O27761,2026-04-11,Electronics,Headphones,3,49144,11,131214.48,Silver,Pune,Credit Card
C1594,O93694,2026-05-09,Sports,Cricket Bat,2,531,11,945.18,Silver,Bangalore,Wallet
C1958,O35889,2025-08-06,Home Decor,Lamp,5,5566,1,27551.7,Gold,Pune,Wallet
C1998,O76823,2026-05-04,Beauty,Face Wash,5,6262,2,30683.8,Gold,Chennai,Net Banking
C1713,O24655,2026-01-15,Groceries,Eggs,3,1873,7,5225.67,Gold,Delhi,UPI
C1659,O74522,2025-11-15,Sports,Dumbbells,4,2164,6,8136.64,Gold,Mumbai,Wallet
C1883,O24397,2025-09-09,Beauty,Moisturizer,3,3925,2,11539.5,Silver,Mumbai,UPI
C1608,O63999,2025-06-13,Groceries,Eggs,4,2756,5,10472.8,Platinum,Chennai,Credit Card
C1848,O98577,2026-02-21,Home Decor,Carpet,4,1031,27,3010.52,Silver,Delhi,Net Banking
C1444,O12843,2026-05-08,Sports,Yoga Mat,4,4165,2,16326.8,Silver,Chennai,Debit Card
C1211,O46085,2025-12-01,Beauty,Moisturizer,1,3066,26,2268.84,Silver,Pune,Credit Card
C1816,O96009,2025-07-25,Groceries,Eggs,1,1300,13,1131.0,Platinum,Delhi,Credit Card
C1601,O39500,2026-03-27,Groceries,Eggs,1,136,13,118.32,Silver,Chennai,Debit Card
C1832,O50078,2026-03-19,Groceries,Bread,3,1258,12,3321.12,Silver,Delhi,Wallet
C1821,O83148,2025-10-05,Electronics,Laptop,4,61026,4,234339.84,Gold,Hyderabad,Net Banking
C1665,O30765,2026-02-11,Electronics,Smartphone,2,72256,6,135841.28,Gold,Chennai,UPI
C1929,O13161,2026-04-06,Groceries,Eggs,3,2438,7,6802.02,Platinum,Hyderabad,Credit Card
C1025,O98902,2025-07-27,Fashion,Shoes,4,6420,15,21828.0,Gold,Chennai,Wallet
C1977,O89883,2026-05-09,Beauty,Shampoo,3,5602,10,15125.4,Platinum,Hyderabad,Wallet
C1164,O26856,2026-03-23,Groceries,Rice,4,834,19,2702.16,Platinum,Chennai,Net Banking
C1368,O13344,2026-03-02,Home Decor,Carpet,5,18730,30,65555.0,Platinum,Chennai,UPI
C1263,O28055,2025-12-23,Electronics,Smart Watch,3,48028,7,133998.12,Platinum,Pune,Credit Card
C1166,O38787,2025-07-11,Electronics,Smart Watch,2,35808,25,53712.0,Gold,Chennai,Credit Card
C1723,O78356,2026-05-26,Electronics,Headphones,1,11344,25,8508.0,Gold,Pune,Wallet
C1123,O39779,2025-09-02,Fashion,Shoes,5,1716,11,7636.2,Silver,Bangalore,UPI
C1491,O66959,2026-04-22,Electronics,Smartphone,3,51508,0,154524.0,Gold,Delhi,Net Banking
C1260,O45921,2025-10-13,Beauty,Perfume,1,3237,24,2460.12,Silver,Chennai,Net Banking
C1868,O15248,2025-08-31,Home Decor,Wall Art,4,6235,16,20949.6,Gold,Mumbai,Net Banking
C1461,O34995,2025-08-21,Sports,Yoga Mat,5,6964,26,25766.8,Gold,Mumbai,UPI
C1106,O51714,2026-03-08,Home Decor,Carpet,4,7904,15,26873.6,Platinum,Hyderabad,Wallet
C1265,O59770,2025-12-20,Groceries,Milk,5,1356,11,6034.2,Gold,Delhi,UPI
C1719,O23689,2025-12-04,Fashion,Shoes,1,9452,22,7372.56,Platinum,Bangalore,UPI
C1658,O17978,2026-02-21,Sports,Yoga Mat,1,859,19,695.79,Silver,Pune,Debit Card
C1882,O87649,2025-10-12,Home Decor,Lamp,2,1645,21,2599.1,Silver,Hyderabad,Debit Card
C1288,O95372,2025-06-07,Home Decor,Carpet,1,11784,22,9191.52,Gold,Hyderabad,Debit Card
C1097,O79530,2025-12-01,Groceries,Rice,1,850,19,688.5,Gold,Hyderabad,UPI
C1038,O91583,2025-12-29,Beauty,Face Wash,1,2017,25,1512.75,Gold,Chennai,Debit Card
C1442,O91364,2025-09-11,Groceries,Milk,4,2394,24,7277.76,Platinum,Hyderabad,Debit Card
C1850,O64333,2025-11-09,Electronics,Laptop,1,22064,4,21181.44,Platinum,Chennai,Debit Card
C1872,O42757,2025-07-08,Electronics,Smartphone,4,12423,2,48698.16,Gold,Bangalore,Wallet
C1990,O84849,2025-10-09,Beauty,Moisturizer,3,5635,13,14707.35,Gold,Delhi,Debit Card
C1275,O30402,2025-08-04,Beauty,Perfume,5,5814,27,21221.1,Gold,Bangalore,Debit Card
C1543,O92254,2025-12-18,Groceries,Eggs,3,1671,3,4862.61,Silver,Mumbai,Net Banking
C1934,O15788,2026-02-20,Electronics,Smart Watch,1,71455,7,66453.15,Gold,Hyderabad,Debit Card
C1735,O86812,2026-02-25,Beauty,Moisturizer,2,1670,8,3072.8,Silver,Mumbai,UPI
C1298,O97033,2025-07-27,Fashion,Shoes,3,942,28,2034.72,Silver,Hyderabad,Credit Card
C1366,O26829,2025-06-14,Fashion,T-Shirt,3,3214,2,9449.16,Platinum,Chennai,Credit Card
C1126,O51914,2026-02-03,Fashion,Shoes,1,4551,28,3276.72,Silver,Bangalore,UPI
C1340,O44673,2025-09-28,Beauty,Shampoo,2,3699,20,5918.4,Gold,Hyderabad,Debit Card
C1882,O92756,2026-01-21,Groceries,Bread,5,904,16,3796.8,Platinum,Bangalore,Wallet
C1685,O23304,2025-06-19,Sports,Yoga Mat,5,7947,7,36953.55,Silver,Hyderabad,Net Banking
C1826,O46626,2026-05-27,Groceries,Eggs,1,284,21,224.36,Silver,Bangalore,Debit Card
C1951,O47089,2025-08-28,Electronics,Smartphone,1,37032,1,36661.68,Silver,Pune,Credit Card
C1161,O92086,2025-10-19,Fashion,T-Shirt,2,4963,4,9528.96,Silver,Delhi,Debit Card
C1483,O68748,2026-02-27,Electronics,Headphones,4,42170,22,131570.4,Silver,Mumbai,Credit Card
C1414,O87250,2025-09-28,Groceries,Milk,2,1378,4,2645.76,Silver,Pune,UPI
C1403,O82971,2026-02-22,Sports,Football,4,2471,12,8697.92,Silver,Bangalore,Wallet
C1248,O32132,2026-01-11,Beauty,Perfume,4,2023,27,5907.16,Gold,Pune,UPI
C1235,O79415,2025-11-23,Home Decor,Curtains,3,9861,13,25737.21,Gold,Hyderabad,Wallet
C1889,O16494,2025-09-04,Fashion,T-Shirt,4,3230,25,9690.0,Silver,Hyderabad,Credit Card
C1676,O65790,2026-02-17,Home Decor,Lamp,4,5374,2,21066.08,Silver,Pune,Wallet
C1716,O34949,2026-05-21,Home Decor,Lamp,4,7140,2,27988.8,Gold,Pune,Credit Card
C1727,O69217,2026-04-12,Electronics,Headphones,5,32359,17,134289.85,Gold,Pune,Wallet
C1390,O81998,2026-06-04,Sports,Yoga Mat,4,6391,24,19428.64,Gold,Delhi,Net Banking
C1320,O86087,2025-08-03,Electronics,Laptop,4,53077,27,154984.84,Gold,Mumbai,UPI
C1890,O28767,2026-01-15,Sports,Cricket Bat,3,10402,9,28397.46,Gold,Hyderabad,Net Banking
C1359,O62359,2026-05-08,Groceries,Rice,5,1762,1,8721.9,Gold,Chennai,Wallet
C1583,O33523,2025-06-08,Electronics,Headphones,3,11725,16,29547.0,Silver,Chennai,Net Banking
C1753,O50196,2026-06-05,Electronics,Smartphone,1,41641,25,31230.75,Gold,Bangalore,UPI
C1607,O26411,2025-06-19,Fashion,Jacket,5,8966,2,43933.4,Platinum,Pune,Credit Card
C1183,O36810,2026-01-13,Electronics,Smart Watch,3,17939,30,37671.9,Silver,Delhi,Net Banking
C1126,O86324,2025-12-11,Electronics,Smartphone,5,22873,25,85773.75,Silver,Bangalore,Net Banking
C1697,O50379,2025-10-09,Electronics,Smartphone,4,72528,12,255298.56,Platinum,Mumbai,Wallet
C1753,O60283,2025-06-06,Fashion,Jacket,1,6374,1,6310.26,Platinum,Pune,Debit Card
C1746,O25814,2025-06-06,Sports,Yoga Mat,2,2656,20,4249.6,Gold,Pune,UPI
C1509,O81959,2025-11-29,Home Decor,Lamp,3,18766,26,41660.52,Platinum,Bangalore,Wallet
C1985,O82228,2025-06-09,Fashion,T-Shirt,3,3782,22,8849.88,Silver,Delhi,UPI
C1555,O55283,2025-07-21,Fashion,T-Shirt,4,6360,10,22896.0,Gold,Chennai,Credit Card
C1892,O62731,2025-09-02,Home Decor,Lamp,3,7512,1,22310.64,Platinum,Hyderabad,Debit Card
C1545,O62169,2025-08-30,Beauty,Moisturizer,4,2739,8,10079.52,Silver,Delhi,Wallet
C1935,O69725,2026-02-09,Sports,Yoga Mat,4,2211,20,7075.2,Gold,Mumbai,Net Banking
C1741,O44047,2025-11-18,Beauty,Face Wash,3,4013,20,9631.2,Silver,Chennai,Debit Card
C1460,O50692,2025-12-26,Beauty,Perfume,1,8808,25,6606.0,Platinum,Mumbai,Debit Card
C1284,O92006,2025-12-27,Fashion,T-Shirt,2,9604,24,14598.08,Platinum,Delhi,UPI
C1093,O70886,2025-12-12,Beauty,Perfume,2,6164,2,12081.44,Platinum,Delhi,Net Banking
C1237,O70762,2026-02-08,Sports,Yoga Mat,3,3925,1,11657.25,Silver,Pune,UPI
C1779,O34408,2025-07-06,Sports,Yoga Mat,5,1398,28,5032.8,Gold,Pune,UPI
C1107,O75197,2026-01-17,Groceries,Eggs,2,2865,17,4755.9,Gold,Chennai,Credit Card
C1218,O75776,2026-01-16,Beauty,Perfume,5,1160,11,5162.0,Platinum,Delhi,Net Banking
C1359,O99929,2026-02-10,Sports,Cricket Bat,4,6712,19,21746.88,Gold,Delhi,Debit Card
C1074,O84775,2025-11-11,Home Decor,Wall Art,4,6956,12,24485.12,Platinum,Delhi,UPI
C1643,O61860,2025-10-23,Fashion,Jeans,4,2304,8,8478.72,Gold,Bangalore,Wallet
C1617,O86537,2026-05-13,Sports,Cricket Bat,4,11500,20,36800.0,Platinum,Bangalore,Net Banking
C1925,O96140,2025-07-23,Beauty,Perfume,5,2355,17,9773.25,Gold,Hyderabad,Debit Card
C1083,O34501,2026-05-28,Home Decor,Curtains,1,7077,0,7077.0,Silver,Pune,UPI
C1692,O85243,2026-03-04,Electronics,Smartphone,1,66010,0,66010.0,Platinum,Bangalore,Credit Card
C1727,O44179,2026-04-01,Fashion,Jeans,3,1155,25,2598.75,Silver,Bangalore,Debit Card
C1265,O96471,2025-10-03,Home Decor,Wall Art,4,5837,17,19378.84,Silver,Hyderabad,Credit Card
C1421,O28328,2025-12-06,Sports,Yoga Mat,2,10035,18,16457.4,Gold,Mumbai,Net Banking
C1694,O27350,2026-02-05,Sports,Cricket Bat,3,8518,20,20443.2,Platinum,Hyderabad,Debit Card
C1201,O33882,2025-12-12,Beauty,Face Wash,5,2673,10,12028.5,Silver,Delhi,Debit Card
C1364,O95350,2025-10-18,Electronics,Headphones,4,47841,0,191364.0,Silver,Hyderabad,UPI
C1519,O75288,2025-09-16,Home Decor,Wall Art,3,18512,30,38875.2,Platinum,Mumbai,Wallet
C1408,O52275,2026-02-18,Home Decor,Curtains,5,10906,17,45259.9,Gold,Pune,Net Banking
C1436,O26122,2026-03-12,Sports,Dumbbells,4,8650,29,24566.0,Gold,Bangalore,UPI
C1510,O52439,2025-09-05,Groceries,Milk,4,932,8,3429.76,Platinum,Mumbai,Net Banking
C1047,O40376,2025-12-19,Home Decor,Lamp,4,13626,11,48508.56,Platinum,Hyderabad,Debit Card
C1072,O71118,2025-11-27,Home Decor,Wall Art,1,16500,19,13365.0,Platinum,Hyderabad,Credit Card
C1497,O43909,2025-07-14,Fashion,Jeans,1,4532,18,3716.24,Silver,Hyderabad,UPI
C1247,O87092,2026-01-23,Home Decor,Curtains,2,4537,5,8620.3,Gold,Chennai,Wallet
C1326,O82196,2026-05-11,Home Decor,Lamp,4,7674,22,23942.88,Gold,Delhi,Debit Card
C1056,O82066,2025-06-27,Electronics,Headphones,4,16322,6,61370.72,Silver,Mumbai,Wallet
C1142,O52156,2025-10-14,Sports,Football,1,3390,23,2610.3,Platinum,Chennai,Wallet
C1201,O68178,2026-01-13,Sports,Cricket Bat,4,4563,5,17339.4,Gold,Hyderabad,Wallet
C1374,O60369,2025-06-10,Groceries,Bread,3,1353,17,3368.97,Gold,Hyderabad,Net Banking
C1817,O13457,2025-08-01,Electronics,Smart Watch,4,7249,7,26966.28,Silver,Chennai,UPI
C1639,O96244,2025-08-23,Fashion,Shoes,5,1170,2,5733.0,Silver,Bangalore,UPI
C1618,O85026,2025-07-29,Electronics,Headphones,3,67958,2,199796.52,Platinum,Mumbai,Net Banking
C1055,O86819,2025-11-25,Home Decor,Curtains,1,10986,8,10107.12,Platinum,Bangalore,Credit Card
C1970,O38319,2025-06-11,Electronics,Laptop,2,29260,9,53253.2,Silver,Bangalore,Net Banking
C1110,O73300,2025-06-28,Fashion,T-Shirt,2,7033,21,11112.14,Gold,Chennai,Debit Card
C1465,O30095,2026-04-16,Sports,Dumbbells,3,1406,20,3374.4,Silver,Bangalore,Net Banking
C1472,O45096,2026-04-03,Fashion,Jacket,5,6099,26,22566.3,Gold,Chennai,Credit Card
C1093,O82295,2025-09-18,Groceries,Milk,4,1396,1,5528.16,Silver,Bangalore,Credit Card
C1737,O65092,2026-05-22,Home Decor,Carpet,4,14899,28,42909.12,Gold,Chennai,Debit Card
C1567,O29079,2025-11-29,Home Decor,Curtains,2,12421,22,19376.76,Gold,Delhi,Credit Card
C1368,O37503,2025-08-11,Electronics,Headphones,2,37541,7,69826.26,Silver,Chennai,Debit Card
C1583,O13789,2025-10-14,Groceries,Rice,4,467,23,1438.36,Silver,Chennai,Debit Card
C1698,O49853,2025-06-24,Groceries,Bread,1,1899,14,1633.14,Silver,Bangalore,UPI
C1247,O64725,2025-07-29,Sports,Cricket Bat,3,6170,10,16659.0,Silver,Delhi,UPI
C1528,O51026,2026-03-12,Home Decor,Wall Art,5,5844,23,22499.4,Gold,Chennai,UPI
C1474,O70364,2026-01-12,Electronics,Smart Watch,4,13110,10,47196.0,Gold,Delhi,Debit Card
C1354,O53242,2025-08-12,Beauty,Shampoo,3,532,10,1436.4,Platinum,Bangalore,Net Banking
C1006,O99038,2025-11-26,Beauty,Perfume,1,1268,19,1027.08,Silver,Hyderabad,UPI
C1127,O93961,2025-09-07,Sports,Dumbbells,3,2764,29,5887.32,Gold,Delhi,Net Banking
C1634,O91228,2025-06-22,Sports,Dumbbells,5,6080,4,29184.0,Platinum,Chennai,Debit Card
C1282,O66120,2025-08-24,Electronics,Smartphone,2,53439,17,88708.74,Gold,Delhi,Debit Card
C1311,O28781,2026-01-07,Fashion,Jacket,5,1654,25,6202.5,Silver,Delhi,Wallet
C1604,O61171,2025-12-23,Groceries,Eggs,5,1953,27,7128.45,Gold,Delhi,Debit Card
C1282,O11399,2025-07-23,Sports,Dumbbells,2,618,2,1211.28,Silver,Hyderabad,Debit Card
C1516,O91076,2026-04-16,Sports,Dumbbells,5,11314,16,47518.8,Platinum,Chennai,Net Banking
C1060,O29947,2025-07-09,Groceries,Rice,1,216,18,177.12,Platinum,Delhi,Debit Card
C1166,O21555,2025-09-14,Fashion,Jeans,5,3004,12,13217.6,Gold,Chennai,Credit Card
C1780,O10366,2025-11-24,Fashion,Jacket,1,1713,21,1353.27,Silver,Bangalore,Debit Card
C1099,O47192,2025-07-26,Sports,Cricket Bat,3,2514,20,6033.6,Silver,Chennai,UPI
C1279,O84598,2026-02-12,Groceries,Rice,2,1842,16,3094.56,Gold,Hyderabad,Wallet
C1318,O24193,2026-02-28,Sports,Cricket Bat,5,9964,20,39856.0,Platinum,Hyderabad,Debit Card
C1023,O96051,2025-11-03,Fashion,T-Shirt,5,2565,11,11414.25,Silver,Hyderabad,UPI
C1326,O65830,2026-01-23,Sports,Cricket Bat,4,603,10,2170.8,Silver,Mumbai,Credit Card
C1701,O21187,2026-05-22,Home Decor,Lamp,5,8042,23,30961.7,Platinum,Bangalore,Net Banking
C1085,O73418,2025-11-16,Electronics,Smartphone,4,30636,21,96809.76,Silver,Bangalore,UPI
C1806,O86157,2026-05-17,Home Decor,Carpet,2,8997,26,13315.56,Silver,Pune,UPI
C1604,O59745,2025-11-12,Beauty,Perfume,4,5364,28,15448.32,Platinum,Mumbai,Wallet
C1939,O45016,2025-11-22,Groceries,Eggs,1,1139,15,968.15,Silver,Delhi,Net Banking
C1324,O26693,2026-01-18,Groceries,Bread,4,366,4,1405.44,Silver,Bangalore,UPI
C1384,O12972,2025-08-14,Sports,Yoga Mat,3,9037,20,21688.8,Gold,Pune,Credit Card
C1499,O90152,2026-03-24,Electronics,Laptop,2,16332,16,27437.76,Gold,Delhi,Wallet
C1646,O72551,2026-05-05,Groceries,Milk,3,572,8,1578.72,Silver,Hyderabad,Net Banking
C1884,O45001,2026-05-27,Sports,Cricket Bat,3,7491,0,22473.0,Gold,Bangalore,Credit Card
C1507,O36924,2025-06-24,Home Decor,Carpet,4,10791,16,36257.76,Gold,Pune,Net Banking
C1418,O10347,2026-01-01,Beauty,Moisturizer,5,3548,10,15966.0,Platinum,Chennai,UPI
C1985,O89513,2026-01-20,Fashion,Jeans,5,3639,28,13100.4,Silver,Chennai,Credit Card
C1053,O98357,2026-01-08,Home Decor,Wall Art,2,5550,8,10212.0,Platinum,Delhi,Wallet
C1337,O86111,2025-08-23,Home Decor,Curtains,1,7654,4,7347.84,Platinum,Pune,Debit Card
C1059,O27386,2025-08-29,Electronics,Smartphone,2,39900,3,77406.0,Platinum,Delhi,UPI
C1481,O77042,2026-02-18,Beauty,Moisturizer,4,2010,24,6110.4,Platinum,Delhi,Debit Card
C1837,O16690,2025-06-07,Beauty,Moisturizer,2,5900,18,9676.0,Platinum,Mumbai,Debit Card
C1834,O92603,2026-05-20,Home Decor,Curtains,4,10356,8,38110.08,Gold,Delhi,UPI
C1937,O23034,2025-11-25,Sports,Cricket Bat,3,7071,23,16334.01,Silver,Mumbai,Debit Card
C1865,O44588,2025-08-29,Beauty,Moisturizer,1,929,29,659.59,Silver,Chennai,Net Banking
C1365,O75156,2025-12-30,Groceries,Milk,2,1416,0,2832.0,Platinum,Pune,Net Banking
C1523,O73358,2026-04-15,Beauty,Moisturizer,3,4348,1,12913.56,Gold,Bangalore,Credit Card
C1742,O34884,2026-03-21,Groceries,Bread,3,1078,15,2748.9,Silver,Mumbai,Net Banking
C1629,O93401,2026-04-16,Groceries,Bread,3,1237,10,3339.9,Silver,Pune,Wallet
C1728,O59948,2025-11-06,Sports,Dumbbells,1,3517,12,3094.96,Silver,Mumbai,Wallet
C1781,O15607,2025-08-28,Beauty,Shampoo,3,3736,28,8069.76,Gold,Hyderabad,UPI
C1083,O16681,2025-07-26,Sports,Cricket Bat,1,5420,27,3956.6,Silver,Hyderabad,Net Banking
C1501,O66152,2025-06-12,Home Decor,Carpet,1,10648,27,7773.04,Gold,Delhi,Net Banking
C1862,O63952,2026-01-05,Groceries,Eggs,1,1192,16,1001.28,Gold,Bangalore,Debit Card
C1766,O54345,2026-02-25,Groceries,Rice,3,1224,25,2754.0,Gold,Mumbai,Debit Card
C1615,O71516,2025-12-05,Beauty,Moisturizer,5,3930,22,15327.0,Gold,Delhi,UPI
C1381,O59593,2026-03-25,Home Decor,Curtains,5,2253,4,10814.4,Silver,Mumbai,Net Banking
C1907,O46342,2025-07-28,Home Decor,Curtains,4,12156,0,48624.0,Platinum,Bangalore,Wallet
C1778,O18455,2025-07-14,Groceries,Rice,5,1478,7,6872.7,Silver,Chennai,Net Banking
C1500,O21384,2026-03-11,Home Decor,Curtains,2,14163,22,22094.28,Gold,Hyderabad,Credit Card
C1236,O49731,2025-07-22,Fashion,Jeans,4,6061,23,18667.88,Gold,Hyderabad,Debit Card
C1518,O76611,2025-07-20,Beauty,Face Wash,2,2188,21,3457.04,Platinum,Pune,UPI
C1475,O78441,2025-06-23,Sports,Dumbbells,3,5652,27,12377.88,Platinum,Hyderabad,Credit Card
C1573,O41379,2026-04-06,Electronics,Smart Watch,3,12608,20,30259.2,Platinum,Hyderabad,Debit Card
C1132,O14837,2025-10-12,Electronics,Headphones,4,26508,7,98609.76,Platinum,Chennai,Debit Card
C1562,O71012,2026-04-03,Fashion,T-Shirt,1,3424,7,3184.32,Platinum,Delhi,Debit Card
C1901,O38684,2025-11-29,Electronics,Headphones,3,95382,16,240362.64,Platinum,Hyderabad,Credit Card
C1822,O34333,2026-04-04,Beauty,Moisturizer,2,1370,8,2520.8,Platinum,Bangalore,Wallet
C1396,O11274,2025-08-17,Sports,Yoga Mat,3,6687,30,14042.7,Gold,Bangalore,Debit Card
C1766,O32545,2026-06-03,Groceries,Rice,1,446,25,334.5,Silver,Bangalore,Credit Card
C1150,O76856,2026-04-05,Beauty,Face Wash,2,4122,22,6430.32,Platinum,Chennai,UPI
C1887,O85342,2025-07-28,Beauty,Face Wash,1,8686,24,6601.36,Platinum,Delhi,UPI
C1763,O55871,2026-03-28,Sports,Cricket Bat,2,1884,0,3768.0,Silver,Pune,UPI
C1486,O46611,2025-08-13,Electronics,Smartphone,1,13164,0,13164.0,Platinum,Delhi,Debit Card
C1819,O85779,2025-06-20,Groceries,Rice,1,534,0,534.0,Silver,Pune,Wallet
C1958,O42250,2026-01-07,Groceries,Eggs,1,1218,21,962.22,Gold,Hyderabad,Debit Card
C1578,O34080,2025-08-21,Fashion,Shoes,5,738,18,3025.8,Silver,Delhi,Debit Card
C1458,O39855,2025-08-07,Sports,Football,3,6012,23,13887.72,Silver,Hyderabad,Credit Card
C1672,O54622,2025-10-16,Beauty,Perfume,1,2335,17,1938.05,Silver,Mumbai,Debit Card
C1574,O33926,2026-04-27,Beauty,Moisturizer,1,5596,12,4924.48,Platinum,Hyderabad,Wallet
C1922,O22395,2026-03-12,Beauty,Moisturizer,4,1266,1,5013.36,Silver,Bangalore,Wallet
C1178,O36760,2026-05-30,Sports,Yoga Mat,2,15350,27,22411.0,Platinum,Hyderabad,UPI
C1476,O34105,2025-08-14,Groceries,Milk,2,373,27,544.58,Gold,Pune,Credit Card
C1802,O99023,2025-08-07,Beauty,Moisturizer,3,795,26,1764.9,Gold,Pune,Debit Card
C1072,O63506,2025-10-28,Home Decor,Carpet,3,11281,18,27751.26,Gold,Hyderabad,Wallet
C1802,O52314,2025-08-17,Home Decor,Carpet,4,14064,29,39941.76,Gold,Bangalore,UPI
C1492,O73370,2026-03-11,Fashion,Shoes,3,5920,21,14030.4,Gold,Pune,UPI
C1799,O21842,2025-10-13,Groceries,Rice,2,2688,3,5214.72,Gold,Bangalore,Wallet
C1236,O77573,2025-06-30,Groceries,Eggs,2,1222,0,2444.0,Platinum,Chennai,Debit Card
C1405,O45835,2025-08-22,Home Decor,Wall Art,1,10440,26,7725.6,Gold,Hyderabad,UPI
C1835,O82848,2025-10-08,Groceries,Milk,5,1459,2,7149.1,Gold,Mumbai,UPI
C1625,O18920,2025-09-11,Home Decor,Wall Art,4,5212,12,18346.24,Silver,Mumbai,Credit Card
C1628,O70082,2025-07-25,Electronics,Smartphone,4,46649,9,169802.36,Silver,Chennai,UPI
C1384,O63898,2025-07-25,Beauty,Face Wash,4,307,27,896.44,Gold,Chennai,Net Banking
C1626,O74033,2025-11-26,Beauty,Face Wash,2,6103,3,11839.82,Gold,Delhi,Net Banking
C1473,O75124,2025-09-20,Fashion,Shoes,4,3889,27,11355.88,Silver,Chennai,Net Banking
C1303,O27803,2026-03-24,Beauty,Shampoo,5,1028,24,3906.4,Platinum,Bangalore,Wallet
C1273,O25216,2025-11-22,Sports,Cricket Bat,4,5503,0,22012.0,Silver,Delhi,Credit Card
C1267,O15857,2026-02-05,Beauty,Moisturizer,5,2853,28,10270.8,Silver,Hyderabad,Credit Card
C1996,O82183,2026-05-19,Electronics,Headphones,4,36959,26,109398.64,Silver,Chennai,Wallet
C1528,O51223,2025-12-30,Sports,Cricket Bat,5,2018,23,7769.3,Silver,Delhi,Wallet
C1871,O37103,2026-05-02,Electronics,Smartphone,3,32393,20,77743.2,Silver,Delhi,Credit Card
C1834,O81224,2025-10-12,Groceries,Bread,3,1272,20,3052.8,Platinum,Chennai,Net Banking
C1185,O49814,2025-07-13,Fashion,Jeans,1,936,25,702.0,Silver,Hyderabad,Wallet
C1571,O36562,2025-07-25,Groceries,Bread,1,1548,27,1130.04,Silver,Hyderabad,Net Banking
C1975,O14664,2025-08-21,Fashion,Shoes,2,3666,26,5425.68,Platinum,Bangalore,UPI
C1080,O48170,2026-01-16,Home Decor,Lamp,2,13076,27,19090.96,Platinum,Chennai,Wallet
C1332,O83616,2025-09-21,Groceries,Rice,1,2634,12,2317.92,Platinum,Pune,Credit Card
C1476,O88530,2025-08-26,Home Decor,Carpet,4,6571,21,20764.36,Gold,Pune,UPI
C1162,O44994,2026-05-28,Sports,Yoga Mat,1,11122,28,8007.84,Platinum,Chennai,Wallet
C1925,O39117,2026-03-12,Electronics,Smartphone,1,31084,9,28286.44,Silver,Pune,UPI
C1975,O17145,2026-01-24,Groceries,Bread,4,1149,15,3906.6,Silver,Bangalore,Credit Card
C1715,O64202,2026-04-22,Sports,Cricket Bat,3,12880,8,35548.8,Platinum,Bangalore,Wallet
C1143,O45552,2025-11-19,Fashion,Shoes,3,5572,0,16716.0,Platinum,Chennai,Wallet
C1993,O48220,2026-01-11,Home Decor,Curtains,5,6880,14,29584.0,Gold,Chennai,Net Banking
C1356,O21642,2025-06-29,Groceries,Rice,2,522,27,762.12,Silver,Pune,Debit Card
C1842,O18663,2026-04-29,Electronics,Smartphone,5,33958,29,120550.9,Platinum,Pune,Credit Card
C1970,O90283,2025-09-10,Groceries,Eggs,1,981,20,784.8,Silver,Mumbai,Net Banking
C1051,O39363,2026-05-21,Sports,Cricket Bat,4,4257,13,14814.36,Silver,Delhi,Debit Card
C1597,O48176,2025-08-05,Sports,Cricket Bat,2,7463,9,13582.66,Silver,Hyderabad,Credit Card
C1203,O39035,2026-01-14,Fashion,T-Shirt,2,3670,8,6752.8,Gold,Hyderabad,Debit Card
C1882,O87285,2025-06-12,Home Decor,Carpet,1,2592,12,2280.96,Platinum,Delhi,Debit Card
C1322,O38650,2025-07-11,Fashion,Jacket,4,1845,23,5682.6,Silver,Mumbai,UPI
C1964,O72186,2026-01-01,Sports,Yoga Mat,5,1358,20,5432.0,Platinum,Chennai,Debit Card
C1720,O74609,2026-01-23,Sports,Cricket Bat,3,1602,28,3460.32,Platinum,Pune,Wallet
C1161,O43348,2025-09-15,Electronics,Smartphone,2,40320,22,62899.2,Platinum,Mumbai,Net Banking
C1886,O87664,2025-09-18,Groceries,Milk,5,1528,13,6646.8,Gold,Bangalore,Net Banking
C1269,O61195,2025-08-11,Electronics,Smart Watch,5,29008,18,118932.8,Silver,Chennai,Net Banking
C1014,O77025,2025-10-15,Electronics,Smart Watch,5,31585,2,154766.5,Gold,Chennai,UPI
C1278,O97801,2025-09-22,Home Decor,Curtains,5,3405,27,12428.25,Silver,Mumbai,Wallet
C1290,O46781,2026-03-10,Home Decor,Curtains,4,1280,20,4096.0,Silver,Bangalore,Credit Card
C1554,O28113,2025-12-28,Electronics,Smartphone,5,49200,27,179580.0,Silver,Chennai,Net Banking
C1322,O44895,2025-06-17,Sports,Football,1,4228,28,3044.16,Silver,Delhi,Credit Card
C1415,O91607,2025-07-05,Electronics,Headphones,4,45084,30,126235.2,Gold,Pune,Net Banking
C1704,O81353,2025-10-16,Groceries,Eggs,1,798,17,662.34,Gold,Chennai,Wallet
C1027,O70006,2026-05-03,Sports,Yoga Mat,4,6009,25,18027.0,Gold,Mumbai,UPI
C1073,O76985,2025-09-21,Fashion,Shoes,4,815,27,2379.8,Silver,Bangalore,UPI
C1469,O36341,2025-06-24,Sports,Dumbbells,1,928,8,853.76,Silver,Pune,Wallet
C1088,O26087,2025-10-11,Home Decor,Curtains,3,10460,13,27300.6,Platinum,Pune,Wallet
C1491,O32450,2026-04-27,Sports,Yoga Mat,5,6843,23,26345.55,Gold,Hyderabad,Wallet
C1226,O47505,2025-07-12,Sports,Dumbbells,2,4590,13,7986.6,Silver,Hyderabad,Net Banking
C1757,O90497,2025-08-18,Electronics,Laptop,4,71008,12,249948.16,Platinum,Chennai,Debit Card
C1819,O11091,2026-06-02,Sports,Cricket Bat,1,1096,2,1074.08,Gold,Hyderabad,Debit Card
C1794,O68998,2025-10-29,Sports,Yoga Mat,4,7530,23,23192.4,Silver,Pune,UPI
C1328,O22020,2025-06-16,Electronics,Laptop,3,56695,18,139469.7,Gold,Hyderabad,Net Banking
C1710,O25798,2026-04-24,Groceries,Bread,1,1458,26,1078.92,Gold,Pune,UPI
C1319,O84181,2026-03-09,Home Decor,Curtains,3,6189,11,16524.63,Silver,Delhi,UPI
C1675,O35404,2025-07-04,Home Decor,Lamp,1,12121,7,11272.53,Gold,Mumbai,UPI
C1344,O40256,2025-09-13,Fashion,Jeans,1,2490,0,2490.0,Platinum,Bangalore,Credit Card
C1605,O14049,2025-08-11,Fashion,Jacket,3,2097,20,5032.8,Silver,Hyderabad,Debit Card
C1131,O19860,2025-07-16,Sports,Dumbbells,4,8216,4,31549.44,Platinum,Pune,Debit Card
C1055,O87809,2026-05-04,Groceries,Eggs,3,486,1,1443.42,Silver,Hyderabad,Credit Card
C1439,O52708,2025-12-08,Beauty,Perfume,1,4584,11,4079.76,Silver,Bangalore,Credit Card
C1833,O41467,2025-12-23,Beauty,Face Wash,1,4510,22,3517.8,Gold,Pune,Debit Card
C1726,O85419,2026-04-24,Fashion,Jacket,3,5330,15,13591.5,Platinum,Hyderabad,Credit Card
C1154,O59965,2025-06-11,Electronics,Smartphone,4,39985,28,115156.8,Silver,Chennai,Credit Card
C1093,O77291,2026-04-22,Sports,Football,4,6428,16,21598.08,Silver,Delhi,Credit Card
C1736,O99578,2025-09-23,Groceries,Bread,4,2068,2,8106.56,Gold,Hyderabad,Wallet
C1921,O64537,2025-07-16,Groceries,Eggs,4,549,15,1866.6,Gold,Bangalore,Wallet
C1570,O42321,2025-12-13,Groceries,Bread,3,1330,3,3870.3,Gold,Pune,Wallet
C1261,O46335,2026-05-03,Fashion,Jeans,4,8320,22,25958.4,Platinum,Hyderabad,UPI
C1964,O31142,2026-01-18,Sports,Cricket Bat,4,11611,8,42728.48,Gold,Chennai,Debit Card
C1972,O73740,2026-02-20,Home Decor,Lamp,5,2976,2,14582.4,Silver,Bangalore,Wallet
C1754,O44513,2025-06-25,Beauty,Moisturizer,2,3794,14,6525.68,Silver,Chennai,UPI
C1296,O91852,2025-10-06,Electronics,Smartphone,1,79778,20,63822.4,Platinum,Delhi,Wallet
C1904,O50284,2025-06-15,Electronics,Smart Watch,4,47028,22,146727.36,Silver,Hyderabad,Wallet
C1096,O85710,2026-04-15,Electronics,Laptop,5,99294,5,471646.5,Platinum,Pune,Wallet
C1735,O80141,2026-01-24,Groceries,Milk,3,1791,29,3814.83,Gold,Hyderabad,Wallet
C1708,O90008,2025-09-07,Sports,Dumbbells,5,10243,14,44044.9,Gold,Pune,Debit Card
C1165,O96312,2025-06-10,Beauty,Perfume,3,9884,18,24314.64,Platinum,Hyderabad,Wallet
C1256,O22967,2026-06-04,Home Decor,Lamp,5,1448,10,6516.0,Silver,Pune,UPI
C1588,O37003,2025-10-31,Groceries,Eggs,4,433,10,1558.8,Gold,Bangalore,Credit Card
C1807,O89968,2025-11-17,Home Decor,Lamp,3,6567,2,19306.98,Silver,Pune,UPI
C1372,O85350,2026-04-26,Beauty,Face Wash,5,2944,5,13984.0,Platinum,Chennai,Net Banking
C1870,O86754,2026-01-05,Electronics,Smart Watch,3,17640,3,51332.4,Silver,Pune,Credit Card
C1553,O15786,2025-10-13,Beauty,Perfume,4,2184,19,7076.16,Silver,Chennai,Net Banking
C1867,O65843,2026-02-10,Beauty,Shampoo,4,3882,23,11956.56,Platinum,Delhi,Credit Card
C1222,O85102,2026-03-14,Fashion,Shoes,3,9948,4,28650.24,Platinum,Mumbai,Net Banking
C1959,O56547,2026-01-04,Electronics,Headphones,4,72226,16,242679.36,Platinum,Hyderabad,Credit Card
C1429,O92202,2026-03-11,Sports,Yoga Mat,1,5329,24,4050.04,Silver,Bangalore,Wallet
C1242,O55253,2025-12-07,Home Decor,Carpet,5,10086,25,37822.5,Gold,Pune,UPI
C1566,O64379,2025-10-06,Electronics,Laptop,5,13288,17,55145.2,Silver,Pune,Debit Card
C1123,O31540,2025-09-24,Fashion,Jeans,1,5757,7,5354.01,Gold,Delhi,UPI
C1743,O90271,2025-08-27,Beauty,Moisturizer,4,387,8,1424.16,Silver,Pune,Debit Card
C1365,O50856,2026-03-16,Home Decor,Lamp,5,7613,16,31974.6,Silver,Bangalore,Debit Card
C1322,O47511,2026-05-15,Beauty,Perfume,4,6181,3,23982.28,Gold,Mumbai,Credit Card
C1147,O77315,2026-04-11,Sports,Football,5,5994,13,26073.9,Platinum,Pune,Wallet
C1038,O88930,2026-04-06,Fashion,Jeans,2,1215,28,1749.6,Silver,Hyderabad,Debit Card
C1553,O78189,2025-06-29,Groceries,Eggs,4,290,2,1136.8,Platinum,Delhi,Net Banking
C1954,O52490,2025-10-27,Electronics,Smart Watch,5,23340,29,82857.0,Silver,Chennai,UPI
C1947,O73003,2026-02-01,Sports,Dumbbells,5,11772,14,50619.6,Gold,Delhi,Net Banking
C1151,O20381,2025-08-10,Fashion,Shoes,4,4792,7,17826.24,Silver,Delhi,Wallet
C1912,O25640,2025-09-16,Beauty,Face Wash,5,2209,23,8504.65,Gold,Chennai,Credit Card
C1820,O48038,2026-02-26,Fashion,Jeans,3,2871,7,8010.09,Silver,Pune,UPI
C1861,O15743,2026-03-31,Groceries,Eggs,2,1808,17,3001.28,Platinum,Delhi,Credit Card
C1581,O22033,2025-06-27,Sports,Dumbbells,5,3312,20,13248.0,Platinum,Chennai,Credit Card
C1893,O43202,2025-12-05,Sports,Football,4,3716,6,13972.16,Silver,Mumbai,Net Banking
C1815,O76950,2026-03-09,Fashion,T-Shirt,4,5797,26,17159.12,Gold,Mumbai,Wallet
C1944,O82338,2025-07-23,Sports,Yoga Mat,5,8313,8,38239.8,Gold,Pune,Debit Card
C1677,O93694,2025-07-25,Beauty,Shampoo,5,528,0,2640.0,Gold,Pune,UPI
C1743,O61918,2025-09-07,Beauty,Moisturizer,2,2724,8,5012.16,Platinum,Pune,Credit Card
C1604,O96331,2025-12-16,Fashion,Jeans,5,2320,6,10904.0,Platinum,Bangalore,Debit Card
C1266,O35535,2025-09-28,Beauty,Moisturizer,2,3766,4,7230.72,Gold,Bangalore,Net Banking
C1442,O81421,2026-03-13,Home Decor,Carpet,4,8398,8,30904.64,Silver,Hyderabad,Debit Card
C1165,O37995,2025-12-31,Sports,Football,1,14090,8,12962.8,Platinum,Delhi,Credit Card
C1986,O69543,2026-04-18,Sports,Yoga Mat,4,9444,3,36642.72,Gold,Delhi,Credit Card
C1823,O50248,2025-09-20,Beauty,Moisturizer,3,4690,30,9849.0,Gold,Mumbai,Wallet
C1704,O99943,2025-11-28,Beauty,Face Wash,4,5488,15,18659.2,Gold,Delhi,Debit Card
C1792,O57353,2026-05-01,Beauty,Face Wash,1,6824,2,6687.52,Platinum,Delhi,Net Banking
C1182,O62789,2025-07-24,Fashion,Shoes,5,3844,26,14222.8,Gold,Chennai,Wallet
C1809,O69865,2026-03-09,Electronics,Headphones,4,12216,16,41045.76,Platinum,Pune,Debit Card
C1438,O98573,2026-04-18,Home Decor,Wall Art,1,12970,24,9857.2,Gold,Hyderabad,Wallet
C1624,O27329,2025-11-09,Beauty,Face Wash,2,6964,1,13788.72,Platinum,Delhi,Wallet
C1491,O76102,2026-03-28,Home Decor,Carpet,1,4122,20,3297.6,Silver,Hyderabad,UPI
C1137,O63755,2026-03-20,Electronics,Smart Watch,1,56740,8,52200.8,Platinum,Delhi,Net Banking
C1995,O28502,2025-06-14,Sports,Football,5,6073,6,28543.1,Silver,Chennai,Credit Card
C1913,O33943,2025-11-05,Fashion,Jeans,4,1097,7,4080.84,Silver,Pune,UPI
C1207,O72583,2025-07-09,Beauty,Shampoo,2,528,17,876.48,Gold,Hyderabad,Debit Card
C1173,O23411,2026-01-15,Home Decor,Curtains,4,8768,28,25251.84,Silver,Hyderabad,Net Banking
C1144,O71239,2026-05-10,Fashion,Jacket,3,1581,28,3414.96,Silver,Delhi,Debit Card
C1442,O99200,2026-06-03,Fashion,Jeans,3,783,7,2184.57,Silver,Hyderabad,Credit Card
C1909,O16293,2025-06-17,Home Decor,Lamp,5,3199,4,15355.2,Silver,Bangalore,UPI
C1054,O50181,2025-07-11,Fashion,T-Shirt,4,5410,8,19908.8,Platinum,Mumbai,Wallet
C1556,O69008,2026-05-07,Home Decor,Curtains,2,4790,1,9484.2,Silver,Bangalore,UPI
C1457,O96213,2026-05-29,Beauty,Face Wash,4,2424,2,9502.08,Silver,Delhi,Credit Card
C1366,O64750,2026-01-14,Fashion,Jeans,5,6806,26,25182.2,Platinum,Bangalore,Debit Card
C1208,O46494,2026-01-04,Groceries,Eggs,5,1555,14,6686.5,Gold,Chennai,Wallet
C1853,O74480,2025-06-26,Electronics,Smart Watch,3,38434,12,101465.76,Platinum,Pune,Debit Card
C1074,O36851,2025-12-14,Electronics,Laptop,4,65005,17,215816.6,Gold,Delhi,Debit Card
C1725,O76240,2025-08-26,Fashion,Jeans,5,6942,7,32280.3,Gold,Delhi,UPI
C1957,O51239,2025-08-07,Fashion,T-Shirt,3,3196,2,9396.24,Gold,Hyderabad,Net Banking
C1435,O60782,2025-11-14,Electronics,Smart Watch,1,50715,10,45643.5,Gold,Delhi,Debit Card
C1799,O24598,2025-10-18,Fashion,Shoes,4,6409,24,19483.36,Gold,Delhi,Net Banking
C1578,O17222,2025-07-21,Electronics,Smartphone,1,30298,30,21208.6,Gold,Mumbai,Debit Card
C1779,O16924,2025-11-11,Electronics,Headphones,2,39371,12,69292.96,Silver,Bangalore,Debit Card
C1368,O36558,2025-06-25,Electronics,Smart Watch,3,5333,30,11199.3,Silver,Pune,Debit Card
C1285,O32541,2026-03-01,Fashion,Jeans,5,3064,5,14554.0,Platinum,Delhi,UPI
C1243,O57711,2026-02-11,Groceries,Rice,3,1874,12,4947.36,Silver,Mumbai,UPI
C1008,O57973,2026-01-19,Home Decor,Wall Art,5,5340,5,25365.0,Silver,Delhi,Wallet
C1201,O18895,2026-05-06,Electronics,Headphones,1,30661,30,21462.7,Gold,Delhi,Debit Card
C1494,O55500,2025-12-04,Electronics,Smartphone,4,68158,30,190842.4,Platinum,Delhi,Debit Card
C1246,O13440,2025-12-09,Fashion,Shoes,2,1782,26,2637.36,Gold,Pune,Net Banking
C1278,O69476,2025-11-23,Groceries,Bread,3,1728,13,4510.08,Gold,Pune,UPI
C1220,O31327,2026-04-09,Beauty,Moisturizer,4,1216,8,4474.88,Gold,Delhi,Wallet
C1981,O88079,2026-04-20,Home Decor,Curtains,3,7194,2,21150.36,Silver,Pune,Net Banking
C1992,O25337,2026-05-29,Sports,Yoga Mat,1,3381,27,2468.13,Silver,Mumbai,Debit Card
C1843,O67363,2026-03-06,Home Decor,Curtains,1,13366,30,9356.2,Platinum,Hyderabad,Credit Card
C1126,O41808,2026-01-27,Groceries,Eggs,2,1704,8,3135.36,Silver,Pune,Wallet
C1376,O15464,2026-04-22,Groceries,Eggs,1,1702,12,1497.76,Platinum,Mumbai,Debit Card
C1202,O85463,2025-07-20,Electronics,Smart Watch,5,26701,16,112144.2,Silver,Chennai,Net Banking
C1173,O36620,2026-02-05,Sports,Football,3,10782,27,23612.58,Platinum,Chennai,Credit Card
C1293,O54951,2026-05-15,Fashion,Jeans,1,2299,3,2230.03,Silver,Bangalore,Debit Card
C1302,O16877,2025-06-12,Home Decor,Lamp,4,1684,14,5792.96,Silver,Hyderabad,Wallet
C1491,O67898,2026-04-06,Groceries,Milk,2,3602,9,6555.64,Platinum,Mumbai,Net Banking
C1463,O26044,2026-01-05,Fashion,Jacket,1,6591,18,5404.62,Gold,Chennai,Wallet
C1855,O88837,2025-11-24,Electronics,Smartphone,5,14493,23,55798.05,Silver,Chennai,Debit Card
C1107,O78803,2025-10-28,Beauty,Face Wash,5,3586,5,17033.5,Silver,Pune,Net Banking
C1937,O22366,2026-02-22,Home Decor,Curtains,5,4150,29,14732.5,Silver,Delhi,UPI
C1609,O46887,2025-07-12,Beauty,Shampoo,3,1645,23,3799.95,Gold,Pune,Wallet
C1286,O81470,2025-10-26,Fashion,Jeans,1,3736,5,3549.2,Gold,Pune,Net Banking
C1682,O95392,2026-04-04,Beauty,Moisturizer,3,214,5,609.9,Silver,Hyderabad,Wallet
C1999,O40382,2025-09-08,Electronics,Laptop,2,49634,26,73458.32,Platinum,Hyderabad,UPI
C1967,O72764,2025-08-27,Groceries,Eggs,5,1686,24,6406.8,Platinum,Chennai,Debit Card
C1190,O25205,2026-02-22,Sports,Yoga Mat,3,14446,6,40737.72,Platinum,Chennai,Wallet
C1752,O37172,2025-12-11,Beauty,Perfume,2,7674,1,15194.52,Platinum,Mumbai,Net Banking
C1469,O66888,2026-02-07,Sports,Cricket Bat,2,1754,17,2911.64,Platinum,Chennai,UPI
C1350,O49278,2026-05-06,Beauty,Shampoo,2,1694,28,2439.36,Platinum,Mumbai,Credit Card
C1381,O36024,2026-02-09,Sports,Dumbbells,5,6948,24,26402.4,Silver,Hyderabad,UPI
C1649,O83232,2026-05-19,Groceries,Rice,3,2148,12,5670.72,Gold,Bangalore,UPI
C1766,O51235,2025-12-22,Sports,Cricket Bat,5,4839,4,23227.2,Silver,Mumbai,Net Banking
C1481,O91565,2025-11-05,Beauty,Shampoo,5,6523,18,26744.3,Gold,Hyderabad,Wallet
C1496,O47014,2026-03-08,Home Decor,Carpet,3,6996,10,18889.2,Platinum,Bangalore,UPI
C1916,O64602,2025-08-11,Groceries,Bread,4,1107,13,3852.36,Gold,Delhi,UPI
C1685,O28538,2025-11-17,Fashion,Jacket,5,1338,16,5619.6,Silver,Bangalore,Net Banking
C1935,O30079,2025-06-13,Electronics,Smartphone,3,82962,7,231463.98,Platinum,Chennai,Wallet
C1547,O57279,2025-10-16,Home Decor,Carpet,4,13782,5,52371.6,Gold,Pune,Wallet
C1291,O50670,2025-12-04,Sports,Cricket Bat,4,12964,22,40447.68,Platinum,Chennai,Debit Card
C1061,O45275,2025-07-05,Groceries,Bread,4,375,5,1425.0,Silver,Chennai,UPI
C1409,O18623,2025-12-08,Sports,Dumbbells,5,9310,21,36774.5,Gold,Mumbai,Debit Card
C1383,O93331,2025-06-24,Fashion,Jacket,5,3262,28,11743.2,Platinum,Bangalore,Wallet
C1979,O32229,2026-04-20,Electronics,Headphones,1,41768,3,40514.96,Platinum,Hyderabad,Wallet
C1079,O28696,2026-05-18,Home Decor,Curtains,1,12188,27,8897.24,Platinum,Delhi,UPI
C1807,O81299,2025-07-04,Sports,Yoga Mat,4,5079,3,19706.52,Silver,Chennai,Net Banking
C1171,O83013,2025-11-28,Home Decor,Curtains,5,12746,30,44611.0,Platinum,Mumbai,Debit Card
C1562,O42302,2025-07-19,Sports,Cricket Bat,3,4046,4,11652.48,Silver,Hyderabad,Debit Card
C1730,O91670,2025-11-29,Fashion,Jeans,5,4782,10,21519.0,Silver,Bangalore,Net Banking
C1564,O37820,2026-01-21,Groceries,Eggs,4,698,24,2121.92,Silver,Delhi,Net Banking
C1553,O50742,2026-04-08,Fashion,Shoes,5,9154,4,43939.2,Platinum,Delhi,Credit Card
C1091,O21660,2025-07-29,Home Decor,Carpet,5,13488,11,60021.6,Gold,Chennai,Credit Card
C1737,O76697,2025-09-21,Groceries,Bread,1,1338,15,1137.3,Gold,Mumbai,Wallet
C1711,O98442,2026-05-03,Sports,Cricket Bat,2,1696,6,3188.48,Gold,Chennai,Wallet
C1896,O62905,2026-05-28,Groceries,Eggs,3,1446,7,4034.34,Silver,Chennai,Credit Card
C1496,O28030,2025-10-06,Fashion,Jacket,4,1497,28,4311.36,Silver,Hyderabad,Debit Card
C1817,O34855,2025-06-21,Sports,Yoga Mat,3,7000,16,17640.0,Silver,Chennai,Wallet
C1956,O77519,2025-09-03,Groceries,Milk,4,432,8,1589.76,Platinum,Delhi,Wallet
C1641,O19767,2026-02-22,Fashion,Shoes,3,1633,11,4360.11,Silver,Delhi,UPI
C1580,O19386,2025-11-17,Groceries,Milk,1,652,14,560.72,Gold,Delhi,Net Banking
C1539,O71456,2025-09-10,Groceries,Rice,1,627,27,457.71,Silver,Bangalore,Wallet
C1855,O29466,2026-02-11,Sports,Yoga Mat,3,4444,0,13332.0,Silver,Bangalore,Wallet
C1117,O11860,2026-03-21,Sports,Dumbbells,5,3559,23,13702.15,Silver,Mumbai,Wallet
C1644,O21551,2025-09-28,Groceries,Milk,1,1921,4,1844.16,Silver,Mumbai,UPI
C1958,O20154,2026-02-12,Home Decor,Curtains,5,9657,18,39593.7,Silver,Hyderabad,Debit Card
C1221,O75179,2026-02-19,Electronics,Laptop,4,29895,13,104034.6,Gold,Chennai,Credit Card
C1023,O86996,2026-04-17,Sports,Football,4,4192,3,16264.96,Silver,Bangalore,UPI
C1463,O77157,2025-06-11,Electronics,Smartphone,3,7445,25,16751.25,Silver,Delhi,Net Banking
C1119,O57834,2025-08-08,Groceries,Milk,5,3350,4,16080.0,Platinum,Chennai,Wallet
C1234,O49979,2025-07-14,Beauty,Perfume,1,2547,29,1808.37,Silver,Chennai,Debit Card
C1768,O26090,2025-07-15,Groceries,Milk,4,424,27,1238.08,Gold,Delhi,Debit Card
C1427,O47346,2026-05-08,Home Decor,Wall Art,3,17786,12,46955.04,Platinum,Hyderabad,Debit Card
C1191,O51534,2026-05-01,Fashion,T-Shirt,4,3914,2,15342.88,Platinum,Mumbai,Credit Card
C1143,O76690,2026-04-17,Electronics,Laptop,5,47096,24,178964.8,Platinum,Chennai,Debit Card
C1346,O85754,2026-03-05,Fashion,Jeans,4,7698,0,30792.0,Platinum,Bangalore,Net Banking
C1877,O73856,2026-04-17,Fashion,T-Shirt,2,4665,30,6531.0,Silver,Delhi,Wallet
C1475,O66091,2026-05-24,Home Decor,Carpet,1,10884,9,9904.44,Gold,Delhi,UPI
C1810,O59374,2025-08-21,Groceries,Rice,2,1330,3,2580.2,Silver,Chennai,Credit Card
C1535,O23710,2026-05-24,Home Decor,Lamp,3,5230,12,13807.2,Gold,Hyderabad,Wallet
C1869,O43288,2025-10-15,Fashion,Jacket,1,5412,16,4546.08,Gold,Chennai,Credit Card
C1043,O28240,2025-09-18,Home Decor,Lamp,4,9743,5,37023.4,Silver,Bangalore,Net Banking
C1136,O26352,2026-01-30,Fashion,Jacket,2,3341,10,6013.8,Silver,Hyderabad,Net Banking
C1140,O50435,2026-02-23,Groceries,Milk,2,715,11,1272.7,Silver,Mumbai,UPI
C1155,O64038,2026-01-23,Beauty,Face Wash,5,4555,26,16853.5,Gold,Pune,Net Banking
C1527,O11723,2026-03-17,Beauty,Moisturizer,1,8394,2,8226.12,Platinum,Chennai,Wallet
C1772,O32230,2025-08-21,Home Decor,Lamp,2,7609,14,13087.48,Gold,Pune,Debit Card
C1069,O62477,2026-05-29,Electronics,Smartphone,4,7236,16,24312.96,Silver,Bangalore,Net Banking
C1471,O22398,2025-08-15,Sports,Cricket Bat,5,5498,1,27215.1,Silver,Delhi,Wallet
C1815,O40093,2025-11-29,Sports,Yoga Mat,4,9858,10,35488.8,Platinum,Mumbai,UPI
C1334,O45120,2025-12-12,Home Decor,Lamp,3,19802,11,52871.34,Platinum,Pune,Wallet
C1769,O93606,2025-06-29,Electronics,Smart Watch,2,15074,6,28339.12,Silver,Mumbai,UPI
C1676,O67944,2026-06-03,Groceries,Eggs,1,2004,10,1803.6,Platinum,Chennai,Debit Card
C2000,O45275,2025-10-25,Sports,Football,1,15252,22,11896.56,Platinum,Bangalore,Net Banking
C1680,O77253,2025-06-06,Fashion,Jeans,5,4038,20,16152.0,Silver,Chennai,UPI
C1961,O74397,2026-01-29,Groceries,Milk,2,1424,30,1993.6,Platinum,Hyderabad,UPI
C1969,O93584,2025-12-28,Fashion,Jeans,4,3978,28,11456.64,Gold,Chennai,Debit Card
C1106,O26992,2026-03-23,Electronics,Smart Watch,5,8257,14,35505.1,Gold,Hyderabad,Debit Card
C1941,O37844,2026-02-09,Home Decor,Curtains,4,7696,21,24319.36,Silver,Bangalore,Credit Card
C1646,O76740,2025-11-19,Beauty,Face Wash,1,3336,28,2401.92,Platinum,Chennai,Net Banking
C1702,O24108,2025-09-28,Home Decor,Curtains,3,1008,26,2237.76,Silver,Pune,Credit Card
C1356,O73891,2026-02-11,Beauty,Shampoo,1,996,0,996.0,Platinum,Mumbai,Net Banking
C1126,O84205,2025-06-12,Beauty,Shampoo,1,1808,19,1464.48,Platinum,Mumbai,Credit Card
C1996,O88287,2026-01-28,Beauty,Face Wash,4,356,14,1224.64,Silver,Bangalore,Debit Card
C1239,O16105,2026-05-11,Fashion,Shoes,5,6342,19,25685.1,Gold,Bangalore,Credit Card
C1737,O78841,2025-11-21,Home Decor,Lamp,5,9957,18,40823.7,Gold,Mumbai,Credit Card
C1335,O74418,2025-09-25,Beauty,Face Wash,5,5664,21,22372.8,Gold,Chennai,Net Banking
C1630,O49473,2026-03-02,Groceries,Eggs,3,1128,9,3079.44,Gold,Bangalore,Net Banking
C1522,O29453,2026-02-07,Fashion,T-Shirt,1,2485,2,2435.3,Gold,Bangalore,Wallet
C1938,O75702,2025-11-24,Fashion,T-Shirt,1,4692,0,4692.0,Gold,Delhi,Debit Card
C1030,O85205,2025-10-10,Groceries,Eggs,4,2314,21,7312.24,Platinum,Chennai,Net Banking
C1186,O77127,2026-05-03,Fashion,Jacket,5,6696,30,23436.0,Platinum,Delhi,Wallet
C1368,O50393,2026-01-29,Beauty,Moisturizer,2,7387,4,14183.04,Gold,Delhi,Debit Card
C1983,O91705,2025-08-06,Electronics,Smartphone,2,52594,11,93617.32,Platinum,Chennai,Net Banking
C1788,O94908,2025-08-11,Home Decor,Carpet,3,8551,27,18726.69,Gold,Delhi,Net Banking
C1699,O54812,2025-09-21,Home Decor,Lamp,5,8463,24,32159.4,Gold,Bangalore,Credit Card
C1451,O13730,2026-01-17,Home Decor,Wall Art,5,2650,29,9407.5,Gold,Hyderabad,Debit Card
C1126,O54672,2025-12-10,Beauty,Shampoo,4,9550,5,36290.0,Platinum,Delhi,Wallet
C1199,O47241,2025-11-23,Fashion,Shoes,1,4402,14,3785.72,Gold,Hyderabad,Net Banking
C1369,O29846,2026-01-01,Beauty,Shampoo,4,2388,16,8023.68,Gold,Hyderabad,Credit Card
C1493,O45597,2025-09-11,Fashion,Shoes,2,3992,18,6546.88,Platinum,Chennai,Debit Card
C1160,O16870,2025-07-28,Beauty,Perfume,4,776,19,2514.24,Silver,Chennai,Debit Card
C1898,O69412,2025-08-04,Electronics,Smart Watch,5,12623,21,49860.85,Silver,Mumbai,Net Banking
C1996,O71716,2025-07-24,Groceries,Bread,1,280,18,229.6,Gold,Hyderabad,Debit Card
C1665,O21767,2025-10-04,Groceries,Eggs,1,989,21,781.31,Silver,Hyderabad,Credit Card
C1706,O48712,2026-01-13,Sports,Football,3,9778,25,22000.5,Gold,Chennai,Wallet
C1326,O20512,2025-11-20,Electronics,Smart Watch,2,99106,20,158569.6,Platinum,Delhi,Net Banking
C1901,O53360,2025-10-30,Sports,Dumbbells,3,1282,20,3076.8,Silver,Chennai,Debit Card
C1635,O98967,2026-03-19,Fashion,Shoes,2,4212,9,7665.84,Silver,Delhi,Debit Card
C1662,O92479,2026-02-24,Beauty,Moisturizer,4,9082,3,35238.16,Platinum,Delhi,UPI
C1002,O80666,2026-04-16,Electronics,Headphones,4,19149,10,68936.4,Silver,Hyderabad,Wallet
C1827,O22648,2026-02-09,Sports,Dumbbells,4,5528,28,15920.64,Platinum,Hyderabad,Wallet
C1597,O79058,2025-08-11,Groceries,Bread,3,3960,22,9266.4,Platinum,Chennai,UPI
C1501,O98059,2025-06-19,Beauty,Face Wash,2,3043,22,4747.08,Silver,Hyderabad,Debit Card
C1826,O58980,2026-05-31,Electronics,Headphones,3,55875,23,129071.25,Gold,Delhi,Debit Card
C1712,O35605,2026-02-11,Fashion,Jeans,2,6922,24,10521.44,Platinum,Hyderabad,Wallet
C1961,O77711,2026-04-17,Beauty,Face Wash,5,1512,28,5443.2,Platinum,Delhi,Net Banking
C1766,O41271,2026-04-29,Sports,Dumbbells,3,5442,8,15019.92,Platinum,Chennai,Net Banking
C1783,O34155,2025-10-29,Fashion,Jacket,3,9774,22,22871.16,Platinum,Chennai,Credit Card
C1726,O28146,2025-12-19,Electronics,Smartphone,1,22515,5,21389.25,Gold,Chennai,Credit Card
C1356,O31186,2025-07-11,Beauty,Face Wash,3,1348,9,3680.04,Gold,Pune,Wallet
C1003,O77726,2025-12-12,Beauty,Face Wash,5,2486,9,11311.3,Silver,Delhi,Credit Card
C1536,O54401,2026-03-13,Beauty,Shampoo,4,2641,25,7923.0,Gold,Delhi,Wallet
C1078,O80665,2025-06-16,Beauty,Shampoo,2,3762,5,7147.8,Silver,Bangalore,Wallet
C1761,O31986,2025-12-01,Home Decor,Carpet,2,16976,26,25124.48,Platinum,Hyderabad,Credit Card
C1090,O10591,2026-01-28,Electronics,Laptop,3,91348,18,224716.08,Platinum,Bangalore,Credit Card
C1255,O74403,2025-07-28,Electronics,Laptop,2,66735,26,98767.8,Gold,Bangalore,Wallet
C1838,O87275,2025-11-24,Sports,Football,3,5625,4,16200.0,Silver,Chennai,Wallet
C1492,O54271,2025-07-26,Beauty,Perfume,2,3033,0,6066.0,Gold,Delhi,Net Banking
C1858,O71534,2025-12-02,Beauty,Shampoo,2,4562,0,9124.0,Platinum,Delhi,Wallet
C1016,O74835,2026-03-01,Home Decor,Lamp,3,19476,21,46158.12,Platinum,Mumbai,Net Banking
C1259,O86979,2025-09-26,Home Decor,Carpet,5,6082,7,28281.3,Gold,Bangalore,Net Banking
C1050,O99406,2025-06-12,Beauty,Perfume,4,3841,23,11830.28,Gold,Bangalore,Credit Card
C1783,O85144,2026-03-26,Beauty,Shampoo,3,3838,22,8980.92,Silver,Mumbai,Net Banking
C1770,O95911,2026-03-17,Sports,Football,4,7122,15,24214.8,Platinum,Chennai,Net Banking
C1541,O16839,2026-05-24,Sports,Cricket Bat,1,2498,26,1848.52,Platinum,Delhi,Credit Card
C1337,O79301,2026-01-25,Groceries,Rice,4,1980,24,6019.2,Gold,Delhi,Net Banking
C1949,O73161,2025-11-20,Electronics,Laptop,5,18920,20,75680.0,Platinum,Hyderabad,Credit Card
C1039,O83530,2025-07-15,Sports,Football,5,1200,20,4800.0,Silver,Bangalore,Credit Card
C1846,O76476,2026-04-25,Sports,Cricket Bat,3,3250,28,7020.0,Silver,Pune,Net Banking
C1876,O48845,2026-05-20,Electronics,Headphones,1,68239,19,55273.59,Gold,Pune,Net Banking
C1646,O11063,2025-08-24,Electronics,Laptop,5,49764,17,206520.6,Gold,Delhi,UPI
C1478,O58612,2025-12-21,Sports,Cricket Bat,1,5518,13,4800.66,Platinum,Hyderabad,Wallet
C1595,O77243,2026-05-04,Sports,Football,3,1794,18,4413.24,Gold,Hyderabad,Debit Card
C1323,O49110,2025-06-11,Fashion,Shoes,3,1738,30,3649.8,Gold,Mumbai,UPI
C1463,O51611,2026-04-22,Electronics,Smartphone,1,84518,19,68459.58,Platinum,Mumbai,UPI
C1468,O66385,2026-01-07,Sports,Dumbbells,1,8469,18,6944.58,Gold,Bangalore,Debit Card
C1872,O13664,2025-12-05,Sports,Dumbbells,4,5509,7,20493.48,Silver,Delhi,Debit Card
C1070,O90637,2025-06-25,Beauty,Moisturizer,5,4192,22,16348.8,Gold,Chennai,Net Banking
C1019,O20524,2026-03-16,Electronics,Laptop,4,30856,9,112315.84,Gold,Bangalore,Net Banking
C1869,O60200,2026-03-10,Beauty,Face Wash,4,5556,25,16668.0,Platinum,Hyderabad,Net Banking
C1712,O79216,2025-12-03,Fashion,Shoes,5,1287,18,5276.7,Gold,Pune,Credit Card
C1013,O50725,2026-04-14,Fashion,Shoes,3,1974,0,5922.0,Silver,Delhi,Credit Card
C1023,O57383,2026-04-05,Beauty,Face Wash,3,3782,29,8055.66,Platinum,Chennai,Credit Card
C1684,O37121,2025-10-12,Fashion,Jeans,2,9784,27,14284.64,Platinum,Pune,Wallet
C1895,O86113,2026-01-29,Groceries,Bread,4,1054,7,3920.88,Platinum,Bangalore,UPI
C1142,O92282,2026-04-29,Sports,Dumbbells,3,11634,27,25478.46,Platinum,Pune,Wallet
C1714,O30608,2026-03-12,Groceries,Rice,5,1353,18,5547.3,Silver,Delhi,Net Banking
C1325,O48821,2026-02-20,Sports,Dumbbells,3,9540,6,26902.8,Gold,Hyderabad,UPI
C1030,O88419,2026-02-23,Groceries,Bread,1,489,10,440.1,Silver,Bangalore,Wallet
C1471,O75624,2026-03-25,Fashion,Jeans,3,1837,19,4463.91,Silver,Hyderabad,UPI
C1536,O28542,2025-12-30,Electronics,Smartphone,3,74518,9,203434.14,Gold,Delhi,Net Banking
C1973,O69866,2026-03-03,Home Decor,Curtains,3,6451,23,14901.81,Silver,Chennai,Debit Card
C1762,O30019,2025-07-20,Electronics,Smart Watch,5,42321,0,211605.0,Silver,Delhi,Net Banking
C1307,O80177,2025-07-14,Electronics,Headphones,1,48007,22,37445.46,Gold,Hyderabad,UPI
C1470,O99908,2026-02-08,Fashion,Jeans,2,6223,3,12072.62,Gold,Mumbai,UPI
C1640,O70071,2025-09-29,Fashion,Shoes,4,2847,22,8882.64,Silver,Hyderabad,Net Banking
C1923,O50433,2025-07-12,Sports,Dumbbells,4,5021,25,15063.0,Silver,Delhi,Wallet
C1357,O43239,2025-11-12,Home Decor,Wall Art,4,2563,9,9329.32,Silver,Chennai,Credit Card
C1125,O62565,2025-10-05,Home Decor,Carpet,2,11851,13,20620.74,Gold,Delhi,Net Banking
C1226,O55708,2025-07-23,Electronics,Smart Watch,4,79946,2,313388.32,Platinum,Hyderabad,Net Banking
C1455,O82688,2026-04-19,Groceries,Rice,1,728,0,728.0,Platinum,Hyderabad,Credit Card
C1010,O51465,2025-07-29,Groceries,Eggs,2,697,5,1324.3,Gold,Pune,Debit Card
C1923,O50520,2025-11-01,Sports,Yoga Mat,5,4759,8,21891.4,Gold,Pune,Debit Card
C1872,O73149,2025-12-08,Fashion,T-Shirt,3,4042,13,10549.62,Gold,Pune,Credit Card
C1724,O28635,2025-06-07,Home Decor,Lamp,3,13501,6,38072.82,Gold,Mumbai,Net Banking
C1500,O61315,2025-08-19,Home Decor,Wall Art,3,13278,15,33858.9,Gold,Mumbai,Credit Card
C1339,O54391,2025-08-29,Fashion,Jeans,5,5016,6,23575.2,Gold,Mumbai,Credit Card
C1542,O94708,2026-04-30,Groceries,Milk,1,2971,25,2228.25,Gold,Delhi,Debit Card
C1157,O39377,2026-01-09,Beauty,Perfume,3,2800,8,7728.0,Platinum,Chennai,Wallet
C1534,O36872,2025-08-29,Groceries,Milk,5,506,21,1998.7,Platinum,Delhi,Wallet
C1777,O58925,2025-10-18,Electronics,Smart Watch,3,8907,5,25384.95,Gold,Hyderabad,UPI
C1527,O93224,2025-06-20,Fashion,Jacket,5,1726,27,6299.9,Silver,Bangalore,Debit Card
C1999,O42531,2025-11-12,Groceries,Milk,3,1888,8,5210.88,Gold,Delhi,Debit Card
C1268,O14828,2025-09-30,Beauty,Shampoo,2,8836,26,13077.28,Platinum,Pune,Net Banking
C1334,O84544,2025-10-17,Sports,Yoga Mat,3,3357,26,7452.54,Gold,Bangalore,Net Banking
C1345,O95895,2025-11-17,Electronics,Smart Watch,5,29130,23,112150.5,Gold,Mumbai,Wallet
C1475,O17004,2026-02-23,Fashion,T-Shirt,4,2174,15,7391.6,Silver,Hyderabad,UPI
C1942,O95714,2025-06-14,Beauty,Shampoo,3,1465,1,4351.05,Silver,Delhi,Debit Card
C1844,O71787,2026-04-14,Beauty,Face Wash,2,7148,19,11579.76,Platinum,Mumbai,UPI
C1997,O78874,2026-05-30,Beauty,Moisturizer,1,730,15,620.5,Silver,Delhi,UPI
C1422,O78733,2025-12-13,Sports,Football,5,4341,17,18015.15,Silver,Delhi,Debit Card
C1519,O80078,2025-08-13,Electronics,Smart Watch,5,27332,1,135293.4,Platinum,Hyderabad,Debit Card
C1379,O72121,2026-01-09,Groceries,Bread,2,1170,24,1778.4,Gold,Bangalore,Wallet
C1962,O25220,2026-03-20,Fashion,Jacket,1,8484,20,6787.2,Platinum,Delhi,Credit Card
C1027,O96066,2025-09-13,Electronics,Headphones,1,41660,17,34577.8,Silver,Mumbai,Credit Card
C1469,O84232,2025-12-27,Groceries,Rice,1,162,22,126.36,Silver,Hyderabad,Wallet
C1545,O85185,2026-02-20,Groceries,Rice,4,2972,27,8678.24,Platinum,Hyderabad,Credit Card
C1931,O90664,2026-01-01,Groceries,Rice,3,1063,12,2806.32,Gold,Delhi,Wallet
C1047,O34335,2026-01-19,Home Decor,Wall Art,5,5422,6,25483.4,Silver,Hyderabad,Net Banking
C1249,O68776,2026-05-13,Beauty,Face Wash,4,9938,25,29814.0,Platinum,Chennai,Net Banking
C1080,O32504,2025-09-08,Sports,Football,4,5050,20,16160.0,Platinum,Hyderabad,Credit Card
C1958,O31425,2026-01-14,Electronics,Headphones,4,24619,27,71887.48,Gold,Hyderabad,Debit Card
C1248,O87637,2025-11-17,Beauty,Moisturizer,5,437,27,1595.05,Silver,Delhi,Net Banking
C1840,O15121,2025-06-18,Beauty,Shampoo,3,6822,16,17191.44,Platinum,Mumbai,Debit Card
C1752,O33987,2025-12-12,Home Decor,Lamp,1,4695,7,4366.35,Silver,Mumbai,Credit Card
C1819,O64866,2025-09-16,Groceries,Milk,2,3276,11,5831.28,Platinum,Hyderabad,UPI
C1352,O18391,2026-05-15,Sports,Football,4,1762,26,5215.52,Gold,Mumbai,Debit Card
C1505,O74686,2026-05-13,Home Decor,Carpet,5,13304,0,66520.0,Platinum,Delhi,Credit Card
C1417,O97162,2025-08-17,Groceries,Milk,2,1089,15,1851.3,Silver,Delhi,Credit Card
C1970,O57582,2025-07-10,Fashion,T-Shirt,3,2106,24,4801.68,Platinum,Bangalore,Wallet
C1978,O80830,2026-03-21,Fashion,Jeans,3,8926,25,20083.5,Platinum,Delhi,Net Banking
C1659,O69192,2026-03-28,Beauty,Shampoo,2,5514,14,9484.08,Gold,Hyderabad,Wallet
C1925,O24107,2026-04-04,Fashion,Shoes,1,3429,26,2537.46,Gold,Hyderabad,Debit Card
C1956,O72739,2025-06-06,Electronics,Headphones,1,31342,7,29148.06,Gold,Hyderabad,Net Banking
C1399,O72328,2026-06-03,Sports,Football,1,9061,12,7973.68,Gold,Delhi,UPI
C1588,O62730,2026-01-16,Electronics,Smart Watch,4,19270,25,57810.0,Gold,Mumbai,Debit Card
C1157,O27509,2026-03-23,Home Decor,Lamp,1,6571,8,6045.32,Silver,Hyderabad,Wallet
C1621,O48601,2025-11-09,Electronics,Smartphone,3,42154,7,117609.66,Gold,Pune,Net Banking
C1656,O25975,2026-02-06,Electronics,Smart Watch,3,30929,13,80724.69,Silver,Pune,Wallet
C1738,O65672,2026-03-28,Electronics,Smartphone,2,15427,9,28077.14,Gold,Bangalore,Net Banking
C1597,O98986,2025-11-13,Electronics,Headphones,1,41501,13,36105.87,Silver,Hyderabad,Credit Card
C1733,O52457,2026-04-07,Electronics,Smartphone,3,58304,21,138180.48,Platinum,Pune,Wallet
C1616,O12263,2025-12-15,Beauty,Face Wash,3,5122,16,12907.44,Platinum,Bangalore,UPI
C1047,O12795,2025-10-04,Groceries,Bread,3,756,5,2154.6,Platinum,Pune,UPI
C1758,O89448,2025-09-26,Electronics,Headphones,3,47067,12,124256.88,Gold,Mumbai,Net Banking
C1282,O12368,2026-04-24,Electronics,Headphones,5,10916,21,43118.2,Platinum,Chennai,UPI
C1304,O15826,2025-11-14,Beauty,Face Wash,1,3932,20,3145.6,Silver,Mumbai,Debit Card
C1903,O61541,2026-05-21,Home Decor,Wall Art,4,4269,14,14685.36,Silver,Mumbai,Wallet
C1319,O67591,2025-09-20,Home Decor,Curtains,4,2408,30,6742.4,Silver,Pune,Credit Card
C1093,O67624,2025-12-10,Groceries,Milk,4,2398,4,9208.32,Platinum,Mumbai,Wallet
C1866,O71138,2026-03-07,Sports,Dumbbells,5,11947,11,53164.15,Gold,Chennai,Credit Card
C1273,O32717,2026-05-11,Fashion,T-Shirt,1,5234,11,4658.26,Platinum,Mumbai,Net Banking
C1835,O17555,2026-01-12,Beauty,Face Wash,3,7310,21,17324.7,Platinum,Hyderabad,Wallet
C1145,O39907,2025-07-23,Groceries,Bread,2,1048,9,1907.36,Platinum,Hyderabad,Debit Card
C1928,O77364,2025-09-16,Groceries,Bread,2,1429,18,2343.56,Gold,Hyderabad,Debit Card
C1945,O57651,2025-07-28,Home Decor,Carpet,2,9292,22,14495.52,Silver,Pune,Debit Card
C1066,O35037,2026-03-22,Sports,Yoga Mat,5,2030,21,8018.5,Platinum,Chennai,Debit Card
C1955,O18181,2026-03-24,Groceries,Bread,3,2096,17,5219.04,Platinum,Chennai,Wallet
C1163,O45888,2025-06-13,Electronics,Smartphone,1,57824,12,50885.12,Platinum,Pune,Credit Card
C1273,O69453,2026-05-18,Fashion,Shoes,4,7786,9,28341.04,Platinum,Bangalore,Wallet
C1575,O32378,2025-12-25,Electronics,Smart Watch,5,11826,18,48486.6,Silver,Hyderabad,Wallet
C1323,O38276,2025-06-23,Electronics,Headphones,1,62233,23,47919.41,Gold,Delhi,Net Banking
C1845,O41007,2026-02-15,Sports,Yoga Mat,4,15016,25,45048.0,Platinum,Hyderabad,UPI
C1216,O33482,2025-10-12,Home Decor,Carpet,5,3789,21,14966.55,Gold,Hyderabad,Debit Card
C1211,O20388,2026-01-01,Home Decor,Carpet,1,2295,19,1858.95,Silver,Chennai,UPI
C1818,O32264,2025-06-27,Groceries,Milk,4,2530,10,9108.0,Gold,Bangalore,Wallet
C1859,O50701,2025-06-10,Home Decor,Lamp,2,17394,20,27830.4,Platinum,Bangalore,UPI
C1356,O34764,2025-09-21,Beauty,Shampoo,3,724,2,2128.56,Silver,Mumbai,Wallet
C1980,O59204,2026-02-25,Sports,Dumbbells,4,7362,12,25914.24,Platinum,Pune,Wallet
C1734,O27157,2025-06-21,Fashion,Jeans,3,5522,7,15406.38,Platinum,Chennai,UPI
C1812,O59406,2025-07-29,Sports,Dumbbells,4,3674,27,10728.08,Platinum,Pune,Debit Card
C1745,O16374,2026-02-23,Fashion,T-Shirt,1,1188,7,1104.84,Gold,Delhi,Credit Card
C1584,O51280,2026-01-02,Fashion,T-Shirt,3,9224,0,27672.0,Platinum,Delhi,UPI
C1315,O33174,2025-06-18,Groceries,Bread,1,961,4,922.56,Silver,Bangalore,Net Banking
C1615,O12723,2025-11-11,Beauty,Face Wash,2,3513,19,5691.06,Gold,Mumbai,Net Banking
C1575,O47250,2026-03-03,Fashion,T-Shirt,2,4673,28,6729.12,Silver,Hyderabad,Wallet
C1878,O45558,2026-03-13,Home Decor,Lamp,1,6411,12,5641.68,Silver,Delhi,Credit Card
C1757,O62730,2026-02-24,Fashion,Shoes,5,7528,5,35758.0,Platinum,Chennai,Credit Card
C1892,O57615,2025-11-04,Groceries,Milk,4,1765,12,6212.8,Silver,Mumbai,Wallet
C1535,O28843,2025-06-16,Beauty,Face Wash,4,969,8,3565.92,Gold,Mumbai,Net Banking
C1992,O22543,2026-03-09,Electronics,Smartphone,2,66459,14,114309.48,Gold,Hyderabad,UPI
C1969,O16324,2025-12-03,Beauty,Shampoo,4,4179,20,13372.8,Gold,Chennai,Credit Card
C1501,O30044,2025-12-07,Beauty,Perfume,3,3408,8,9406.08,Platinum,Delhi,Debit Card
C1335,O20027,2026-04-24,Groceries,Bread,1,634,27,462.82,Gold,Mumbai,Wallet
C1488,O10869,2026-04-28,Sports,Yoga Mat,1,11359,15,9655.15,Gold,Hyderabad,Credit Card
C1336,O89374,2025-06-20,Groceries,Eggs,4,288,15,979.2,Gold,Delhi,Credit Card
C1916,O42380,2026-01-03,Beauty,Face Wash,2,5199,8,9566.16,Gold,Chennai,Net Banking
C1388,O10597,2026-02-22,Electronics,Headphones,1,34332,6,32272.08,Platinum,Pune,Debit Card
C1462,O38543,2026-01-02,Electronics,Smart Watch,5,39100,20,156400.0,Gold,Delhi,Net Banking
C1387,O39915,2026-05-08,Sports,Cricket Bat,1,5396,29,3831.16,Silver,Pune,Wallet
C1440,O98778,2025-11-13,Sports,Dumbbells,1,2791,21,2204.89,Gold,Pune,Wallet
C1228,O11722,2026-02-14,Electronics,Smart Watch,1,48876,29,34701.96,Silver,Bangalore,Debit Card
C1814,O81848,2025-09-04,Sports,Cricket Bat,1,6795,19,5503.95,Gold,Mumbai,UPI
C1055,O87012,2025-11-05,Beauty,Shampoo,4,6244,0,24976.0,Platinum,Delhi,UPI
C1314,O81273,2025-09-25,Fashion,Shoes,3,4644,7,12956.76,Silver,Delhi,Net Banking
C1937,O88728,2025-10-10,Home Decor,Wall Art,3,2230,14,5753.4,Platinum,Pune,Net Banking
C1289,O37377,2025-10-06,Beauty,Face Wash,2,7946,17,13190.36,Platinum,Delhi,Credit Card
C1542,O73904,2025-10-10,Beauty,Shampoo,3,7054,21,16717.98,Platinum,Pune,Wallet
C1141,O66485,2025-11-14,Groceries,Bread,1,2382,30,1667.4,Gold,Mumbai,Wallet
C1171,O90032,2026-03-02,Electronics,Laptop,1,30819,25,23114.25,Gold,Delhi,Debit Card
C1028,O84745,2026-04-03,Home Decor,Curtains,2,2743,15,4663.1,Gold,Chennai,Debit Card
C1747,O64358,2025-07-04,Electronics,Headphones,2,39322,2,77071.12,Gold,Mumbai,UPI
C1228,O73497,2025-08-05,Home Decor,Curtains,1,11742,24,8923.92,Platinum,Chennai,UPI
C1647,O90770,2025-08-20,Beauty,Shampoo,3,4324,4,12453.12,Silver,Pune,Credit Card
C1106,O79963,2025-08-15,Home Decor,Lamp,5,8778,26,32478.6,Silver,Chennai,Wallet
C1329,O27797,2026-03-23,Beauty,Shampoo,1,5646,5,5363.7,Platinum,Bangalore,Wallet
C1902,O85343,2026-05-13,Sports,Cricket Bat,4,7426,29,21089.84,Silver,Hyderabad,Net Banking
C1363,O55337,2026-02-08,Fashion,Shoes,1,2603,3,2524.91,Silver,Chennai,Wallet
C1725,O75297,2025-11-17,Fashion,Jeans,3,3447,1,10237.59,Gold,Delhi,Credit Card
C1994,O20821,2026-04-04,Groceries,Eggs,4,1747,6,6568.72,Silver,Pune,Debit Card
C1797,O26964,2026-01-08,Beauty,Moisturizer,3,8910,17,22185.9,Platinum,Hyderabad,Net Banking
C1938,O25848,2025-10-08,Groceries,Bread,2,1432,16,2405.76,Gold,Bangalore,Credit Card
C1929,O82968,2025-10-28,Fashion,Jacket,2,9988,27,14582.48,Platinum,Hyderabad,Credit Card
C1606,O61468,2026-03-23,Fashion,Shoes,5,1769,29,6279.95,Silver,Chennai,Debit Card
C1509,O38437,2025-12-29,Fashion,Shoes,2,2136,2,4186.56,Gold,Delhi,Debit Card
C1492,O11417,2025-10-29,Groceries,Milk,1,817,4,784.32,Gold,Chennai,Debit Card
C1857,O78030,2025-08-23,Beauty,Perfume,4,9424,30,26387.2,Platinum,Pune,UPI
C1653,O92373,2025-12-28,Groceries,Milk,5,1423,0,7115.0,Gold,Mumbai,Debit Card
C1005,O71258,2026-02-01,Fashion,Shoes,4,5960,7,22171.2,Platinum,Chennai,Debit Card
C1662,O76616,2025-12-08,Groceries,Rice,2,1586,29,2252.12,Platinum,Bangalore,Debit Card
C1922,O74338,2025-12-01,Home Decor,Curtains,1,8614,11,7666.46,Gold,Mumbai,Net Banking
C1828,O76081,2025-10-13,Home Decor,Lamp,5,7678,11,34167.1,Platinum,Delhi,Debit Card
C1984,O42967,2025-07-09,Beauty,Perfume,2,2299,0,4598.0,Silver,Chennai,Net Banking
C1167,O86195,2026-02-10,Fashion,Jacket,4,8126,30,22752.8,Platinum,Chennai,Wallet
C1434,O29015,2025-12-12,Groceries,Rice,5,427,1,2113.65,Gold,Delhi,Net Banking
C1037,O43222,2026-02-04,Sports,Football,1,13572,23,10450.44,Platinum,Chennai,UPI
C1484,O51613,2025-11-10,Beauty,Moisturizer,2,5784,5,10989.6,Gold,Hyderabad,Credit Card
C1897,O14998,2026-03-09,Sports,Cricket Bat,5,6361,28,22899.6,Gold,Delhi,Debit Card
C1203,O76878,2026-05-03,Groceries,Rice,3,1430,13,3732.3,Silver,Hyderabad,UPI
C1993,O49099,2025-09-26,Beauty,Moisturizer,1,4635,28,3337.2,Silver,Mumbai,Debit Card
C1743,O65113,2026-05-13,Beauty,Moisturizer,2,4704,16,7902.72,Platinum,Delhi,Wallet
C1744,O43258,2025-11-19,Fashion,Shoes,4,3442,9,12528.88,Gold,Delhi,Debit Card
C1322,O57268,2025-08-20,Fashion,T-Shirt,4,2385,17,7918.2,Gold,Chennai,UPI
C1246,O41792,2025-07-13,Groceries,Bread,5,2644,8,12162.4,Platinum,Mumbai,Credit Card
C1802,O95070,2026-03-10,Fashion,Shoes,4,549,26,1625.04,Silver,Delhi,Credit Card
C1963,O60652,2026-03-22,Home Decor,Wall Art,2,9703,22,15136.68,Gold,Chennai,Net Banking
C1724,O19474,2026-04-25,Electronics,Smart Watch,5,8213,17,34083.95,Silver,Hyderabad,Wallet
C1585,O83621,2026-01-04,Fashion,Shoes,3,3064,11,8180.88,Platinum,Delhi,Net Banking
C1569,O89212,2026-03-20,Beauty,Shampoo,2,6220,24,9454.4,Platinum,Mumbai,UPI
C1543,O69505,2026-03-25,Sports,Dumbbells,5,8343,12,36709.2,Gold,Hyderabad,UPI
C1964,O34243,2026-04-24,Home Decor,Curtains,1,1199,26,887.26,Silver,Hyderabad,Debit Card
C1821,O11941,2025-06-26,Beauty,Moisturizer,3,8054,1,23920.38,Platinum,Delhi,Wallet
C1429,O97098,2025-09-17,Electronics,Laptop,3,37863,13,98822.43,Gold,Hyderabad,Debit Card
C1460,O91401,2025-10-06,Electronics,Smart Watch,2,68332,27,99764.72,Platinum,Delhi,Net Banking
C1378,O15619,2026-04-15,Groceries,Bread,3,928,4,2672.64,Gold,Hyderabad,Debit Card
C1980,O61137,2026-06-03,Sports,Football,3,1949,4,5613.12,Silver,Pune,Credit Card
C1316,O82536,2025-06-16,Sports,Dumbbells,3,12256,23,28311.36,Platinum,Bangalore,Credit Card
C1302,O87103,2025-11-07,Fashion,Jeans,2,4357,5,8278.3,Silver,Bangalore,Wallet
C1350,O49394,2025-08-29,Home Decor,Carpet,1,6211,16,5217.24,Gold,Pune,Net Banking
C1187,O42746,2025-11-06,Sports,Cricket Bat,3,1992,10,5378.4,Gold,Chennai,UPI
C1395,O10635,2025-11-11,Sports,Cricket Bat,5,4944,30,17304.0,Silver,Hyderabad,Credit Card
C1533,O98914,2025-08-04,Fashion,Shoes,1,5524,28,3977.28,Platinum,Pune,Debit Card
C1656,O84068,2025-08-01,Fashion,Jeans,5,3124,8,14370.4,Silver,Mumbai,UPI
C1137,O92281,2025-07-19,Sports,Dumbbells,3,7376,19,17923.68,Silver,Delhi,UPI
C1386,O57403,2026-05-01,Sports,Dumbbells,1,2930,30,2051.0,Platinum,Bangalore,Wallet
C1002,O35268,2025-12-18,Sports,Yoga Mat,2,7195,24,10936.4,Silver,Pune,UPI
C1379,O99125,2026-03-10,Groceries,Eggs,3,2694,19,6546.42,Platinum,Pune,Wallet
C1848,O51143,2025-07-11,Electronics,Smart Watch,3,28071,5,80002.35,Silver,Delhi,UPI
C1540,O14115,2026-05-21,Fashion,Shoes,4,4528,18,14851.84,Silver,Hyderabad,Wallet
C1722,O66334,2025-11-14,Sports,Yoga Mat,2,3279,10,5902.2,Silver,Delhi,UPI
C1254,O77061,2025-10-24,Beauty,Moisturizer,4,2922,6,10986.72,Platinum,Chennai,Debit Card
C1676,O25467,2026-04-13,Home Decor,Carpet,3,2096,20,5030.4,Platinum,Delhi,Net Banking
C1567,O38534,2026-05-14,Electronics,Headphones,5,30942,30,108297.0,Gold,Mumbai,UPI
C1393,O83951,2025-09-01,Fashion,T-Shirt,5,1810,18,7421.0,Platinum,Chennai,Debit Card
C1974,O56414,2025-07-19,Sports,Cricket Bat,1,2764,23,2128.28,Silver,Hyderabad,Debit Card
C1185,O69356,2025-10-29,Groceries,Eggs,2,2431,23,3743.74,Gold,Pune,Wallet
C1971,O31856,2026-05-29,Home Decor,Curtains,3,4024,4,11589.12,Platinum,Hyderabad,Debit Card
C1966,O15173,2025-06-27,Fashion,T-Shirt,3,7000,24,15960.0,Gold,Delhi,Debit Card
C1417,O43903,2026-02-08,Electronics,Laptop,2,47338,10,85208.4,Gold,Delhi,Credit Card
C1354,O66278,2025-08-31,Electronics,Smartphone,1,68462,19,55454.22,Platinum,Chennai,Net Banking
C1052,O29547,2026-01-06,Sports,Yoga Mat,1,5545,14,4768.7,Silver,Chennai,UPI
C1906,O47392,2025-06-22,Sports,Cricket Bat,5,1199,24,4556.2,Silver,Bangalore,Credit Card
C1034,O40199,2025-12-04,Beauty,Face Wash,4,4808,30,13462.4,Silver,Pune,Net Banking
C1020,O78832,2025-12-29,Groceries,Eggs,5,408,2,1999.2,Platinum,Bangalore,Credit Card
C1128,O51763,2025-08-08,Fashion,Jacket,4,3042,11,10829.52,Silver,Delhi,Debit Card
C1309,O13256,2026-03-07,Beauty,Face Wash,1,6388,30,4471.6,Platinum,Delhi,Net Banking
C1394,O64924,2025-09-13,Sports,Dumbbells,3,6925,22,16204.5,Silver,Delhi,Wallet
C1245,O21940,2026-02-02,Sports,Football,2,9174,11,16329.72,Gold,Hyderabad,Net Banking
C1776,O20071,2025-11-16,Home Decor,Wall Art,3,4677,15,11926.35,Silver,Pune,UPI
C1126,O93143,2026-02-03,Beauty,Face Wash,3,4268,15,10883.4,Platinum,Delhi,Debit Card
C1239,O99676,2026-05-06,Beauty,Face Wash,4,233,1,922.68,Silver,Delhi,Net Banking
C1271,O15545,2025-08-01,Electronics,Smart Watch,5,39417,3,191172.45,Silver,Mumbai,Debit Card
C1440,O20607,2026-05-19,Beauty,Perfume,3,7032,23,16243.92,Platinum,Pune,Net Banking
C1403,O61322,2025-12-11,Electronics,Smartphone,2,43042,23,66284.68,Silver,Pune,Credit Card
C1445,O44833,2025-08-14,Sports,Dumbbells,4,4120,1,16315.2,Silver,Pune,Net Banking
C1040,O12871,2026-01-15,Electronics,Smart Watch,5,46527,7,216350.55,Silver,Mumbai,Debit Card
C1068,O80887,2025-10-05,Beauty,Face Wash,1,3002,21,2371.58,Silver,Mumbai,Net Banking
C1189,O37161,2025-12-10,Sports,Football,1,11702,2,11467.96,Platinum,Chennai,Debit Card
C1319,O92361,2025-06-14,Sports,Football,1,10357,21,8182.03,Gold,Bangalore,UPI
C1886,O90799,2026-05-01,Fashion,Shoes,1,2266,2,2220.68,Gold,Bangalore,Wallet
C1771,O92580,2025-07-18,Groceries,Milk,4,2508,21,7925.28,Gold,Pune,Credit Card
C1220,O49090,2026-01-26,Beauty,Shampoo,2,2233,11,3974.74,Gold,Chennai,Wallet
C1443,O16371,2026-03-17,Electronics,Laptop,2,64950,21,102621.0,Gold,Bangalore,Credit Card
C1918,O98432,2026-03-28,Sports,Cricket Bat,2,3464,8,6373.76,Platinum,Delhi,Debit Card
C1523,O64132,2025-08-07,Groceries,Rice,2,1617,30,2263.8,Silver,Chennai,Wallet
C1753,O54519,2025-11-13,Beauty,Shampoo,5,6654,4,31939.2,Gold,Mumbai,Debit Card
C1037,O25191,2026-04-18,Beauty,Face Wash,2,9760,29,13859.2,Platinum,Chennai,UPI
C1071,O76144,2025-07-27,Home Decor,Carpet,5,8737,18,35821.7,Silver,Mumbai,Net Banking
C1526,O70421,2026-01-24,Home Decor,Curtains,5,10852,2,53174.8,Platinum,Mumbai,Net Banking
C1133,O59501,2025-09-20,Groceries,Bread,2,2050,23,3157.0,Gold,Pune,UPI
C1876,O44319,2025-12-04,Groceries,Milk,5,716,8,3293.6,Platinum,Pune,UPI
C1116,O67727,2026-03-16,Beauty,Face Wash,2,4747,21,7500.26,Silver,Bangalore,Credit Card
C1954,O15261,2025-06-08,Sports,Football,3,4585,2,13479.9,Silver,Bangalore,UPI
C1911,O67441,2026-04-25,Groceries,Eggs,4,1196,26,3540.16,Platinum,Delhi,Debit Card
C1079,O89405,2026-05-25,Groceries,Bread,4,796,21,2515.36,Gold,Mumbai,UPI
C1450,O49302,2025-10-21,Home Decor,Wall Art,1,9814,17,8145.62,Platinum,Hyderabad,Net Banking
C1471,O93833,2026-04-11,Electronics,Headphones,5,48960,4,235008.0,Silver,Mumbai,UPI
C1296,O22322,2026-04-03,Electronics,Headphones,2,58480,8,107603.2,Gold,Pune,Net Banking
C1170,O50205,2025-08-25,Fashion,T-Shirt,3,7225,8,19941.0,Gold,Delhi,Debit Card
C1286,O15769,2025-11-26,Home Decor,Lamp,1,9634,13,8381.58,Platinum,Hyderabad,UPI
C1181,O54222,2025-06-21,Electronics,Headphones,4,54932,22,171387.84,Platinum,Bangalore,Debit Card
C1556,O68301,2026-04-26,Beauty,Perfume,1,6562,2,6430.76,Gold,Delhi,Credit Card
C1576,O20710,2026-04-30,Home Decor,Lamp,2,6304,21,9960.32,Platinum,Chennai,UPI
C1902,O23545,2025-11-12,Electronics,Headphones,4,24397,14,83925.68,Gold,Pune,Debit Card
C1813,O77391,2025-09-22,Electronics,Headphones,1,98272,14,84513.92,Platinum,Bangalore,Debit Card
C1149,O19603,2026-01-09,Sports,Cricket Bat,1,3945,13,3432.15,Gold,Bangalore,Wallet
C1655,O95922,2025-11-21,Beauty,Perfume,3,1893,4,5451.84,Gold,Bangalore,Net Banking
C1848,O12820,2025-11-12,Groceries,Rice,2,2534,17,4206.44,Platinum,Delhi,Credit Card
C1988,O52883,2025-10-21,Beauty,Moisturizer,4,2024,4,7772.16,Silver,Hyderabad,Credit Card
C1572,O87095,2025-11-30,Electronics,Headphones,2,25042,28,36060.48,Gold,Chennai,Credit Card
C1252,O57175,2025-11-10,Beauty,Shampoo,2,6570,23,10117.8,Gold,Mumbai,Credit Card
C1477,O29929,2026-03-28,Fashion,Shoes,1,4581,16,3848.04,Silver,Delhi,Net Banking
C1160,O85503,2025-11-27,Electronics,Laptop,2,77696,18,127421.44,Platinum,Chennai,Wallet
C1178,O56514,2025-07-25,Sports,Dumbbells,3,4619,16,11639.88,Silver,Pune,Wallet
C1215,O49395,2026-04-06,Groceries,Bread,4,3902,28,11237.76,Platinum,Chennai,Debit Card
C1556,O28153,2026-06-04,Electronics,Laptop,1,37338,4,35844.48,Silver,Hyderabad,Debit Card
C1923,O92582,2025-11-10,Sports,Cricket Bat,1,5006,4,4805.76,Silver,Hyderabad,Debit Card
C1939,O41968,2026-04-15,Home Decor,Carpet,3,15414,3,44854.74,Platinum,Mumbai,Net Banking
C1288,O42302,2025-06-24,Groceries,Rice,3,1708,13,4457.88,Platinum,Mumbai,UPI
C1505,O85526,2026-02-12,Electronics,Headphones,1,35601,30,24920.7,Silver,Hyderabad,UPI
C1273,O46280,2025-07-12,Groceries,Milk,2,402,14,691.44,Gold,Mumbai,Net Banking
C1213,O36111,2025-07-17,Electronics,Headphones,3,29812,15,76020.6,Platinum,Pune,Credit Card
C1700,O85280,2026-02-21,Groceries,Bread,4,1671,23,5146.68,Silver,Chennai,Net Banking
C1933,O82997,2025-08-31,Groceries,Eggs,1,2600,4,2496.0,Platinum,Hyderabad,Credit Card
C1304,O51900,2026-01-15,Groceries,Eggs,4,1509,2,5915.28,Silver,Mumbai,Wallet
C1437,O21742,2025-10-29,Electronics,Headphones,4,51320,22,160118.4,Platinum,Chennai,Credit Card
C1792,O42997,2025-11-12,Electronics,Laptop,4,9223,8,33940.64,Gold,Bangalore,Wallet
C1882,O84174,2026-02-10,Electronics,Headphones,2,8004,25,12006.0,Gold,Mumbai,Credit Card
C1467,O40143,2025-06-26,Groceries,Milk,3,2606,25,5863.5,Platinum,Bangalore,UPI
C1047,O62356,2025-08-03,Fashion,Jacket,4,4977,18,16324.56,Gold,Bangalore,Wallet
C1971,O39269,2025-12-11,Electronics,Smart Watch,2,15753,14,27095.16,Silver,Delhi,Net Banking
C1073,O55329,2026-04-20,Groceries,Eggs,1,1292,8,1188.64,Silver,Mumbai,Wallet
C1909,O74453,2025-10-03,Sports,Yoga Mat,2,8395,18,13767.8,Gold,Delhi,Wallet
C1661,O71478,2026-03-31,Groceries,Eggs,3,1942,19,4719.06,Gold,Hyderabad,Net Banking
C1393,O20048,2025-11-01,Sports,Dumbbells,4,7806,22,24354.72,Gold,Mumbai,Debit Card
C1834,O53084,2026-03-02,Home Decor,Lamp,1,2536,25,1902.0,Gold,Mumbai,Net Banking
C1814,O23710,2026-02-27,Electronics,Smartphone,2,72496,29,102944.32,Platinum,Chennai,Credit Card
C1150,O20277,2025-12-25,Fashion,Jacket,1,3114,29,2210.94,Gold,Bangalore,UPI
C1981,O54164,2025-09-12,Home Decor,Carpet,5,1634,6,7679.8,Silver,Pune,UPI
C1454,O53624,2025-09-03,Beauty,Face Wash,3,631,0,1893.0,Gold,Delhi,UPI
C1508,O12061,2026-06-05,Groceries,Bread,4,286,8,1052.48,Silver,Bangalore,Credit Card
C1874,O93597,2025-07-26,Fashion,T-Shirt,1,4272,2,4186.56,Platinum,Bangalore,UPI
C1658,O77151,2025-11-17,Beauty,Face Wash,3,1898,15,4839.9,Platinum,Delhi,UPI
C1162,O23391,2025-08-28,Fashion,Jacket,4,6738,21,21292.08,Gold,Pune,UPI
C1805,O46937,2025-10-26,Groceries,Rice,4,1798,16,6041.28,Platinum,Mumbai,Wallet
C1396,O35094,2025-08-15,Sports,Dumbbells,4,7782,28,22412.16,Silver,Chennai,Net Banking
C1619,O77082,2025-07-06,Fashion,Jeans,5,1532,0,7660.0,Platinum,Delhi,UPI
C1801,O38919,2026-03-15,Beauty,Face Wash,2,5149,14,8856.28,Gold,Chennai,UPI
C1943,O29268,2026-06-04,Home Decor,Carpet,3,8696,21,20609.52,Platinum,Delhi,Wallet
C1297,O12078,2026-04-21,Home Decor,Wall Art,1,19692,26,14572.08,Platinum,Hyderabad,Credit Card
C1151,O26321,2025-08-28,Groceries,Bread,2,891,9,1621.62,Gold,Bangalore,UPI
C1678,O14508,2025-12-23,Sports,Cricket Bat,2,1866,0,3732.0,Gold,Pune,Net Banking
C1424,O40948,2025-06-20,Home Decor,Carpet,4,8811,5,33481.8,Gold,Delhi,Credit Card
C1265,O52923,2025-06-06,Electronics,Smart Watch,1,54222,23,41750.94,Platinum,Pune,UPI
C1852,O99426,2026-05-13,Groceries,Rice,5,1462,21,5774.9,Silver,Mumbai,Wallet
C1385,O38412,2025-08-09,Sports,Football,1,6522,13,5674.14,Platinum,Mumbai,Wallet
C1854,O53671,2026-05-17,Electronics,Laptop,5,60036,20,240144.0,Gold,Mumbai,Credit Card
C1163,O77868,2025-11-18,Fashion,Jacket,1,6510,3,6314.7,Platinum,Mumbai,Net Banking
C1155,O58341,2026-05-23,Beauty,Moisturizer,4,760,25,2280.0,Silver,Bangalore,Net Banking
C1975,O15630,2026-02-06,Electronics,Laptop,3,73828,30,155038.8,Gold,Bangalore,UPI
C1092,O24994,2026-06-03,Electronics,Smart Watch,3,47521,11,126881.07,Silver,Mumbai,UPI
C1004,O60911,2025-12-09,Fashion,Jacket,2,1254,10,2257.2,Gold,Mumbai,UPI
C1160,O90735,2026-01-05,Home Decor,Curtains,3,13796,15,35179.8,Platinum,Mumbai,Debit Card
C1241,O12951,2026-03-15,Electronics,Laptop,4,26758,22,83484.96,Platinum,Pune,Debit Card
C1715,O98782,2025-10-05,Sports,Football,5,3415,6,16050.5,Silver,Mumbai,Wallet
C1193,O45537,2026-05-01,Fashion,Shoes,2,8156,13,14191.44,Platinum,Mumbai,Net Banking
C1405,O61232,2025-08-04,Electronics,Smart Watch,4,44530,13,154964.4,Platinum,Bangalore,UPI
C1851,O99215,2025-10-30,Sports,Cricket Bat,3,4849,23,11201.19,Gold,Hyderabad,Net Banking
C1865,O71650,2025-10-27,Fashion,Jacket,4,9382,19,30397.68,Platinum,Delhi,Credit Card
C1388,O60388,2026-02-08,Beauty,Face Wash,3,9724,26,21587.28,Platinum,Bangalore,UPI
C1619,O87662,2025-10-13,Home Decor,Carpet,3,4690,23,10833.9,Silver,Mumbai,Debit Card
C1916,O33141,2026-03-11,Groceries,Rice,3,349,25,785.25,Silver,Pune,Wallet
C1549,O73397,2026-04-13,Beauty,Shampoo,3,2104,8,5807.04,Platinum,Bangalore,Credit Card
C1407,O63966,2025-06-16,Fashion,Jeans,4,6706,0,26824.0,Gold,Pune,Net Banking
C1249,O48245,2025-10-06,Electronics,Smartphone,2,41174,13,71642.76,Silver,Bangalore,Wallet
C1730,O64169,2025-08-01,Sports,Yoga Mat,4,2077,15,7061.8,Gold,Chennai,Debit Card
C1011,O36304,2025-12-29,Beauty,Shampoo,4,5488,2,21512.96,Gold,Delhi,Wallet
C1899,O14405,2025-07-03,Groceries,Rice,1,585,4,561.6,Silver,Bangalore,UPI
C1862,O63183,2025-06-14,Beauty,Shampoo,1,4064,28,2926.08,Platinum,Delhi,Net Banking
C1897,O70609,2026-01-30,Fashion,Shoes,3,1210,7,3375.9,Platinum,Mumbai,Wallet
C1724,O60841,2025-12-02,Groceries,Rice,2,2116,1,4189.68,Gold,Chennai,Wallet
C1268,O31979,2026-05-06,Fashion,Shoes,1,2050,17,1701.5,Platinum,Mumbai,Wallet
C1304,O10264,2025-12-01,Beauty,Moisturizer,5,2867,4,13761.6,Silver,Pune,Credit Card
C1321,O54538,2025-07-28,Sports,Cricket Bat,5,4560,13,19836.0,Platinum,Mumbai,Wallet
C1086,O70012,2025-12-11,Home Decor,Wall Art,5,14010,29,49735.5,Platinum,Delhi,Net Banking
C1258,O48795,2026-02-15,Home Decor,Lamp,3,14584,7,40689.36,Gold,Bangalore,Wallet
C1543,O83672,2025-10-08,Beauty,Shampoo,1,4387,5,4167.65,Silver,Pune,Wallet
C1545,O16072,2025-10-03,Beauty,Moisturizer,3,2074,13,5413.14,Gold,Chennai,Credit Card
C1275,O78047,2025-06-12,Fashion,Jacket,5,4911,15,20871.75,Silver,Pune,Wallet
C1579,O36733,2026-03-29,Sports,Football,2,2187,4,4199.04,Gold,Pune,Net Banking
C1744,O71275,2025-10-11,Beauty,Shampoo,5,2737,22,10674.3,Silver,Mumbai,Credit Card
C1549,O24783,2026-05-11,Beauty,Perfume,5,4672,26,17286.4,Gold,Pune,Wallet
C1473,O65978,2026-04-26,Electronics,Headphones,3,33679,0,101037.0,Silver,Hyderabad,UPI
C1547,O50165,2025-11-17,Beauty,Shampoo,3,4425,19,10752.75,Gold,Chennai,Credit Card
C1544,O38442,2026-05-22,Electronics,Headphones,3,85552,1,254089.44,Platinum,Mumbai,Credit Card
C1895,O19836,2026-04-17,Sports,Yoga Mat,1,5658,3,5488.26,Gold,Pune,Debit Card
C1591,O30111,2026-04-18,Electronics,Laptop,1,32222,20,25777.6,Platinum,Delhi,Wallet
C1273,O54976,2026-03-21,Beauty,Face Wash,4,8160,22,25459.2,Platinum,Bangalore,Wallet
C1450,O48771,2026-01-14,Fashion,Shoes,4,1701,21,5375.16,Gold,Bangalore,Credit Card
C1318,O24457,2025-09-22,Groceries,Eggs,5,2778,9,12639.9,Gold,Hyderabad,Net Banking
C1083,O41427,2025-12-22,Sports,Football,2,4278,7,7957.08,Platinum,Chennai,Debit Card
C1702,O84758,2026-03-24,Home Decor,Lamp,1,5202,1,5149.98,Platinum,Hyderabad,Debit Card
C1629,O26714,2025-08-12,Groceries,Milk,4,1737,24,5280.48,Gold,Pune,Net Banking
C1060,O89382,2026-04-11,Beauty,Moisturizer,5,954,0,4770.0,Platinum,Chennai,Net Banking
C1935,O49328,2025-12-15,Electronics,Headphones,3,19888,9,54294.24,Gold,Chennai,Net Banking
C1420,O34069,2025-08-07,Fashion,Jacket,3,9944,22,23268.96,Platinum,Pune,Credit Card
C1523,O73947,2025-06-11,Beauty,Moisturizer,5,6981,8,32112.6,Gold,Chennai,UPI
C1805,O95827,2025-11-21,Groceries,Eggs,4,1898,0,7592.0,Silver,Mumbai,UPI
C1265,O54187,2025-07-06,Electronics,Smart Watch,1,16360,26,12106.4,Platinum,Pune,Wallet
C1277,O90965,2025-12-27,Fashion,Jeans,5,5860,12,25784.0,Gold,Hyderabad,Net Banking
C1150,O51741,2025-10-01,Beauty,Moisturizer,4,4558,23,14038.64,Silver,Delhi,UPI
C1591,O84713,2025-11-26,Fashion,Shoes,3,4383,29,9335.79,Silver,Hyderabad,UPI
C1919,O73830,2025-11-03,Beauty,Perfume,2,4549,26,6732.52,Gold,Chennai,UPI
C1216,O68122,2025-11-30,Sports,Yoga Mat,1,7097,8,6529.24,Silver,Bangalore,Credit Card
C1475,O59171,2025-07-30,Sports,Yoga Mat,1,8601,30,6020.7,Gold,Mumbai,UPI
C1103,O51066,2025-10-14,Fashion,T-Shirt,1,4537,5,4310.15,Silver,Chennai,UPI
C1561,O47838,2025-11-14,Groceries,Eggs,3,2370,22,5545.8,Gold,Delhi,Net Banking
C1255,O82721,2025-11-16,Beauty,Shampoo,1,3847,20,3077.6,Gold,Mumbai,Net Banking
C1915,O33496,2025-07-19,Home Decor,Carpet,3,6778,1,20130.66,Gold,Delhi,Wallet
C1647,O84414,2026-01-25,Fashion,Jeans,4,6260,26,18529.6,Platinum,Bangalore,UPI
C1085,O30034,2026-03-01,Fashion,T-Shirt,1,1383,2,1355.34,Silver,Hyderabad,UPI
C1401,O12025,2025-07-24,Sports,Cricket Bat,5,7758,0,38790.0,Gold,Hyderabad,Net Banking
C1255,O30974,2026-03-15,Electronics,Smart Watch,1,22712,3,22030.64,Silver,Pune,Credit Card
C1203,O50739,2025-08-31,Beauty,Face Wash,1,7374,14,6341.64,Platinum,Delhi,Debit Card
C1811,O81087,2026-04-21,Home Decor,Wall Art,5,18892,17,78401.8,Platinum,Delhi,Credit Card
C1093,O77169,2025-08-23,Beauty,Shampoo,3,7048,2,20721.12,Platinum,Pune,UPI
C1519,O80011,2025-08-25,Groceries,Milk,3,672,27,1471.68,Platinum,Mumbai,Debit Card
C1437,O28717,2025-12-26,Fashion,Jacket,5,3398,6,15970.6,Silver,Delhi,Net Banking
C1227,O45256,2025-11-22,Beauty,Face Wash,1,9642,19,7810.02,Platinum,Chennai,Credit Card
C1330,O46517,2026-01-14,Groceries,Rice,4,1297,12,4565.44,Silver,Hyderabad,Credit Card
C1909,O17436,2025-11-26,Electronics,Smartphone,1,36981,0,36981.0,Gold,Chennai,Credit Card
C1488,O96422,2026-03-30,Beauty,Face Wash,1,3634,8,3343.28,Platinum,Bangalore,Debit Card
C1484,O32208,2026-05-16,Electronics,Smart Watch,1,40942,14,35210.12,Platinum,Mumbai,UPI
C1831,O85996,2025-11-20,Beauty,Moisturizer,5,1229,4,5899.2,Silver,Pune,UPI
C1906,O48866,2025-10-09,Home Decor,Curtains,2,14352,25,21528.0,Gold,Bangalore,Credit Card
C1447,O11244,2026-04-11,Fashion,Shoes,2,3175,27,4635.5,Silver,Pune,Credit Card
C1959,O69060,2025-09-22,Beauty,Perfume,4,4844,21,15307.04,Silver,Delhi,Wallet
C1570,O18819,2025-11-19,Fashion,Shoes,1,2473,6,2324.62,Gold,Pune,UPI
C1195,O50457,2025-07-19,Fashion,Shoes,5,3422,11,15227.9,Platinum,Delhi,Debit Card
C1885,O11835,2025-10-05,Beauty,Shampoo,5,5742,8,26413.2,Gold,Chennai,Debit Card
C1377,O54790,2026-05-03,Home Decor,Carpet,2,9439,8,17367.76,Silver,Delhi,Debit Card
C1498,O90738,2026-02-06,Beauty,Face Wash,1,4362,29,3097.02,Gold,Delhi,Debit Card
C1967,O54358,2026-04-27,Sports,Football,5,8214,1,40659.3,Platinum,Pune,UPI
C1714,O41814,2025-08-02,Home Decor,Curtains,3,3134,24,7145.52,Platinum,Pune,Debit Card
C1414,O80293,2026-05-28,Fashion,Jacket,5,2764,29,9812.2,Platinum,Mumbai,Debit Card
C1763,O65668,2026-02-15,Fashion,Jacket,5,993,21,3922.35,Silver,Hyderabad,Credit Card
C1193,O34030,2026-02-08,Fashion,Shoes,1,1030,10,927.0,Silver,Pune,Net Banking
C1696,O52071,2025-11-26,Electronics,Smartphone,2,84146,20,134633.6,Platinum,Bangalore,UPI
C1235,O77671,2026-04-18,Beauty,Face Wash,4,3575,23,11011.0,Silver,Hyderabad,Wallet
C1924,O85413,2025-10-14,Home Decor,Carpet,1,6303,9,5735.73,Gold,Mumbai,Debit Card
C1008,O39720,2025-08-26,Electronics,Smart Watch,1,11412,20,9129.6,Platinum,Hyderabad,Wallet
C1084,O37492,2026-01-14,Groceries,Eggs,2,1318,18,2161.52,Platinum,Mumbai,Debit Card
C1160,O99263,2026-02-21,Sports,Dumbbells,1,1286,0,1286.0,Platinum,Delhi,Credit Card
C1910,O90062,2025-09-14,Home Decor,Wall Art,4,2274,21,7185.84,Platinum,Delhi,Wallet
C1157,O67561,2026-03-30,Home Decor,Wall Art,4,10300,12,36256.0,Gold,Chennai,Net Banking
C1416,O11459,2025-12-12,Fashion,Jacket,4,1916,16,6437.76,Silver,Pune,Net Banking
C1546,O66902,2025-10-24,Groceries,Rice,1,223,4,214.08,Gold,Bangalore,Credit Card
C1629,O26924,2025-07-26,Sports,Yoga Mat,5,4242,11,18876.9,Platinum,Hyderabad,Wallet
C1987,O72870,2026-04-29,Beauty,Moisturizer,2,1059,21,1673.22,Gold,Mumbai,Net Banking
C1171,O64956,2026-04-17,Fashion,Jeans,2,1228,14,2112.16,Platinum,Delhi,Net Banking
C1399,O63622,2026-01-29,Beauty,Moisturizer,3,5952,7,16606.08,Platinum,Chennai,Wallet
C1322,O94382,2025-10-03,Fashion,T-Shirt,3,3024,10,8164.8,Platinum,Pune,Credit Card
C1520,O64056,2026-02-21,Groceries,Milk,3,1235,27,2704.65,Silver,Pune,Wallet
C1652,O87506,2026-01-28,Beauty,Shampoo,1,7048,4,6766.08,Gold,Bangalore,UPI
C1130,O40170,2025-12-07,Beauty,Shampoo,5,6018,29,21363.9,Gold,Chennai,UPI
C1555,O70766,2025-10-19,Home Decor,Curtains,3,16520,12,43612.8,Platinum,Mumbai,UPI
C1566,O55004,2025-11-11,Beauty,Shampoo,5,3414,5,16216.5,Silver,Hyderabad,Debit Card
C1271,O94322,2026-04-17,Electronics,Smart Watch,5,37194,17,154355.1,Silver,Chennai,Debit Card
C1135,O87345,2026-05-27,Beauty,Shampoo,5,981,28,3531.6,Silver,Bangalore,Net Banking
C1914,O73891,2025-09-12,Home Decor,Lamp,4,11313,20,36201.6,Gold,Delhi,Debit Card
C1736,O23462,2025-08-12,Home Decor,Carpet,2,8365,10,15057.0,Gold,Delhi,UPI
C1268,O88542,2026-01-23,Home Decor,Wall Art,4,6742,11,24001.52,Silver,Delhi,Wallet
C1640,O87667,2026-03-15,Fashion,Shoes,2,9138,9,16631.16,Platinum,Chennai,UPI
C1511,O94242,2026-03-06,Electronics,Laptop,4,30379,27,88706.68,Gold,Mumbai,Credit Card
C1984,O24989,2025-11-05,Beauty,Perfume,1,2597,20,2077.6,Silver,Hyderabad,UPI
C1315,O77330,2025-07-05,Groceries,Eggs,3,456,15,1162.8,Gold,Hyderabad,Wallet
C1928,O44142,2025-08-01,Fashion,Jeans,2,4740,0,9480.0,Gold,Hyderabad,UPI
C1362,O57911,2025-10-12,Electronics,Smartphone,2,10618,3,20598.92,Silver,Bangalore,UPI
C1728,O57006,2026-03-14,Beauty,Perfume,5,4389,15,18653.25,Gold,Bangalore,Debit Card
C1088,O96161,2025-11-09,Electronics,Smartphone,1,44797,22,34941.66,Silver,Delhi,Credit Card
C1128,O56753,2025-08-25,Electronics,Smart Watch,4,36374,23,112031.92,Platinum,Chennai,Net Banking
C1425,O53105,2026-05-01,Home Decor,Carpet,3,3494,17,8700.06,Platinum,Hyderabad,Debit Card
C1214,O94965,2025-06-22,Sports,Football,3,5861,3,17055.51,Silver,Chennai,UPI
C1294,O35698,2025-06-07,Home Decor,Carpet,1,8297,20,6637.6,Silver,Hyderabad,Credit Card
C1458,O23963,2025-10-16,Beauty,Perfume,5,4625,22,18037.5,Silver,Bangalore,Debit Card
C1409,O47920,2025-07-22,Sports,Football,2,6097,30,8535.8,Silver,Hyderabad,UPI
C1974,O76640,2025-11-03,Electronics,Smartphone,5,24050,26,88985.0,Silver,Bangalore,Net Banking
C1151,O43323,2026-03-02,Beauty,Moisturizer,1,5172,1,5120.28,Platinum,Delhi,Wallet
C1588,O66197,2026-01-26,Beauty,Moisturizer,5,1615,21,6379.25,Silver,Hyderabad,Net Banking
C1776,O76555,2026-01-12,Electronics,Headphones,3,60644,23,140087.64,Platinum,Chennai,Wallet
C1497,O50604,2025-08-01,Sports,Cricket Bat,3,14126,7,39411.54,Platinum,Delhi,UPI
C1957,O66823,2026-04-02,Groceries,Milk,3,778,14,2007.24,Platinum,Delhi,UPI
C1954,O18598,2026-05-12,Home Decor,Curtains,1,8412,30,5888.4,Gold,Mumbai,Wallet
C1780,O51858,2025-08-01,Groceries,Eggs,5,278,13,1209.3,Silver,Hyderabad,Net Banking
C1631,O40423,2026-05-04,Home Decor,Lamp,4,5779,6,21729.04,Gold,Hyderabad,Net Banking
C1067,O35262,2025-10-02,Groceries,Eggs,4,1815,7,6751.8,Gold,Delhi,UPI
C1995,O58982,2026-04-17,Sports,Yoga Mat,1,4070,14,3500.2,Silver,Bangalore,UPI
C1953,O20769,2025-08-27,Electronics,Smartphone,5,36673,1,181531.35,Gold,Mumbai,Wallet
C1533,O22544,2025-10-31,Fashion,Shoes,1,4030,4,3868.8,Silver,Delhi,UPI
C1548,O21907,2025-09-14,Sports,Cricket Bat,3,12580,28,27172.8,Platinum,Pune,UPI
C1961,O11741,2025-11-14,Home Decor,Wall Art,3,6544,3,19043.04,Platinum,Chennai,Credit Card
C1742,O63799,2025-08-06,Home Decor,Curtains,4,8490,12,29884.8,Silver,Pune,Credit Card
C1095,O49912,2025-09-06,Home Decor,Lamp,4,14014,16,47087.04,Gold,Pune,UPI
C1591,O17258,2025-10-20,Sports,Football,1,2844,0,2844.0,Gold,Bangalore,Credit Card
C1846,O63327,2026-06-05,Electronics,Laptop,4,35391,20,113251.2,Silver,Chennai,Net Banking
C1225,O19446,2025-10-23,Electronics,Smart Watch,4,25800,3,100104.0,Gold,Mumbai,UPI
C1331,O60959,2026-03-31,Home Decor,Lamp,4,6546,22,20423.52,Silver,Hyderabad,Wallet
C1339,O99784,2026-05-19,Fashion,Shoes,3,9542,10,25763.4,Platinum,Mumbai,Net Banking
C1269,O93975,2025-10-20,Electronics,Headphones,4,66391,15,225729.4,Gold,Chennai,Credit Card
C1117,O98489,2026-05-05,Fashion,T-Shirt,3,1545,3,4495.95,Silver,Chennai,Wallet
C1025,O52707,2025-10-08,Electronics,Smart Watch,4,57940,24,176137.6,Platinum,Bangalore,Debit Card
C1789,O14016,2025-07-16,Beauty,Moisturizer,4,2791,26,8261.36,Gold,Hyderabad,Net Banking
C1162,O38062,2026-05-28,Sports,Dumbbells,3,6368,25,14328.0,Platinum,Bangalore,Wallet
C1179,O38656,2025-11-06,Beauty,Moisturizer,2,4867,29,6911.14,Silver,Bangalore,Wallet
C1394,O31720,2025-11-24,Beauty,Moisturizer,5,1182,1,5850.9,Gold,Bangalore,Credit Card
C1572,O95685,2025-09-22,Home Decor,Curtains,1,2689,25,2016.75,Gold,Mumbai,Wallet
C1889,O59094,2026-04-21,Beauty,Moisturizer,4,8590,9,31267.6,Platinum,Bangalore,Wallet
C1266,O11029,2025-10-23,Groceries,Bread,5,2966,16,12457.2,Platinum,Hyderabad,Debit Card
C1529,O87873,2025-10-02,Groceries,Eggs,3,2664,1,7912.08,Gold,Bangalore,Debit Card
C1520,O20235,2025-12-13,Electronics,Smart Watch,3,53742,21,127368.54,Gold,Bangalore,Debit Card
C1252,O86829,2026-03-11,Groceries,Eggs,5,1718,30,6013.0,Platinum,Hyderabad,Debit Card
C1978,O87730,2026-01-18,Groceries,Bread,1,3488,0,3488.0,Platinum,Hyderabad,Net Banking
C1292,O70420,2025-07-21,Beauty,Face Wash,1,4710,23,3626.7,Silver,Chennai,Net Banking
C1689,O43727,2025-09-06,Home Decor,Lamp,1,12723,28,9160.56,Gold,Bangalore,Wallet
C1258,O32843,2026-02-08,Fashion,T-Shirt,2,4138,0,8276.0,Platinum,Hyderabad,UPI
C1127,O60464,2025-06-18,Groceries,Rice,2,1740,28,2505.6,Gold,Mumbai,Wallet
C1461,O84155,2025-08-07,Groceries,Eggs,3,3444,20,8265.6,Platinum,Delhi,Debit Card
C1411,O63697,2026-04-18,Groceries,Bread,4,1748,8,6432.64,Platinum,Pune,Wallet
C1411,O53637,2025-06-09,Groceries,Eggs,5,870,21,3436.5,Silver,Hyderabad,UPI
C1408,O35749,2025-09-24,Beauty,Face Wash,4,4694,12,16522.88,Platinum,Bangalore,UPI
C1015,O59338,2025-11-04,Beauty,Shampoo,5,1323,7,6151.95,Gold,Hyderabad,UPI
C1041,O28288,2026-04-06,Fashion,Shoes,5,1140,12,5016.0,Platinum,Hyderabad,Wallet
C1157,O50222,2025-06-16,Home Decor,Carpet,1,8569,27,6255.37,Silver,Pune,Net Banking
C1068,O15183,2025-10-28,Home Decor,Wall Art,3,2640,23,6098.4,Silver,Chennai,Net Banking
C1677,O70304,2025-07-03,Groceries,Milk,4,1429,6,5373.04,Gold,Pune,Credit Card
C1443,O46370,2025-08-13,Electronics,Headphones,4,48549,26,143705.04,Silver,Mumbai,Debit Card
C1921,O50726,2026-01-27,Sports,Football,4,893,17,2964.76,Silver,Pune,UPI
C1861,O29088,2026-01-29,Sports,Yoga Mat,4,5302,26,15693.92,Platinum,Pune,Wallet
C1631,O74147,2025-09-02,Fashion,Jeans,2,4929,25,7393.5,Silver,Pune,Credit Card
C1001,O40830,2025-06-22,Groceries,Eggs,5,292,19,1182.6,Platinum,Hyderabad,Credit Card
C1939,O97793,2026-03-15,Home Decor,Curtains,5,14545,7,67634.25,Gold,Delhi,Wallet
C1964,O88373,2026-02-06,Sports,Dumbbells,4,1453,5,5521.4,Silver,Bangalore,Wallet
C1030,O20572,2026-03-10,Home Decor,Lamp,2,5578,30,7809.2,Silver,Pune,UPI
C1100,O20621,2025-08-31,Groceries,Bread,3,2335,28,5043.6,Gold,Chennai,Wallet
C1174,O88221,2025-08-14,Electronics,Smart Watch,3,42403,26,94134.66,Gold,Chennai,Credit Card
C1860,O64177,2026-01-18,Beauty,Shampoo,2,315,14,541.8,Silver,Hyderabad,Credit Card
C1798,O95486,2025-11-24,Electronics,Smart Watch,1,59007,10,53106.3,Gold,Chennai,Net Banking
C1142,O77815,2026-01-05,Sports,Dumbbells,2,5158,15,8768.6,Gold,Pune,Net Banking
C1856,O66903,2026-05-27,Groceries,Bread,2,561,19,908.82,Silver,Pune,Debit Card
C1051,O22900,2025-11-01,Fashion,Jeans,5,4421,19,17905.05,Silver,Hyderabad,Wallet
C1607,O54843,2026-06-01,Electronics,Smartphone,4,27155,18,89068.4,Silver,Pune,Credit Card
C1808,O63348,2025-09-10,Groceries,Milk,1,250,13,217.5,Platinum,Pune,Debit Card
C1293,O63434,2026-03-01,Groceries,Eggs,1,1360,22,1060.8,Gold,Chennai,UPI
C1743,O73302,2025-09-09,Electronics,Laptop,5,79614,30,278649.0,Platinum,Mumbai,Net Banking
C1505,O36793,2025-12-28,Sports,Dumbbells,2,4748,28,6837.12,Silver,Pune,Net Banking
C1248,O10878,2025-12-09,Home Decor,Carpet,5,18940,11,84283.0,Platinum,Mumbai,Net Banking
C1336,O94577,2025-09-08,Electronics,Smartphone,5,9742,8,44813.2,Gold,Delhi,Debit Card
C1846,O37302,2025-11-05,Groceries,Bread,3,1410,16,3553.2,Platinum,Mumbai,Credit Card
C1358,O34465,2026-03-26,Electronics,Headphones,4,42221,13,146929.08,Silver,Mumbai,Net Banking
C1697,O87143,2026-01-07,Home Decor,Lamp,1,5335,15,4534.75,Silver,Pune,Wallet
C1999,O76992,2026-05-13,Home Decor,Lamp,3,3956,9,10799.88,Silver,Hyderabad,Debit Card
C1233,O67769,2026-02-15,Electronics,Laptop,1,43141,30,30198.7,Silver,Hyderabad,Credit Card
C1116,O65979,2025-10-30,Electronics,Smartphone,2,29938,4,57480.96,Silver,Bangalore,Debit Card
C1436,O99907,2025-08-14,Beauty,Perfume,4,2048,5,7782.4,Silver,Pune,Credit Card
C1087,O57874,2026-05-12,Home Decor,Lamp,1,4977,14,4280.22,Gold,Hyderabad,Net Banking
C1944,O94470,2025-08-11,Beauty,Moisturizer,1,9402,1,9307.98,Platinum,Bangalore,Credit Card
C1588,O21395,2026-04-23,Fashion,Jacket,5,4077,17,16919.55,Silver,Chennai,UPI
C1995,O12181,2026-01-05,Beauty,Perfume,5,3738,0,18690.0,Platinum,Delhi,Credit Card
C1322,O28829,2025-07-27,Fashion,T-Shirt,5,1065,4,5112.0,Gold,Mumbai,Credit Card
C1388,O87747,2026-03-08,Sports,Yoga Mat,1,7491,2,7341.18,Gold,Pune,UPI
C1568,O43742,2025-06-21,Beauty,Moisturizer,1,9410,1,9315.9,Platinum,Mumbai,Debit Card
C1298,O59902,2026-04-16,Home Decor,Wall Art,1,6562,21,5183.98,Platinum,Pune,Debit Card
C1089,O36824,2025-08-28,Fashion,Shoes,3,5686,26,12622.92,Gold,Delhi,Wallet
C1535,O99271,2026-04-02,Electronics,Headphones,1,40938,27,29884.74,Silver,Mumbai,Debit Card
C1178,O96779,2026-01-11,Electronics,Headphones,1,8193,20,6554.4,Gold,Chennai,Net Banking
C1770,O16594,2026-05-02,Sports,Football,1,4157,30,2909.9,Silver,Hyderabad,Debit Card
C1858,O67577,2026-03-13,Electronics,Smart Watch,5,31986,26,118348.2,Platinum,Bangalore,UPI
C1195,O75507,2026-05-28,Sports,Yoga Mat,3,2296,12,6061.44,Platinum,Hyderabad,Credit Card
C1423,O59230,2025-07-25,Groceries,Eggs,4,2464,4,9461.76,Platinum,Mumbai,Credit Card
C1266,O66741,2025-06-06,Beauty,Shampoo,5,9464,6,44480.8,Platinum,Delhi,Credit Card
C1174,O77176,2025-08-02,Groceries,Bread,1,1334,1,1320.66,Platinum,Delhi,UPI
C1341,O27930,2025-12-28,Groceries,Milk,5,2220,14,9546.0,Gold,Delhi,UPI
C1291,O46384,2025-07-08,Home Decor,Wall Art,5,11974,20,47896.0,Gold,Pune,UPI
C1485,O23338,2025-08-05,Groceries,Rice,2,3742,13,6511.08,Platinum,Bangalore,Net Banking
C1497,O90406,2025-11-28,Electronics,Smart Watch,3,63172,7,176249.88,Platinum,Pune,Wallet
C1329,O11429,2025-12-30,Sports,Football,4,5559,27,16232.28,Gold,Pune,UPI
C1020,O41014,2026-01-19,Beauty,Moisturizer,1,316,9,287.56,Silver,Delhi,Debit Card
C1545,O89639,2025-09-21,Beauty,Shampoo,3,7492,20,17980.8,Platinum,Delhi,Net Banking
C1088,O47968,2025-09-10,Sports,Cricket Bat,3,11128,19,27041.04,Gold,Delhi,UPI
C1175,O67448,2025-09-09,Beauty,Moisturizer,4,3213,5,12209.4,Silver,Delhi,UPI
C1560,O10104,2026-04-23,Sports,Dumbbells,5,10005,0,50025.0,Gold,Mumbai,Net Banking
C1073,O78497,2025-09-10,Electronics,Laptop,2,24144,15,41044.8,Gold,Mumbai,Debit Card
C1024,O63104,2026-03-17,Home Decor,Curtains,5,15796,13,68712.6,Platinum,Chennai,Wallet
C1948,O76009,2026-05-24,Sports,Football,4,7089,24,21550.56,Gold,Delhi,Credit Card
C1526,O87802,2025-11-15,Groceries,Bread,4,2118,3,8217.84,Gold,Hyderabad,Wallet
C1828,O67281,2025-07-15,Fashion,Jacket,3,5344,30,11222.4,Gold,Chennai,Credit Card
C1446,O39954,2026-05-03,Home Decor,Lamp,3,4528,21,10731.36,Silver,Delhi,Net Banking
C1207,O27708,2025-06-10,Electronics,Headphones,3,32648,23,75416.88,Silver,Chennai,Credit Card
C1927,O91152,2026-02-08,Beauty,Shampoo,4,4684,28,13489.92,Gold,Bangalore,UPI
C1735,O17523,2026-02-08,Sports,Football,1,1426,6,1340.44,Silver,Bangalore,Wallet
C1053,O56285,2025-09-24,Groceries,Milk,3,616,23,1422.96,Silver,Hyderabad,UPI
C1933,O35173,2025-08-12,Beauty,Moisturizer,4,5274,2,20674.08,Gold,Delhi,Wallet
C1371,O74792,2026-06-03,Groceries,Eggs,4,3390,16,11390.4,Platinum,Chennai,Debit Card
C1255,O90845,2025-12-05,Home Decor,Curtains,5,5210,29,18495.5,Platinum,Chennai,UPI
C1627,O95212,2026-01-16,Groceries,Eggs,3,3482,24,7938.96,Platinum,Hyderabad,Net Banking
C1221,O60952,2026-03-28,Beauty,Moisturizer,4,5307,10,19105.2,Gold,Mumbai,Wallet
C1134,O32583,2026-04-24,Fashion,T-Shirt,2,4527,11,8058.06,Silver,Delhi,UPI
C1199,O98933,2026-02-12,Fashion,Shoes,2,1273,0,2546.0,Gold,Pune,UPI
C1492,O59371,2025-11-02,Groceries,Milk,3,3430,0,10290.0,Platinum,Pune,UPI
C1096,O89479,2025-07-23,Beauty,Face Wash,4,4336,14,14915.84,Gold,Chennai,Wallet
C1224,O46921,2025-11-02,Groceries,Bread,5,194,24,737.2,Silver,Chennai,Net Banking
C1378,O61998,2025-06-27,Sports,Dumbbells,5,3376,22,13166.4,Platinum,Hyderabad,Credit Card
C1775,O88036,2025-08-10,Sports,Cricket Bat,2,9325,30,13055.0,Gold,Bangalore,Debit Card
C1501,O40082,2026-05-26,Fashion,Jacket,3,4828,1,14339.16,Silver,Delhi,Debit Card
C1086,O71212,2026-05-27,Groceries,Rice,1,1858,22,1449.24,Silver,Bangalore,Debit Card
C1738,O50105,2025-06-18,Fashion,T-Shirt,2,3666,6,6892.08,Gold,Hyderabad,UPI
C1560,O20438,2026-02-06,Home Decor,Curtains,1,10656,23,8205.12,Platinum,Pune,Wallet
C1652,O56760,2026-01-22,Beauty,Moisturizer,5,6282,13,27326.7,Gold,Hyderabad,Debit Card
C1070,O42245,2025-07-06,Electronics,Smart Watch,1,14421,7,13411.53,Silver,Mumbai,Net Banking
C1512,O63972,2026-02-01,Fashion,Shoes,1,3528,7,3281.04,Silver,Delhi,UPI
C1336,O80334,2026-05-27,Groceries,Milk,3,964,13,2516.04,Platinum,Pune,Credit Card
C1555,O16842,2025-08-22,Fashion,T-Shirt,2,3916,25,5874.0,Silver,Mumbai,Debit Card
C1424,O45332,2025-10-08,Fashion,Shoes,1,4684,5,4449.8,Platinum,Mumbai,Debit Card
C1560,O29585,2026-01-14,Groceries,Rice,3,1371,5,3907.35,Gold,Chennai,Credit Card
C1946,O43073,2025-07-20,Electronics,Smartphone,5,48267,14,207548.1,Silver,Delhi,Credit Card
C1400,O47549,2025-09-11,Sports,Cricket Bat,4,14966,20,47891.2,Platinum,Pune,Credit Card
C1634,O12785,2025-08-24,Groceries,Bread,2,2934,5,5574.6,Platinum,Delhi,Debit Card
C1486,O77204,2025-09-25,Home Decor,Wall Art,3,4576,26,10158.72,Gold,Bangalore,UPI
C1791,O87711,2025-11-05,Sports,Cricket Bat,4,6107,25,18321.0,Silver,Delhi,Net Banking
C1635,O32975,2026-05-15,Groceries,Milk,3,3640,28,7862.4,Platinum,Hyderabad,Debit Card
C1062,O43996,2026-04-02,Electronics,Laptop,1,8643,11,7692.27,Gold,Pune,Net Banking
C1737,O48667,2025-07-12,Electronics,Headphones,4,24034,23,74024.72,Platinum,Pune,Credit Card
C1039,O87332,2026-02-27,Home Decor,Carpet,4,13532,15,46008.8,Platinum,Bangalore,Net Banking
C1830,O93606,2026-05-23,Home Decor,Curtains,5,2912,7,13540.8,Silver,Bangalore,Debit Card
C1756,O54578,2025-09-28,Fashion,Jeans,4,7417,0,29668.0,Gold,Mumbai,Net Banking
C1569,O15045,2026-02-16,Groceries,Eggs,4,1873,10,6742.8,Gold,Delhi,Debit Card
C1329,O12509,2025-07-26,Electronics,Smart Watch,3,60192,14,155295.36,Gold,Delhi,Debit Card
C1781,O14365,2026-01-31,Home Decor,Lamp,2,1905,28,2743.2,Gold,Hyderabad,Net Banking
C1192,O37797,2026-04-26,Groceries,Milk,5,1317,16,5531.4,Silver,Bangalore,Wallet
C1864,O88932,2026-02-20,Groceries,Eggs,3,572,27,1252.68,Platinum,Chennai,Debit Card
C1381,O66347,2025-08-16,Beauty,Face Wash,1,2206,8,2029.52,Platinum,Chennai,Net Banking
C1612,O21543,2025-09-04,Beauty,Moisturizer,2,4422,23,6809.88,Platinum,Chennai,UPI
C1724,O87053,2026-05-23,Beauty,Shampoo,3,1314,16,3311.28,Silver,Mumbai,Debit Card
C1782,O12511,2026-02-11,Fashion,Jeans,5,745,14,3203.5,Silver,Pune,Net Banking
C1576,O80986,2026-05-08,Home Decor,Carpet,5,8572,9,39002.6,Platinum,Chennai,Wallet
C1134,O61738,2025-11-03,Groceries,Rice,3,1960,28,4233.6,Gold,Bangalore,UPI
C1580,O98235,2025-12-15,Beauty,Face Wash,1,3379,12,2973.52,Gold,Pune,UPI
C1048,O39149,2025-08-03,Sports,Cricket Bat,5,9010,26,33337.0,Platinum,Bangalore,Credit Card
C1318,O72399,2026-05-27,Beauty,Shampoo,3,541,16,1363.32,Gold,Bangalore,UPI
C1386,O61548,2025-10-26,Beauty,Moisturizer,1,4797,0,4797.0,Gold,Pune,Debit Card
C1573,O66945,2025-07-14,Beauty,Shampoo,5,5473,18,22439.3,Gold,Pune,Wallet
C1342,O17060,2025-07-30,Home Decor,Carpet,2,17592,13,30610.08,Platinum,Hyderabad,Net Banking
C1321,O11074,2025-12-17,Fashion,Jeans,4,4989,1,19756.44,Gold,Delhi,Debit Card
C1480,O63507,2026-04-28,Home Decor,Curtains,1,10680,21,8437.2,Gold,Mumbai,Wallet
C1857,O28049,2025-09-24,Electronics,Smartphone,5,99718,6,468674.6,Platinum,Chennai,Wallet
C1851,O57367,2025-08-23,Beauty,Perfume,5,2043,5,9704.25,Gold,Hyderabad,UPI
C1740,O13152,2025-08-21,Fashion,Jeans,3,8856,20,21254.4,Platinum,Mumbai,UPI
C1972,O77536,2026-05-02,Sports,Football,4,14644,12,51546.88,Platinum,Mumbai,Credit Card
C1753,O61066,2025-10-24,Home Decor,Wall Art,3,11472,13,29941.92,Gold,Chennai,Net Banking
C1880,O46494,2025-11-04,Groceries,Eggs,4,510,12,1795.2,Platinum,Delhi,Credit Card
C1679,O98607,2025-11-21,Beauty,Perfume,2,2116,26,3131.68,Silver,Delhi,UPI
C1235,O86801,2025-10-05,Sports,Yoga Mat,3,7806,16,19671.12,Silver,Hyderabad,Debit Card
C1645,O78999,2026-05-31,Home Decor,Wall Art,1,6742,20,5393.6,Silver,Pune,Credit Card
C1150,O44353,2025-07-05,Electronics,Smart Watch,3,95516,2,280817.04,Platinum,Mumbai,UPI
C1995,O30865,2026-03-11,Home Decor,Carpet,1,4730,2,4635.4,Platinum,Bangalore,Wallet
C1892,O73831,2025-09-04,Fashion,Jacket,1,1239,11,1102.71,Silver,Hyderabad,Wallet
C1696,O39158,2026-01-25,Fashion,T-Shirt,1,5821,8,5355.32,Gold,Hyderabad,Credit Card
C1888,O60866,2026-03-05,Electronics,Smart Watch,2,39784,22,62063.04,Gold,Mumbai,UPI
C1144,O54387,2025-06-09,Electronics,Headphones,1,46374,24,35244.24,Silver,Chennai,UPI
C1913,O46369,2025-09-06,Home Decor,Curtains,4,7023,17,23316.36,Gold,Delhi,Credit Card
C1034,O96063,2026-02-01,Home Decor,Curtains,4,19870,16,66763.2,Platinum,Delhi,UPI
C1379,O67727,2026-04-29,Fashion,Jeans,2,7816,9,14225.12,Platinum,Mumbai,Credit Card
C1850,O48836,2025-09-28,Electronics,Smart Watch,1,85648,2,83935.04,Platinum,Mumbai,Net Banking
C1442,O90997,2026-01-06,Sports,Football,5,4250,10,19125.0,Silver,Mumbai,Debit Card
C1273,O17920,2025-06-13,Groceries,Milk,3,1885,24,4297.8,Silver,Chennai,Credit Card
C1859,O70776,2025-10-21,Groceries,Milk,5,1257,20,5028.0,Silver,Delhi,UPI
C1623,O34763,2026-01-14,Groceries,Bread,1,2070,8,1904.4,Platinum,Chennai,Debit Card
C1123,O43801,2025-09-14,Fashion,Jacket,1,1180,28,849.6,Gold,Hyderabad,UPI
C1329,O14225,2025-10-19,Sports,Football,5,9020,15,38335.0,Platinum,Pune,Credit Card
C1241,O80710,2025-12-11,Home Decor,Lamp,1,4319,30,3023.3,Silver,Pune,Wallet
C1524,O70971,2025-12-18,Fashion,T-Shirt,3,3162,27,6924.78,Platinum,Delhi,Net Banking
C1751,O11278,2026-03-10,Fashion,Jacket,1,4954,21,3913.66,Platinum,Pune,Credit Card
C1846,O29150,2026-01-19,Groceries,Rice,4,658,20,2105.6,Platinum,Hyderabad,Wallet
C1453,O38386,2025-12-13,Beauty,Moisturizer,4,6748,26,19974.08,Gold,Chennai,UPI
C1342,O64808,2025-10-07,Electronics,Laptop,1,6496,19,5261.76,Silver,Hyderabad,Credit Card
C1639,O88862,2026-03-31,Electronics,Laptop,5,55814,30,195349.0,Platinum,Pune,Credit Card
C1809,O43138,2025-07-19,Electronics,Headphones,4,13773,29,39115.32,Silver,Chennai,Wallet
C1296,O48460,2025-08-23,Groceries,Milk,5,3738,2,18316.2,Platinum,Bangalore,Credit Card
C1125,O60564,2026-02-04,Home Decor,Carpet,5,6697,4,32145.6,Silver,Pune,Credit Card
C1465,O14910,2025-12-29,Beauty,Moisturizer,2,5884,19,9532.08,Platinum,Pune,UPI
C1814,O17593,2026-05-17,Sports,Dumbbells,3,9144,9,24963.12,Platinum,Hyderabad,Wallet
C1716,O86836,2025-08-11,Groceries,Bread,5,2768,18,11348.8,Platinum,Pune,Credit Card
C1126,O12625,2026-04-22,Electronics,Headphones,4,77506,3,300723.28,Platinum,Delhi,Wallet
C1624,O75406,2025-11-05,Beauty,Moisturizer,2,6417,27,9368.82,Gold,Hyderabad,Debit Card
C1567,O72124,2026-01-08,Fashion,Jeans,2,4208,16,7069.44,Platinum,Mumbai,Net Banking
C1880,O58055,2025-11-10,Beauty,Moisturizer,3,3810,14,9829.8,Platinum,Pune,UPI
C1485,O25390,2025-09-26,Sports,Dumbbells,2,5494,30,7691.6,Platinum,Bangalore,Debit Card
C1079,O71057,2026-01-27,Sports,Dumbbells,5,6339,28,22820.4,Silver,Chennai,Wallet
C1014,O74438,2025-11-13,Fashion,Jacket,2,2827,20,4523.2,Silver,Bangalore,UPI
C1061,O83826,2026-04-24,Electronics,Laptop,2,73620,16,123681.6,Gold,Chennai,Credit Card
C1736,O25666,2026-02-13,Groceries,Milk,1,162,19,131.22,Gold,Pune,Net Banking
C1176,O13453,2025-09-30,Groceries,Milk,4,723,15,2458.2,Gold,Pune,Net Banking
C1789,O45723,2025-08-09,Electronics,Smart Watch,4,10210,6,38389.6,Gold,Chennai,Net Banking
C1033,O22482,2025-11-09,Groceries,Milk,2,1664,15,2828.8,Platinum,Pune,Wallet
C1306,O86168,2026-03-26,Beauty,Perfume,2,424,21,669.92,Silver,Delhi,Credit Card
C1604,O73001,2026-02-21,Home Decor,Curtains,3,13692,11,36557.64,Gold,Bangalore,UPI
C1888,O51876,2026-04-22,Beauty,Perfume,1,4309,8,3964.28,Gold,Mumbai,Debit Card
C1137,O69481,2025-09-18,Groceries,Bread,3,682,23,1575.42,Platinum,Chennai,Net Banking
C1351,O42446,2025-11-18,Sports,Football,4,10816,22,33745.92,Platinum,Hyderabad,UPI
C1135,O28245,2025-11-24,Groceries,Eggs,2,1344,17,2231.04,Silver,Pune,Credit Card
C1245,O97695,2025-10-24,Home Decor,Curtains,4,18552,16,62334.72,Platinum,Delhi,Wallet
C1272,O59981,2025-08-21,Fashion,Jacket,4,1690,20,5408.0,Gold,Pune,Credit Card
C1189,O29520,2025-10-25,Home Decor,Curtains,3,6784,9,18520.32,Silver,Pune,Debit Card
C1977,O41264,2025-12-04,Home Decor,Lamp,4,8490,19,27507.6,Platinum,Chennai,UPI
C1944,O50953,2026-02-08,Home Decor,Wall Art,2,2804,10,5047.2,Platinum,Delhi,Credit Card
C1089,O13160,2025-10-01,Groceries,Bread,2,3196,21,5049.68,Platinum,Pune,Credit Card
C1623,O29134,2026-01-05,Sports,Dumbbells,1,4699,10,4229.1,Gold,Mumbai,Wallet
C1024,O67423,2025-12-22,Sports,Yoga Mat,1,9480,20,7584.0,Gold,Pune,UPI
C1908,O36277,2025-09-18,Home Decor,Curtains,4,1989,2,7796.88,Silver,Bangalore,Net Banking
C1757,O22449,2025-09-28,Beauty,Perfume,1,1113,21,879.27,Silver,Chennai,UPI
C1529,O44800,2025-10-03,Groceries,Rice,4,3782,6,14220.32,Platinum,Bangalore,Wallet
C1046,O16832,2026-05-14,Beauty,Perfume,3,4906,29,10449.78,Silver,Delhi,Debit Card
C1457,O23863,2025-10-12,Home Decor,Lamp,4,2311,16,7764.96,Gold,Chennai,Debit Card
C1394,O74695,2026-05-18,Electronics,Smartphone,2,53062,12,93389.12,Platinum,Bangalore,Net Banking
C1091,O61273,2026-05-08,Sports,Dumbbells,2,15008,2,29415.68,Platinum,Bangalore,Credit Card
C1482,O39601,2026-02-03,Sports,Dumbbells,1,2619,16,2199.96,Gold,Delhi,Credit Card
C1110,O13257,2026-04-10,Beauty,Shampoo,2,6714,12,11816.64,Platinum,Delhi,UPI
C1273,O68396,2025-06-11,Home Decor,Wall Art,5,12057,0,60285.0,Gold,Bangalore,Debit Card
C1841,O85189,2025-06-29,Fashion,Shoes,3,5230,14,13493.4,Gold,Mumbai,Net Banking
C1840,O17914,2026-05-27,Fashion,Shoes,5,4651,21,18371.45,Silver,Bangalore,Net Banking
C1217,O77430,2025-08-16,Groceries,Milk,2,3956,22,6171.36,Platinum,Bangalore,Wallet
C1856,O20652,2026-03-22,Electronics,Smartphone,5,26655,29,94625.25,Silver,Delhi,Wallet
C1987,O92872,2025-07-12,Home Decor,Curtains,1,11155,0,11155.0,Gold,Hyderabad,UPI
C1348,O79350,2025-12-17,Sports,Cricket Bat,2,3906,22,6093.36,Gold,Pune,UPI
C1249,O30515,2026-01-05,Beauty,Shampoo,2,1831,18,3002.84,Gold,Mumbai,Credit Card
C1972,O60643,2026-04-05,Groceries,Milk,4,1806,23,5562.48,Gold,Chennai,Wallet
C1783,O55911,2026-05-31,Groceries,Rice,5,3326,8,15299.6,Platinum,Hyderabad,UPI
C1605,O62084,2026-03-21,Sports,Dumbbells,3,11797,19,28666.71,Gold,Hyderabad,Credit Card
C1172,O70718,2026-02-14,Fashion,Shoes,3,3142,27,6880.98,Silver,Mumbai,Debit Card
C1768,O11128,2026-04-26,Fashion,Shoes,3,4914,23,11351.34,Gold,Mumbai,Wallet
C1169,O15485,2025-09-09,Home Decor,Curtains,3,5242,2,15411.48,Gold,Hyderabad,Credit Card
C1800,O98051,2026-02-22,Groceries,Bread,5,1868,17,7752.2,Silver,Hyderabad,Credit Card
C1550,O62078,2026-04-10,Fashion,Jeans,3,1549,20,3717.6,Gold,Chennai,UPI
C1033,O27017,2026-05-13,Beauty,Face Wash,5,1235,23,4754.75,Silver,Hyderabad,Credit Card
C1641,O96056,2026-01-15,Beauty,Shampoo,3,1048,27,2295.12,Gold,Chennai,Net Banking
C1652,O67673,2026-05-08,Fashion,Jeans,1,8398,17,6970.34,Platinum,Hyderabad,Wallet
C1795,O11174,2025-12-08,Electronics,Headphones,4,8205,15,27897.0,Silver,Chennai,Debit Card
C1673,O36556,2026-02-09,Home Decor,Curtains,4,3585,6,13479.6,Gold,Pune,UPI
C1236,O97234,2026-02-21,Home Decor,Curtains,1,1893,9,1722.63,Gold,Bangalore,Wallet
C1676,O40636,2026-04-03,Home Decor,Carpet,4,8467,29,24046.28,Silver,Hyderabad,Wallet
C1756,O78579,2025-10-23,Fashion,Jacket,5,2694,26,9967.8,Gold,Chennai,Credit Card
C1419,O62493,2026-02-09,Electronics,Smart Watch,4,50931,12,179277.12,Gold,Delhi,Debit Card
C1460,O70356,2025-08-24,Home Decor,Carpet,3,11443,23,26433.33,Gold,Chennai,Debit Card
C1581,O61371,2026-03-28,Beauty,Moisturizer,4,2905,17,9644.6,Silver,Bangalore,Credit Card
C1066,O35897,2026-03-18,Fashion,T-Shirt,1,3930,12,3458.4,Gold,Chennai,Wallet
C1241,O87733,2025-11-14,Fashion,Shoes,5,2671,24,10149.8,Gold,Mumbai,Credit Card
C1790,O18667,2025-06-17,Groceries,Milk,2,2460,0,4920.0,Gold,Bangalore,Debit Card
C1655,O38349,2025-11-15,Groceries,Bread,5,199,0,995.0,Silver,Chennai,Net Banking
C1145,O38349,2025-12-14,Beauty,Shampoo,5,6106,18,25034.6,Gold,Mumbai,Credit Card
C1374,O22916,2026-02-22,Electronics,Laptop,2,97048,5,184391.2,Platinum,Mumbai,Net Banking
C1114,O31497,2026-03-18,Sports,Yoga Mat,4,8224,28,23685.12,Gold,Hyderabad,UPI
C1675,O70700,2026-04-06,Groceries,Milk,4,3404,4,13071.36,Platinum,Delhi,Wallet
C1564,O60253,2026-01-22,Fashion,Shoes,2,647,28,931.68,Silver,Mumbai,Net Banking
C1131,O75928,2026-05-11,Electronics,Laptop,3,38572,15,98358.6,Platinum,Mumbai,Credit Card
C1488,O35009,2026-03-23,Home Decor,Lamp,3,1899,29,4044.87,Gold,Pune,Debit Card
C1217,O53107,2025-06-22,Groceries,Eggs,3,2610,5,7438.5,Platinum,Bangalore,Wallet
C1083,O96592,2026-01-15,Groceries,Milk,3,876,6,2470.32,Gold,Chennai,UPI
C1298,O21934,2026-03-31,Fashion,Shoes,3,5122,27,11217.18,Platinum,Pune,Net Banking
C1684,O56042,2025-07-08,Groceries,Eggs,1,1077,15,915.45,Silver,Hyderabad,Debit Card
C1990,O61691,2026-05-04,Groceries,Bread,2,1878,21,2967.24,Platinum,Pune,Wallet
C1993,O61094,2025-12-01,Groceries,Milk,3,260,18,639.6,Silver,Chennai,UPI
C1111,O50037,2025-09-22,Beauty,Shampoo,3,6625,26,14707.5,Gold,Chennai,Wallet
C1200,O55361,2025-08-23,Sports,Dumbbells,1,1879,27,1371.67,Gold,Chennai,UPI
C1720,O80833,2025-06-25,Groceries,Milk,5,988,29,3507.4,Silver,Mumbai,Wallet
C1256,O50894,2025-06-30,Fashion,Shoes,1,4942,24,3755.92,Platinum,Pune,Net Banking
C1356,O70537,2025-07-17,Electronics,Smart Watch,4,7791,20,24931.2,Gold,Bangalore,Credit Card
C1338,O80155,2026-03-16,Fashion,Jacket,1,895,16,751.8,Silver,Pune,UPI
C1377,O23909,2026-03-01,Fashion,Jeans,2,2206,26,3264.88,Platinum,Hyderabad,Credit Card
C1312,O11448,2026-02-21,Beauty,Perfume,1,1589,6,1493.66,Silver,Chennai,UPI
C1923,O20219,2025-11-26,Fashion,Shoes,5,2898,7,13475.7,Silver,Pune,Net Banking
C1953,O58309,2025-12-05,Groceries,Rice,2,1283,27,1873.18,Silver,Delhi,Debit Card
C1848,O30442,2025-11-08,Electronics,Smartphone,5,6927,9,31517.85,Silver,Mumbai,Debit Card
C1923,O47965,2025-12-12,Groceries,Eggs,1,1318,8,1212.56,Gold,Hyderabad,UPI
C1258,O36767,2026-04-05,Sports,Cricket Bat,5,1699,7,7900.35,Gold,Mumbai,Debit Card
C1436,O50999,2025-09-04,Sports,Football,5,11050,8,50830.0,Gold,Bangalore,UPI
C1530,O83774,2025-10-11,Sports,Dumbbells,3,2960,15,7548.0,Silver,Delhi,Net Banking
C1673,O57001,2025-09-29,Sports,Dumbbells,2,13324,10,23983.2,Platinum,Chennai,Debit Card
C1511,O33002,2025-06-28,Sports,Yoga Mat,3,4890,0,14670.0,Gold,Chennai,Credit Card
C1046,O27611,2026-01-14,Home Decor,Lamp,5,8327,24,31642.6,Silver,Bangalore,Credit Card
C1982,O53795,2026-03-03,Home Decor,Wall Art,1,11377,29,8077.67,Gold,Mumbai,Net Banking
C1934,O35118,2025-07-30,Electronics,Laptop,3,14736,13,38460.96,Silver,Chennai,UPI
C1216,O27214,2026-04-11,Beauty,Perfume,2,649,23,999.46,Silver,Mumbai,UPI
C1409,O44343,2025-11-01,Fashion,Jeans,4,1671,17,5547.72,Silver,Hyderabad,UPI
C1282,O34407,2025-09-12,Electronics,Smartphone,2,42370,26,62707.6,Gold,Pune,UPI
C1092,O59063,2025-07-22,Beauty,Face Wash,4,1736,8,6388.48,Platinum,Hyderabad,Debit Card
C1786,O27840,2026-03-27,Beauty,Face Wash,1,1930,13,1679.1,Gold,Mumbai,Credit Card
C1676,O61236,2025-07-19,Home Decor,Curtains,4,3614,15,12287.6,Silver,Pune,Net Banking
C1489,O68999,2026-04-07,Fashion,T-Shirt,2,9860,27,14395.6,Platinum,Pune,Wallet
C1500,O58499,2025-07-15,Sports,Yoga Mat,5,8482,30,29687.0,Platinum,Delhi,Debit Card
C1059,O68061,2026-01-23,Home Decor,Lamp,4,2282,25,6846.0,Silver,Bangalore,UPI
C1613,O51091,2025-07-05,Beauty,Shampoo,5,8420,9,38311.0,Platinum,Delhi,Debit Card
C1755,O19655,2026-04-27,Home Decor,Wall Art,4,7780,11,27696.8,Silver,Pune,Debit Card
C1682,O59791,2025-10-20,Home Decor,Wall Art,5,8923,27,32568.95,Silver,Chennai,UPI
C1815,O63886,2026-05-22,Groceries,Eggs,2,288,15,489.6,Platinum,Chennai,Net Banking
C1126,O92626,2026-05-28,Beauty,Moisturizer,4,3051,28,8786.88,Silver,Mumbai,Debit Card
C1162,O53687,2025-09-15,Beauty,Perfume,5,6187,26,22891.9,Gold,Hyderabad,Net Banking
C1818,O87889,2026-04-11,Electronics,Smartphone,4,20916,13,72787.68,Platinum,Hyderabad,Net Banking
C1543,O98519,2025-10-24,Electronics,Smartphone,3,58515,27,128147.85,Gold,Mumbai,Debit Card
C1765,O11348,2026-03-03,Sports,Cricket Bat,4,3971,5,15089.8,Silver,Delhi,Debit Card
C2000,O32279,2025-11-19,Beauty,Face Wash,4,1574,9,5729.36,Silver,Chennai,Credit Card
C1907,O59265,2025-07-24,Beauty,Face Wash,5,3564,5,16929.0,Platinum,Chennai,UPI
C1855,O58511,2025-10-17,Beauty,Perfume,1,4624,22,3606.72,Silver,Hyderabad,UPI
C1218,O49994,2026-06-02,Home Decor,Carpet,1,5832,13,5073.84,Silver,Delhi,Net Banking
C1925,O32733,2026-05-18,Electronics,Smart Watch,4,39704,16,133405.44,Silver,Chennai,Wallet
C1205,O31979,2025-09-17,Electronics,Smart Watch,1,51016,18,41833.12,Platinum,Mumbai,Credit Card
C1236,O11452,2025-10-07,Fashion,Shoes,1,4276,5,4062.2,Gold,Mumbai,Credit Card
C1550,O77080,2025-06-07,Fashion,T-Shirt,1,2883,12,2537.04,Silver,Hyderabad,Net Banking
C1540,O82132,2025-10-09,Sports,Yoga Mat,1,13216,23,10176.32,Platinum,Delhi,Debit Card
C1814,O18586,2026-06-03,Sports,Yoga Mat,3,2882,15,7349.1,Platinum,Pune,Wallet
C1708,O64248,2025-07-31,Groceries,Milk,3,1764,8,4868.64,Gold,Bangalore,Net Banking
C1710,O22197,2025-10-03,Sports,Yoga Mat,5,12320,9,56056.0,Platinum,Hyderabad,Debit Card
C1361,O48553,2026-01-22,Home Decor,Wall Art,3,8742,8,24127.92,Silver,Hyderabad,UPI
C1660,O87198,2026-02-27,Home Decor,Curtains,2,12492,25,18738.0,Platinum,Bangalore,Debit Card
C1599,O41886,2026-05-28,Home Decor,Lamp,5,4693,24,17833.4,Gold,Chennai,Debit Card
C1956,O22977,2025-11-09,Groceries,Bread,1,502,20,401.6,Silver,Hyderabad,Wallet
C1248,O89380,2025-08-22,Fashion,T-Shirt,5,1455,2,7129.5,Silver,Hyderabad,Wallet
C1847,O98620,2025-11-28,Home Decor,Curtains,1,6932,18,5684.24,Silver,Delhi,UPI
C1971,O97507,2025-12-08,Groceries,Eggs,5,134,22,522.6,Silver,Pune,Wallet
C1619,O85413,2025-10-30,Groceries,Eggs,4,2288,14,7870.72,Platinum,Bangalore,Debit Card
C1213,O19698,2025-07-09,Home Decor,Curtains,1,8737,17,7251.71,Silver,Chennai,Credit Card
C1945,O92828,2025-10-16,Electronics,Smart Watch,4,67000,4,257280.0,Platinum,Chennai,Debit Card
C1196,O72413,2025-07-12,Home Decor,Lamp,5,11967,3,58039.95,Gold,Hyderabad,UPI
C1168,O87595,2025-11-04,Sports,Yoga Mat,4,8655,29,24580.2,Gold,Chennai,Credit Card
C1692,O97040,2025-08-31,Beauty,Perfume,4,6715,19,21756.6,Gold,Bangalore,UPI
C1149,O97596,2026-04-26,Fashion,Shoes,5,3909,26,14463.3,Silver,Delhi,UPI
C1965,O31710,2025-11-11,Fashion,Jacket,3,3166,28,6838.56,Silver,Pune,Wallet
C1720,O76658,2026-03-06,Electronics,Smartphone,5,98800,27,360620.0,Platinum,Pune,Credit Card
C1766,O93612,2026-03-29,Fashion,Shoes,1,7449,6,7002.06,Gold,Chennai,Credit Card
C1696,O79426,2025-10-22,Groceries,Rice,4,1458,13,5073.84,Platinum,Mumbai,Wallet
C1383,O13526,2025-11-24,Fashion,Shoes,5,4933,22,19238.7,Silver,Chennai,UPI
C1375,O42979,2026-01-04,Home Decor,Wall Art,2,9732,7,18101.52,Gold,Pune,UPI
C1161,O72568,2025-11-10,Groceries,Eggs,3,1548,7,4318.92,Gold,Mumbai,UPI
C1295,O20592,2025-11-17,Electronics,Laptop,3,45367,6,127934.94,Gold,Bangalore,UPI
C1602,O22569,2026-01-03,Fashion,Jacket,5,8230,4,39504.0,Platinum,Chennai,Wallet
C1788,O34837,2026-03-31,Home Decor,Carpet,2,13278,3,25759.32,Platinum,Delhi,Debit Card
C1688,O80493,2026-05-23,Groceries,Milk,4,1426,14,4905.44,Platinum,Bangalore,Credit Card
C1112,O61311,2025-07-16,Fashion,Jacket,1,1496,17,1241.68,Platinum,Mumbai,UPI
C1396,O28589,2025-12-10,Sports,Football,1,1482,19,1200.42,Gold,Pune,UPI
C1949,O55227,2025-12-28,Fashion,Jacket,1,1231,27,898.63,Gold,Hyderabad,Credit Card
C1118,O70247,2025-10-01,Home Decor,Carpet,4,1590,8,5851.2,Silver,Chennai,Debit Card
C1416,O88776,2025-11-11,Beauty,Moisturizer,2,1740,5,3306.0,Platinum,Delhi,UPI
C1457,O52037,2026-02-03,Beauty,Face Wash,1,9170,10,8253.0,Platinum,Mumbai,Debit Card
C1316,O14429,2026-01-20,Groceries,Milk,4,1321,13,4597.08,Silver,Hyderabad,Net Banking
C1242,O92703,2025-11-11,Home Decor,Carpet,2,19882,20,31811.2,Platinum,Mumbai,UPI
C1386,O30996,2025-07-22,Beauty,Face Wash,2,5164,15,8778.8,Platinum,Chennai,Credit Card
C1201,O54887,2025-09-13,Home Decor,Carpet,3,9380,12,24763.2,Platinum,Mumbai,UPI
C1669,O64864,2025-07-10,Home Decor,Lamp,4,8973,13,31226.04,Silver,Hyderabad,Net Banking
C1140,O76144,2026-02-26,Beauty,Face Wash,3,616,18,1515.36,Gold,Hyderabad,Wallet
C1819,O58836,2025-10-24,Home Decor,Curtains,3,14341,15,36569.55,Gold,Pune,Credit Card
C1360,O17537,2025-12-23,Electronics,Smart Watch,3,5209,30,10938.9,Silver,Chennai,Wallet
C1470,O62525,2026-01-18,Beauty,Face Wash,4,2833,17,9405.56,Silver,Chennai,Credit Card
C1136,O93378,2025-10-17,Groceries,Rice,2,800,3,1552.0,Platinum,Bangalore,Credit Card
C1066,O65894,2026-01-07,Sports,Cricket Bat,3,3825,0,11475.0,Gold,Delhi,Credit Card
C1462,O32553,2025-07-08,Sports,Yoga Mat,5,14154,22,55200.6,Platinum,Bangalore,Credit Card
C1928,O47494,2025-06-30,Beauty,Moisturizer,1,4534,30,3173.8,Silver,Mumbai,Debit Card
C1293,O66875,2026-02-14,Electronics,Smart Watch,2,56754,27,82860.84,Gold,Chennai,Debit Card
C1692,O96695,2025-08-08,Sports,Football,4,3588,4,13777.92,Platinum,Mumbai,Debit Card
C1136,O97639,2026-02-22,Sports,Cricket Bat,2,3808,16,6397.44,Silver,Bangalore,Credit Card
C1984,O16616,2025-08-16,Sports,Football,1,7590,28,5464.8,Gold,Hyderabad,Net Banking
C1283,O82358,2025-08-07,Groceries,Bread,4,934,5,3549.2,Gold,Mumbai,Net Banking
C1185,O14259,2025-12-21,Sports,Yoga Mat,3,2470,4,7113.6,Gold,Chennai,Credit Card
C1189,O97771,2025-11-13,Beauty,Perfume,4,1842,10,6631.2,Platinum,Delhi,Wallet
C1196,O23634,2025-08-24,Sports,Football,3,15142,4,43608.96,Platinum,Delhi,Net Banking
C1313,O32894,2025-08-05,Home Decor,Carpet,5,2304,2,11289.6,Gold,Pune,Net Banking
C1291,O93985,2025-09-12,Home Decor,Curtains,2,9584,28,13800.96,Platinum,Delhi,Credit Card
C1656,O35673,2026-01-06,Sports,Dumbbells,1,4477,2,4387.46,Gold,Hyderabad,Credit Card
C1792,O69488,2025-12-19,Home Decor,Lamp,4,8103,20,25929.6,Gold,Bangalore,Net Banking
C1419,O94210,2025-10-02,Electronics,Smart Watch,3,56970,22,133309.8,Platinum,Delhi,Net Banking
C1991,O56507,2026-03-02,Beauty,Perfume,4,1592,2,6240.64,Silver,Delhi,Credit Card
C1313,O24513,2026-03-31,Beauty,Moisturizer,1,623,30,436.1,Silver,Chennai,Net Banking
C1167,O24765,2026-04-07,Home Decor,Carpet,1,3370,8,3100.4,Silver,Bangalore,UPI
C1550,O84473,2026-02-14,Sports,Yoga Mat,3,2680,11,7155.6,Gold,Mumbai,UPI
C1433,O53127,2026-05-08,Groceries,Milk,1,1698,1,1681.02,Platinum,Hyderabad,Wallet
C1158,O76425,2025-08-08,Groceries,Bread,4,1233,28,3551.04,Gold,Pune,UPI
C1273,O58412,2025-09-18,Home Decor,Lamp,4,6426,4,24675.84,Silver,Chennai,Credit Card
C1420,O42485,2025-11-21,Fashion,T-Shirt,3,3609,5,10285.65,Gold,Bangalore,Net Banking
C1151,O69718,2025-12-02,Fashion,Jeans,4,6978,6,26237.28,Gold,Hyderabad,Net Banking
C1639,O34333,2025-06-05,Fashion,Shoes,3,5278,0,15834.0,Gold,Delhi,Wallet
C1295,O95225,2026-01-11,Sports,Yoga Mat,4,12334,20,39468.8,Platinum,Bangalore,Net Banking
C1640,O92053,2026-04-28,Groceries,Rice,5,266,10,1197.0,Silver,Bangalore,Credit Card
C1467,O53259,2025-08-04,Home Decor,Lamp,2,13350,0,26700.0,Platinum,Hyderabad,Credit Card
C1592,O93985,2025-09-04,Fashion,Jeans,4,8252,11,29377.12,Platinum,Hyderabad,Net Banking
C1894,O36515,2026-02-27,Home Decor,Curtains,4,12876,28,37082.88,Gold,Bangalore,Debit Card
C1509,O42486,2025-10-13,Home Decor,Lamp,1,6166,10,5549.4,Gold,Mumbai,Net Banking
C1941,O97257,2026-05-10,Groceries,Eggs,5,2596,9,11811.8,Platinum,Delhi,Net Banking
C1730,O49510,2025-06-14,Beauty,Shampoo,2,218,25,327.0,Silver,Bangalore,Credit Card
C1656,O13548,2025-10-13,Beauty,Face Wash,4,2128,3,8256.64,Silver,Delhi,Debit Card
C1109,O30242,2025-08-30,Home Decor,Wall Art,4,3522,24,10706.88,Platinum,Pune,Wallet
C1446,O16823,2026-05-17,Groceries,Eggs,3,827,2,2431.38,Silver,Bangalore,Wallet
C1865,O67800,2025-09-02,Sports,Yoga Mat,1,2941,30,2058.7,Gold,Delhi,Wallet
C1243,O26679,2025-09-19,Electronics,Smartphone,2,6099,17,10124.34,Silver,Hyderabad,UPI
C1895,O46419,2026-01-24,Beauty,Perfume,1,5490,2,5380.2,Platinum,Bangalore,Debit Card
C1583,O72615,2026-01-19,Electronics,Headphones,4,68206,27,199161.52,Platinum,Bangalore,Debit Card
C1924,O69713,2026-04-30,Fashion,T-Shirt,5,4128,10,18576.0,Platinum,Mumbai,Debit Card
C1374,O49937,2025-10-13,Beauty,Perfume,1,1737,29,1233.27,Gold,Delhi,Debit Card
C1745,O62002,2025-09-07,Electronics,Smart Watch,2,71116,22,110940.96,Platinum,Chennai,Wallet
C1909,O67608,2026-05-27,Fashion,Jeans,4,8564,10,30830.4,Platinum,Pune,Net Banking
C1708,O21655,2026-03-23,Groceries,Bread,5,946,16,3973.2,Platinum,Hyderabad,Debit Card
C1432,O41288,2025-10-08,Home Decor,Curtains,5,9716,7,45179.4,Platinum,Chennai,Credit Card
C1653,O65948,2025-11-20,Beauty,Perfume,1,607,21,479.53,Gold,Mumbai,Credit Card
C1669,O70128,2025-10-11,Beauty,Perfume,2,1135,13,1974.9,Gold,Chennai,Debit Card
C1931,O43832,2026-04-13,Beauty,Moisturizer,2,385,8,708.4,Silver,Bangalore,Net Banking
C1602,O33107,2026-02-26,Groceries,Eggs,3,472,1,1401.84,Silver,Chennai,UPI
C1810,O10874,2026-01-16,Sports,Football,3,3394,27,7432.86,Gold,Mumbai,Debit Card
C1598,O19027,2026-03-27,Sports,Yoga Mat,1,7748,5,7360.6,Platinum,Hyderabad,Net Banking
C1506,O31437,2026-04-30,Electronics,Smartphone,1,43706,20,34964.8,Platinum,Delhi,Credit Card
C1488,O62794,2026-04-09,Fashion,Jacket,4,4144,16,13923.84,Platinum,Mumbai,Wallet
C1115,O65170,2025-06-28,Electronics,Smartphone,4,44688,2,175176.96,Silver,Mumbai,Debit Card
C1028,O82049,2025-12-10,Home Decor,Wall Art,5,10263,25,38486.25,Gold,Delhi,UPI
C1883,O86372,2026-04-14,Sports,Dumbbells,2,9166,11,16315.48,Platinum,Bangalore,Net Banking
C1183,O34091,2026-02-05,Fashion,Shoes,2,516,18,846.24,Silver,Delhi,Wallet
C1481,O48776,2025-06-17,Home Decor,Lamp,2,10394,9,18917.08,Platinum,Pune,Net Banking
C1182,O19971,2025-12-11,Groceries,Eggs,5,3512,0,17560.0,Platinum,Delhi,Credit Card
C1645,O62581,2025-09-05,Electronics,Smart Watch,2,40924,0,81848.0,Silver,Hyderabad,Net Banking
C1874,O12996,2025-06-20,Home Decor,Lamp,5,8686,18,35612.6,Gold,Delhi,Debit Card
C1176,O47985,2025-08-13,Home Decor,Wall Art,1,3419,24,2598.44,Silver,Mumbai,Wallet
C1876,O63314,2025-08-22,Beauty,Moisturizer,1,3237,12,2848.56,Silver,Chennai,Credit Card
C1811,O19029,2025-06-14,Beauty,Shampoo,3,1900,29,4047.0,Gold,Mumbai,Net Banking
C1329,O73917,2025-09-18,Fashion,Jacket,4,1526,27,4455.92,Platinum,Chennai,Credit Card
C1363,O14720,2026-03-19,Sports,Cricket Bat,5,7197,29,25549.35,Gold,Bangalore,UPI
C1271,O21483,2025-12-24,Fashion,Jacket,3,2910,0,8730.0,Platinum,Pune,UPI
C1799,O78184,2025-06-11,Beauty,Moisturizer,5,8988,26,33255.6,Platinum,Bangalore,UPI
C1509,O93828,2025-09-28,Fashion,T-Shirt,3,1386,8,3825.36,Silver,Pune,UPI
C1123,O45355,2026-05-21,Beauty,Moisturizer,2,1332,5,2530.8,Silver,Mumbai,UPI
C1614,O70501,2025-12-10,Fashion,Jeans,4,1024,6,3850.24,Platinum,Mumbai,Wallet
C1113,O13052,2025-12-27,Sports,Cricket Bat,5,8958,3,43446.3,Platinum,Bangalore,Credit Card
C1601,O47931,2025-08-06,Groceries,Milk,2,1368,2,2681.28,Platinum,Mumbai,Net Banking
C1225,O96080,2025-12-30,Home Decor,Lamp,5,2436,16,10231.2,Silver,Mumbai,Net Banking
C1700,O21934,2025-10-06,Electronics,Headphones,5,40400,0,202000.0,Platinum,Pune,Credit Card
C1178,O39571,2026-04-14,Sports,Dumbbells,3,7520,16,18950.4,Platinum,Chennai,Wallet
C1773,O45900,2025-10-26,Groceries,Eggs,1,2860,2,2802.8,Platinum,Chennai,Debit Card
C1880,O64071,2025-10-24,Electronics,Laptop,4,38891,14,133785.04,Silver,Bangalore,Debit Card
C1304,O88360,2026-01-02,Fashion,T-Shirt,2,6132,22,9565.92,Platinum,Chennai,Net Banking
C1473,O11617,2025-06-25,Beauty,Face Wash,2,2499,30,3498.6,Silver,Hyderabad,Credit Card
C1671,O78252,2025-06-17,Home Decor,Carpet,1,3799,1,3761.01,Gold,Chennai,Debit Card
C1384,O50404,2025-09-10,Beauty,Face Wash,4,4382,15,14898.8,Silver,Chennai,Credit Card
C1539,O52336,2026-01-01,Home Decor,Lamp,5,4966,15,21105.5,Gold,Bangalore,UPI
C1363,O74900,2025-11-16,Groceries,Bread,1,574,5,545.3,Gold,Chennai,UPI
C1690,O67709,2025-09-18,Fashion,Shoes,3,8090,13,21114.9,Platinum,Mumbai,Wallet
C1765,O34270,2025-11-11,Groceries,Rice,3,749,2,2202.06,Silver,Mumbai,Net Banking
C1641,O49534,2025-07-25,Sports,Cricket Bat,5,6250,15,26562.5,Silver,Delhi,Wallet
C1256,O88550,2026-01-30,Groceries,Milk,2,2919,18,4787.16,Gold,Delhi,Credit Card
C1131,O83370,2026-04-21,Fashion,T-Shirt,3,3630,14,9365.4,Platinum,Chennai,Wallet
C1304,O10944,2026-01-27,Home Decor,Lamp,4,4080,26,12076.8,Gold,Delhi,UPI
C1250,O55431,2026-04-08,Home Decor,Lamp,5,7572,1,37481.4,Platinum,Hyderabad,Wallet
C1477,O98862,2025-11-11,Home Decor,Carpet,2,9026,24,13719.52,Platinum,Pune,Debit Card
C1945,O57149,2025-07-14,Home Decor,Lamp,2,1695,21,2678.1,Silver,Bangalore,Credit Card
C1850,O74664,2025-11-23,Sports,Cricket Bat,4,1879,16,6313.44,Silver,Mumbai,Wallet
C1565,O59023,2026-01-18,Groceries,Rice,1,2900,9,2639.0,Platinum,Bangalore,Wallet
C1234,O28334,2026-03-15,Electronics,Headphones,1,57018,25,42763.5,Platinum,Hyderabad,Credit Card
C1597,O76640,2026-02-14,Fashion,Jacket,3,1163,25,2616.75,Silver,Pune,Credit Card
C1327,O88322,2025-09-08,Groceries,Bread,3,1528,1,4538.16,Silver,Mumbai,UPI
C1497,O95301,2025-08-10,Electronics,Smart Watch,4,42999,19,139316.76,Gold,Hyderabad,Debit Card
C1893,O17136,2026-03-14,Home Decor,Wall Art,2,12070,12,21243.2,Platinum,Pune,Net Banking
C1612,O65877,2026-04-23,Home Decor,Wall Art,3,8755,4,25214.4,Silver,Delhi,Debit Card
C1393,O74868,2025-06-26,Groceries,Rice,1,1712,27,1249.76,Silver,Chennai,Wallet
C1270,O75218,2026-02-26,Home Decor,Curtains,2,8438,2,16538.48,Silver,Delhi,Net Banking
C1890,O59387,2025-08-12,Groceries,Eggs,1,828,4,794.88,Silver,Chennai,Net Banking
C1114,O52670,2026-04-23,Sports,Football,1,1726,8,1587.92,Gold,Pune,Debit Card
C1761,O57895,2026-03-13,Sports,Yoga Mat,5,8268,30,28938.0,Gold,Hyderabad,UPI
C1339,O75718,2025-09-24,Electronics,Smart Watch,5,27230,10,122535.0,Silver,Delhi,UPI
C1214,O51586,2025-12-17,Beauty,Shampoo,5,5204,7,24198.6,Platinum,Bangalore,UPI
C1748,O26174,2026-02-23,Sports,Football,5,10608,10,47736.0,Gold,Chennai,Credit Card
C1775,O63090,2025-12-05,Groceries,Bread,2,1255,12,2208.8,Gold,Delhi,Credit Card
C1727,O33075,2026-01-12,Beauty,Moisturizer,4,4001,18,13123.28,Silver,Bangalore,Debit Card
C1769,O35254,2025-12-16,Electronics,Smart Watch,2,41542,8,76437.28,Gold,Pune,Wallet
C1177,O50485,2025-07-25,Electronics,Headphones,1,46820,28,33710.4,Silver,Bangalore,Credit Card
C1688,O44649,2025-10-17,Groceries,Milk,2,1625,4,3120.0,Silver,Chennai,Credit Card
C1020,O93111,2025-08-14,Sports,Football,2,1377,9,2506.14,Silver,Hyderabad,Credit Card
C1707,O91111,2025-09-21,Sports,Football,5,1773,3,8599.05,Silver,Pune,Debit Card
C1374,O89971,2025-08-02,Home Decor,Wall Art,5,12252,19,49620.6,Platinum,Pune,Debit Card
C1206,O30660,2025-08-11,Sports,Cricket Bat,3,5056,13,13196.16,Silver,Pune,Net Banking
C1466,O89699,2026-04-08,Groceries,Bread,3,456,27,998.64,Silver,Bangalore,Debit Card
C1142,O19391,2025-10-18,Home Decor,Curtains,1,10008,4,9607.68,Gold,Bangalore,Net Banking
C1988,O12757,2025-12-26,Beauty,Perfume,5,1792,9,8153.6,Silver,Hyderabad,Credit Card
C1350,O51168,2026-05-18,Home Decor,Carpet,3,12582,5,35858.7,Gold,Pune,Wallet
C1808,O41554,2025-06-19,Beauty,Perfume,2,3109,8,5720.56,Gold,Chennai,Debit Card
C1006,O10220,2025-10-23,Beauty,Face Wash,1,1982,4,1902.72,Silver,Delhi,UPI
C1309,O68617,2025-10-15,Home Decor,Carpet,5,18030,6,84741.0,Platinum,Delhi,Credit Card
C1221,O36048,2025-08-25,Home Decor,Curtains,1,6932,16,5822.88,Silver,Hyderabad,Credit Card
C1013,O21781,2025-11-05,Home Decor,Lamp,4,14558,23,44838.64,Platinum,Delhi,Net Banking
C1053,O43975,2026-01-11,Home Decor,Curtains,2,7488,11,13328.64,Gold,Mumbai,Credit Card
C1697,O52762,2026-02-07,Beauty,Face Wash,4,2798,4,10744.32,Platinum,Delhi,Net Banking
C1383,O75419,2026-03-08,Home Decor,Carpet,3,5874,8,16212.24,Gold,Pune,Debit Card
C1165,O88068,2025-10-06,Fashion,T-Shirt,5,5178,17,21488.7,Gold,Delhi,Debit Card
C1512,O73081,2025-07-26,Sports,Cricket Bat,5,1307,29,4639.85,Silver,Bangalore,UPI
C1396,O68889,2026-05-01,Beauty,Moisturizer,3,2901,4,8354.88,Silver,Chennai,UPI
C1931,O61590,2025-07-08,Electronics,Laptop,5,57310,4,275088.0,Platinum,Delhi,Debit Card
C1656,O17483,2026-05-05,Electronics,Headphones,3,23413,4,67429.44,Silver,Bangalore,Net Banking
C1150,O99108,2025-12-01,Beauty,Perfume,5,3842,3,18633.7,Platinum,Delhi,Net Banking
C1575,O31900,2026-01-21,Fashion,T-Shirt,5,5356,0,26780.0,Gold,Pune,Debit Card
C1428,O86162,2026-05-27,Beauty,Perfume,5,3996,26,14785.2,Silver,Chennai,Net Banking
C1898,O29418,2026-05-24,Groceries,Eggs,1,1413,25,1059.75,Gold,Chennai,UPI
C1886,O51976,2025-11-30,Groceries,Milk,2,2708,14,4657.76,Platinum,Hyderabad,Credit Card
C1040,O78840,2025-07-08,Home Decor,Lamp,1,12649,22,9866.22,Gold,Delhi,Debit Card
C1449,O44960,2025-08-31,Home Decor,Wall Art,2,1994,25,2991.0,Silver,Chennai,Wallet
C1149,O60064,2026-02-11,Home Decor,Wall Art,4,7612,23,23444.96,Gold,Pune,Wallet
C1866,O33274,2025-10-21,Electronics,Laptop,2,24133,1,47783.34,Silver,Bangalore,Net Banking
C1266,O67164,2025-08-15,Beauty,Shampoo,1,400,24,304.0,Gold,Hyderabad,Wallet
C1139,O76771,2026-03-18,Electronics,Headphones,5,52688,21,208117.6,Platinum,Bangalore,Net Banking
C1431,O35221,2026-04-14,Groceries,Bread,3,2952,12,7793.28,Platinum,Pune,UPI
C1865,O26910,2026-03-05,Sports,Dumbbells,5,5308,6,24947.6,Silver,Mumbai,Net Banking
C1684,O19995,2025-12-24,Electronics,Smartphone,3,31186,10,84202.2,Silver,Hyderabad,Net Banking
C1838,O17755,2025-09-20,Home Decor,Curtains,5,7082,25,26557.5,Platinum,Chennai,Net Banking
C1817,O16483,2025-06-30,Beauty,Shampoo,1,830,13,722.1,Silver,Delhi,Net Banking
C1065,O21911,2026-05-06,Home Decor,Curtains,2,16128,21,25482.24,Platinum,Chennai,Credit Card
C1037,O70238,2026-05-03,Sports,Dumbbells,2,4488,6,8437.44,Gold,Delhi,Net Banking
C1502,O45475,2026-01-20,Fashion,Jeans,2,5976,23,9203.04,Platinum,Hyderabad,Net Banking
C1826,O83240,2026-05-29,Beauty,Shampoo,3,1006,22,2354.04,Platinum,Mumbai,Net Banking
C1244,O69569,2025-09-30,Electronics,Headphones,1,23528,27,17175.44,Silver,Hyderabad,Net Banking
C1822,O64141,2026-03-17,Home Decor,Lamp,3,9254,23,21376.74,Silver,Delhi,Wallet
C1319,O80052,2026-04-07,Sports,Yoga Mat,4,4387,16,14740.32,Silver,Mumbai,Wallet
C1332,O91056,2026-01-02,Beauty,Face Wash,3,729,25,1640.25,Gold,Mumbai,Net Banking
C1379,O26608,2026-05-30,Sports,Yoga Mat,4,15354,0,61416.0,Platinum,Chennai,Debit Card
C1681,O18462,2025-09-11,Sports,Yoga Mat,2,628,13,1092.72,Silver,Pune,Debit Card
C1999,O76452,2025-06-27,Fashion,Jacket,1,7057,15,5998.45,Gold,Pune,Debit Card
C1970,O24211,2026-03-13,Sports,Dumbbells,1,7170,17,5951.1,Silver,Delhi,Debit Card
C1324,O25319,2026-05-02,Electronics,Headphones,4,42568,9,154947.52,Platinum,Delhi,Credit Card
C1355,O23482,2025-07-23,Beauty,Moisturizer,2,4108,27,5997.68,Platinum,Bangalore,Wallet
C1797,O74223,2025-12-26,Fashion,Jacket,5,1119,10,5035.5,Silver,Bangalore,Debit Card
C1716,O94264,2025-09-24,Groceries,Bread,3,3126,20,7502.4,Platinum,Delhi,Net Banking
C1949,O74133,2026-01-20,Electronics,Headphones,4,19526,15,66388.4,Platinum,Chennai,Debit Card
C1277,O28902,2025-10-26,Beauty,Shampoo,2,573,13,997.02,Gold,Chennai,Credit Card
C1716,O39924,2026-05-24,Sports,Dumbbells,3,7605,23,17567.55,Gold,Delhi,Net Banking
C1552,O99536,2025-11-25,Sports,Dumbbells,2,9126,16,15331.68,Gold,Delhi,Net Banking
C1022,O87725,2026-01-05,Home Decor,Lamp,3,6043,19,14684.49,Silver,Hyderabad,Net Banking
C1730,O56648,2025-12-30,Home Decor,Wall Art,4,2991,16,10049.76,Silver,Chennai,Wallet
C1585,O86001,2026-02-03,Beauty,Face Wash,3,582,27,1274.58,Gold,Mumbai,Debit Card
C1934,O35828,2025-11-09,Home Decor,Carpet,3,3133,18,7707.18,Silver,Hyderabad,Net Banking
C1144,O52663,2025-12-24,Electronics,Headphones,1,38908,11,34628.12,Gold,Pune,Wallet
C1826,O70226,2025-08-03,Groceries,Bread,2,2730,27,3985.8,Platinum,Pune,Credit Card
C1304,O56493,2025-09-18,Electronics,Laptop,3,37800,11,100926.0,Platinum,Pune,Wallet
C1578,O59293,2025-11-10,Beauty,Moisturizer,5,4896,23,18849.6,Gold,Hyderabad,Net Banking
C1088,O90361,2025-12-31,Groceries,Milk,2,2568,14,4416.96,Gold,Chennai,UPI
C1647,O80883,2025-09-16,Home Decor,Carpet,4,7128,4,27371.52,Silver,Pune,Credit Card
C1777,O12671,2026-01-25,Sports,Cricket Bat,5,5668,6,26639.6,Silver,Pune,Debit Card
C1966,O90812,2025-07-07,Electronics,Smart Watch,1,67575,21,53384.25,Gold,Delhi,Debit Card
C1498,O70214,2025-10-17,Sports,Football,3,5571,7,15543.09,Gold,Mumbai,Net Banking
C1552,O76488,2026-03-06,Fashion,Jacket,3,1538,5,4383.3,Silver,Mumbai,Credit Card
C1697,O35375,2026-01-07,Beauty,Shampoo,5,1808,5,8588.0,Silver,Bangalore,Wallet
C1806,O50637,2026-01-18,Fashion,Jeans,1,1342,6,1261.48,Gold,Pune,Wallet
C1149,O85143,2026-01-02,Beauty,Perfume,3,834,25,1876.5,Platinum,Bangalore,Debit Card
C1262,O97115,2025-07-13,Home Decor,Curtains,5,9594,3,46530.9,Silver,Delhi,UPI
C1895,O51723,2025-09-02,Home Decor,Wall Art,4,8257,4,31706.88,Gold,Mumbai,Credit Card
C1109,O11361,2025-07-07,Groceries,Rice,2,1437,29,2040.54,Silver,Pune,UPI
C1773,O62974,2025-08-13,Beauty,Moisturizer,3,1926,26,4275.72,Platinum,Chennai,UPI
C1538,O44697,2025-06-12,Groceries,Bread,1,1406,14,1209.16,Silver,Pune,UPI
C1358,O38304,2026-03-09,Beauty,Perfume,3,2117,28,4572.72,Silver,Mumbai,Debit Card
C1471,O48107,2025-11-27,Groceries,Rice,4,529,23,1629.32,Silver,Bangalore,Wallet
C1535,O73887,2026-05-23,Beauty,Perfume,1,3780,12,3326.4,Gold,Chennai,UPI
C1429,O46975,2026-01-17,Groceries,Bread,4,390,3,1513.2,Platinum,Bangalore,Wallet
C1906,O28367,2025-10-07,Sports,Cricket Bat,1,7839,18,6427.98,Silver,Chennai,Wallet
C1435,O93431,2026-03-27,Fashion,Jeans,2,5498,16,9236.64,Platinum,Pune,Wallet
C1023,O52425,2025-08-27,Home Decor,Curtains,1,2955,23,2275.35,Silver,Bangalore,Credit Card
C1108,O89762,2025-09-08,Electronics,Laptop,1,67468,29,47902.28,Gold,Delhi,Credit Card
C1775,O96325,2026-03-16,Fashion,Jacket,3,5442,26,12081.24,Platinum,Delhi,Debit Card
C1061,O21531,2026-04-08,Home Decor,Curtains,5,11844,25,44415.0,Gold,Hyderabad,Credit Card
C1745,O61542,2025-11-06,Electronics,Smart Watch,2,36238,13,63054.12,Platinum,Chennai,Credit Card
C1530,O81083,2025-07-24,Beauty,Moisturizer,1,1620,15,1377.0,Platinum,Chennai,Debit Card
C1632,O59689,2026-05-29,Fashion,T-Shirt,2,2892,18,4742.88,Silver,Mumbai,Debit Card
C1161,O89180,2025-09-24,Fashion,Jacket,2,4017,27,5864.82,Silver,Pune,Debit Card
C1882,O41805,2025-07-19,Electronics,Headphones,4,48064,19,155727.36,Gold,Pune,Wallet
C1489,O28114,2025-06-16,Sports,Dumbbells,5,6819,0,34095.0,Gold,Bangalore,Wallet
C1487,O20564,2025-10-29,Home Decor,Lamp,5,12640,18,51824.0,Gold,Pune,Wallet
C1511,O66902,2026-01-19,Sports,Football,3,11138,20,26731.2,Platinum,Mumbai,Wallet
C1446,O84411,2025-09-20,Groceries,Milk,1,1446,19,1171.26,Gold,Chennai,Wallet
C1090,O90084,2025-10-18,Beauty,Face Wash,4,6489,24,19726.56,Gold,Chennai,UPI
C1251,O36901,2026-03-28,Beauty,Moisturizer,2,6070,19,9833.4,Gold,Hyderabad,UPI
C1407,O12008,2026-02-12,Electronics,Smart Watch,5,40185,10,180832.5,Silver,Chennai,Net Banking
C1207,O24679,2025-11-18,Home Decor,Lamp,2,9326,25,13989.0,Silver,Pune,UPI
C1892,O25942,2025-12-20,Fashion,T-Shirt,4,6206,20,19859.2,Platinum,Bangalore,Credit Card
C1142,O40953,2025-07-13,Home Decor,Carpet,4,1839,26,5443.44,Gold,Bangalore,Credit Card
C1283,O40146,2025-11-11,Fashion,Shoes,5,3879,30,13576.5,Silver,Chennai,Wallet
C1402,O38353,2026-02-05,Sports,Yoga Mat,5,6496,15,27608.0,Silver,Mumbai,Credit Card
C1665,O22913,2025-10-25,Groceries,Rice,4,2359,23,7265.72,Gold,Pune,Wallet
C1817,O54204,2026-04-30,Sports,Dumbbells,4,9490,29,26951.6,Gold,Delhi,Wallet
C1689,O94264,2026-03-17,Fashion,Jacket,4,4710,28,13564.8,Silver,Hyderabad,Net Banking
C1232,O55412,2025-06-21,Beauty,Moisturizer,4,7042,7,26196.24,Gold,Pune,UPI
C1969,O68647,2026-06-04,Beauty,Moisturizer,1,1928,17,1600.24,Platinum,Pune,Net Banking
C1701,O73682,2025-08-19,Home Decor,Curtains,3,3624,28,7827.84,Silver,Bangalore,Credit Card
C1568,O93086,2025-11-15,Home Decor,Lamp,1,14384,15,12226.4,Platinum,Pune,Credit Card
C1972,O88349,2025-10-08,Electronics,Smart Watch,3,12910,25,29047.5,Gold,Delhi,UPI
C1223,O29552,2025-11-06,Groceries,Eggs,4,1275,9,4641.0,Gold,Chennai,UPI
C1299,O66292,2025-11-12,Groceries,Rice,3,2262,0,6786.0,Gold,Bangalore,UPI
C1433,O27232,2026-04-03,Electronics,Headphones,3,45979,13,120005.19,Silver,Bangalore,Debit Card
C1802,O76845,2025-11-11,Electronics,Smart Watch,3,45585,4,131284.8,Silver,Delhi,Wallet
C1764,O56201,2025-09-17,Sports,Yoga Mat,2,3088,20,4940.8,Platinum,Bangalore,Net Banking
C1795,O87590,2025-08-11,Home Decor,Lamp,1,10840,22,8455.2,Platinum,Pune,Wallet
C1026,O23531,2026-02-10,Home Decor,Wall Art,2,8494,5,16138.6,Platinum,Bangalore,Credit Card
C1439,O66071,2025-06-12,Sports,Cricket Bat,4,6647,3,25790.36,Silver,Hyderabad,Wallet
C1413,O66013,2026-05-18,Home Decor,Lamp,5,1714,22,6684.6,Gold,Delhi,UPI
C1160,O63653,2025-07-30,Sports,Yoga Mat,1,10453,4,10034.88,Gold,Chennai,Credit Card
C1558,O54745,2026-02-14,Fashion,Shoes,3,5176,23,11956.56,Gold,Delhi,UPI
C1654,O57040,2025-09-04,Groceries,Bread,1,1266,11,1126.74,Gold,Bangalore,Credit Card
C1041,O99058,2026-01-12,Home Decor,Curtains,3,13770,8,38005.2,Platinum,Mumbai,Wallet
C1746,O84489,2026-02-01,Home Decor,Carpet,1,4092,19,3314.52,Gold,Hyderabad,Credit Card
C1961,O53485,2026-01-31,Sports,Football,2,9825,8,18078.0,Gold,Bangalore,Wallet
C1097,O41406,2026-01-20,Groceries,Eggs,2,760,29,1079.2,Gold,Mumbai,Wallet
C1037,O62524,2026-04-03,Beauty,Shampoo,4,2080,4,7987.2,Silver,Mumbai,Credit Card
C1259,O42925,2026-04-11,Home Decor,Lamp,3,10350,23,23908.5,Platinum,Pune,UPI
C1560,O66269,2025-08-18,Electronics,Smartphone,1,29918,9,27225.38,Platinum,Bangalore,Wallet
C1363,O72016,2025-09-22,Groceries,Bread,4,838,28,2413.44,Silver,Bangalore,UPI
C1463,O29999,2025-12-20,Sports,Dumbbells,1,8035,30,5624.5,Gold,Delhi,UPI
C1157,O90656,2025-11-29,Groceries,Eggs,4,1333,3,5172.04,Silver,Mumbai,Wallet
C1071,O17829,2025-07-23,Electronics,Headphones,2,43275,12,76164.0,Silver,Bangalore,Net Banking
C1980,O43606,2026-02-02,Electronics,Laptop,4,22348,30,62574.4,Gold,Chennai,Net Banking
C1495,O49166,2026-03-24,Groceries,Milk,4,1222,25,3666.0,Platinum,Chennai,Wallet
C1994,O87527,2025-10-24,Groceries,Milk,4,1909,0,7636.0,Silver,Hyderabad,Wallet
C1030,O87599,2026-04-12,Groceries,Rice,4,2491,30,6974.8,Gold,Hyderabad,Credit Card
C1695,O21492,2026-05-27,Groceries,Rice,3,463,2,1361.22,Gold,Delhi,Net Banking
C1285,O80044,2025-09-05,Beauty,Face Wash,4,4309,14,14822.96,Silver,Hyderabad,Wallet
C1898,O24372,2026-05-05,Electronics,Smart Watch,2,67170,19,108815.4,Platinum,Pune,Credit Card
C1940,O38087,2025-08-25,Fashion,Jeans,3,6802,15,17345.1,Platinum,Hyderabad,UPI
C1474,O50897,2026-01-20,Home Decor,Curtains,1,11724,24,8910.24,Gold,Hyderabad,Credit Card
C1592,O40004,2025-08-26,Home Decor,Carpet,3,7937,2,23334.78,Silver,Bangalore,Credit Card
C1096,O50214,2026-01-07,Groceries,Eggs,2,1806,17,2997.96,Silver,Delhi,UPI
C1453,O43376,2026-03-27,Home Decor,Lamp,2,7901,14,13589.72,Silver,Bangalore,Wallet
C1891,O46108,2025-12-27,Fashion,Shoes,4,1473,27,4301.16,Gold,Bangalore,Net Banking
C1246,O52362,2025-06-11,Beauty,Moisturizer,4,7530,9,27409.2,Platinum,Delhi,UPI
C1129,O35391,2025-12-10,Fashion,T-Shirt,4,4951,19,16041.24,Silver,Delhi,Credit Card
C1213,O86505,2025-06-22,Home Decor,Curtains,3,6469,11,17272.23,Silver,Hyderabad,UPI
C1389,O13170,2026-05-24,Fashion,Jacket,1,1632,4,1566.72,Gold,Bangalore,Net Banking
C1814,O56243,2025-10-01,Electronics,Smartphone,5,21489,28,77360.4,Gold,Chennai,Net Banking
C1936,O83305,2025-11-04,Home Decor,Curtains,5,6650,20,26600.0,Platinum,Chennai,UPI
C1842,O80535,2025-12-22,Home Decor,Wall Art,1,5875,6,5522.5,Silver,Pune,Wallet
C1863,O84321,2025-08-07,Electronics,Smartphone,1,72606,23,55906.62,Gold,Mumbai,Credit Card
C1811,O11819,2025-12-16,Beauty,Face Wash,3,2906,4,8369.28,Silver,Hyderabad,Debit Card
C1834,O30601,2025-11-06,Sports,Dumbbells,4,11306,2,44319.52,Platinum,Bangalore,Credit Card
C1213,O60852,2025-07-08,Fashion,T-Shirt,4,4917,18,16127.76,Silver,Mumbai,Wallet
C1289,O30427,2025-07-18,Sports,Football,4,5074,10,18266.4,Gold,Pune,Net Banking
C1835,O57356,2026-05-16,Beauty,Face Wash,4,3804,28,10955.52,Gold,Bangalore,Wallet
C1893,O77326,2026-04-28,Electronics,Smart Watch,1,14998,2,14698.04,Platinum,Delhi,Credit Card
C1991,O10203,2026-04-12,Groceries,Eggs,3,147,24,335.16,Silver,Pune,UPI
C1383,O63975,2025-06-26,Beauty,Face Wash,1,9756,25,7317.0,Platinum,Bangalore,Credit Card
C1051,O76210,2026-01-12,Sports,Dumbbells,1,8175,11,7275.75,Gold,Hyderabad,Wallet
C1111,O36282,2025-11-14,Sports,Cricket Bat,3,3265,8,9011.4,Silver,Hyderabad,Credit Card
C1790,O59888,2025-09-27,Fashion,T-Shirt,3,2951,28,6374.16,Silver,Hyderabad,Credit Card
C1163,O63145,2025-07-16,Electronics,Laptop,5,70162,14,301696.6,Gold,Bangalore,Wallet
C1624,O62346,2025-08-29,Beauty,Perfume,2,5858,24,8904.16,Platinum,Chennai,UPI
C1766,O26734,2025-06-29,Beauty,Moisturizer,2,1380,21,2180.4,Silver,Bangalore,Wallet
C1317,O96343,2025-10-28,Beauty,Perfume,2,3226,24,4903.52,Silver,Delhi,UPI
C1849,O98127,2026-03-17,Beauty,Face Wash,3,898,22,2101.32,Silver,Bangalore,UPI
C1466,O86754,2025-07-24,Fashion,Shoes,3,2028,1,6023.16,Gold,Bangalore,Net Banking
C1552,O75932,2026-04-27,Beauty,Moisturizer,5,3776,1,18691.2,Platinum,Chennai,Credit Card
C1459,O78712,2026-03-28,Home Decor,Wall Art,2,2726,7,5070.36,Platinum,Bangalore,UPI
C1920,O97838,2026-01-08,Home Decor,Carpet,3,6686,9,18252.78,Silver,Chennai,UPI
C1468,O28049,2025-07-12,Beauty,Shampoo,5,6147,2,30120.3,Gold,Pune,Debit Card
C1082,O15716,2025-09-12,Groceries,Milk,3,639,8,1763.64,Silver,Mumbai,UPI
C1015,O41002,2026-01-08,Groceries,Rice,3,1100,7,3069.0,Platinum,Hyderabad,Debit Card
C1236,O49816,2026-03-19,Groceries,Rice,2,2182,10,3927.6,Gold,Delhi,Net Banking
C1623,O64795,2025-06-08,Sports,Yoga Mat,2,783,6,1472.04,Gold,Chennai,Net Banking
C1432,O80346,2025-09-20,Electronics,Smart Watch,4,29052,5,110397.6,Platinum,Chennai,Wallet
C1640,O55228,2026-01-17,Beauty,Perfume,2,3930,30,5502.0,Platinum,Mumbai,Debit Card
C1426,O67440,2025-11-11,Home Decor,Curtains,3,12789,30,26856.9,Gold,Pune,Debit Card
C1737,O32630,2025-12-31,Fashion,Jeans,1,6418,20,5134.4,Platinum,Hyderabad,Wallet
C1604,O87251,2025-11-02,Groceries,Eggs,3,1301,5,3707.85,Silver,Chennai,Wallet
C1876,O32451,2026-04-20,Groceries,Bread,3,1931,5,5503.35,Silver,Bangalore,UPI
C1072,O29501,2026-01-27,Fashion,Jacket,5,2010,7,9346.5,Gold,Hyderabad,Debit Card
C1715,O17988,2025-09-06,Electronics,Smartphone,1,90122,25,67591.5,Platinum,Pune,Wallet
C1114,O35171,2026-05-13,Fashion,Shoes,3,4593,26,10196.46,Silver,Mumbai,Credit Card
C1834,O25361,2026-01-10,Sports,Cricket Bat,3,6788,26,15069.36,Silver,Bangalore,UPI
C1222,O41823,2026-05-04,Electronics,Headphones,2,7918,7,14727.48,Gold,Chennai,Credit Card
C1382,O85140,2025-08-11,Fashion,Shoes,5,5476,27,19987.4,Platinum,Hyderabad,Wallet
C1813,O94564,2026-02-02,Sports,Football,5,4643,8,21357.8,Silver,Hyderabad,Credit Card
C1642,O69784,2025-10-27,Electronics,Smartphone,5,10151,3,49232.35,Silver,Pune,Wallet
C1542,O33192,2026-03-11,Fashion,T-Shirt,4,9252,12,32567.04,Platinum,Hyderabad,Net Banking
C1918,O25986,2025-07-21,Electronics,Headphones,1,21436,23,16505.72,Gold,Mumbai,Net Banking
C1653,O85048,2025-07-02,Beauty,Shampoo,5,4484,7,20850.6,Silver,Pune,Wallet
C1549,O61122,2025-11-21,Beauty,Moisturizer,1,7740,5,7353.0,Platinum,Delhi,Wallet
C1322,O40557,2025-07-01,Groceries,Bread,2,851,19,1378.62,Silver,Hyderabad,Wallet
C1607,O39574,2025-09-11,Groceries,Eggs,3,193,3,561.63,Silver,Hyderabad,Net Banking
C1262,O89459,2025-11-12,Fashion,Shoes,1,3097,1,3066.03,Gold,Chennai,UPI
C1301,O73782,2025-12-12,Home Decor,Curtains,1,9748,25,7311.0,Gold,Pune,Wallet
C1802,O76670,2025-11-09,Sports,Yoga Mat,3,4230,26,9390.6,Silver,Chennai,Debit Card
C1748,O22108,2025-10-17,Sports,Football,1,10423,5,9901.85,Gold,Mumbai,Debit Card
C1428,O60999,2026-01-27,Sports,Cricket Bat,2,6758,0,13516.0,Platinum,Pune,Wallet
C1562,O56668,2025-12-13,Groceries,Bread,5,278,3,1348.3,Platinum,Chennai,Debit Card
C1403,O89980,2025-11-29,Home Decor,Carpet,4,11424,10,41126.4,Gold,Chennai,Wallet
C1103,O68187,2025-11-22,Sports,Dumbbells,1,2471,29,1754.41,Silver,Chennai,Net Banking
C1951,O73548,2026-01-28,Beauty,Moisturizer,5,2595,0,12975.0,Silver,Bangalore,Net Banking
C1326,O15951,2025-08-01,Electronics,Smart Watch,2,59802,1,118407.96,Gold,Chennai,Debit Card
C1171,O32793,2025-12-18,Beauty,Perfume,4,4965,0,19860.0,Gold,Pune,Credit Card
C1288,O74451,2025-07-22,Beauty,Moisturizer,5,3813,26,14108.1,Gold,Chennai,Wallet
C1374,O32625,2025-09-26,Groceries,Rice,5,1182,27,4314.3,Platinum,Bangalore,UPI
C1520,O28094,2025-12-06,Home Decor,Lamp,2,16866,4,32382.72,Platinum,Hyderabad,UPI
C1042,O41527,2025-09-08,Sports,Yoga Mat,1,5576,7,5185.68,Platinum,Pune,Net Banking
C1793,O37684,2025-07-18,Electronics,Smartphone,4,20221,24,61471.84,Gold,Pune,Wallet
C1970,O28567,2026-05-11,Sports,Dumbbells,2,1497,6,2814.36,Gold,Hyderabad,Credit Card
C1509,O34172,2025-09-19,Electronics,Smart Watch,4,29260,28,84268.8,Platinum,Bangalore,Debit Card
C1705,O58443,2025-10-30,Groceries,Milk,5,2428,15,10319.0,Gold,Delhi,Debit Card
C1869,O39742,2025-11-21,Fashion,T-Shirt,2,8922,6,16773.36,Platinum,Mumbai,Wallet
C1286,O27453,2025-09-01,Beauty,Perfume,4,2748,14,9453.12,Platinum,Hyderabad,Debit Card
C1594,O94103,2025-12-16,Home Decor,Wall Art,3,1688,12,4456.32,Silver,Delhi,Wallet
C1696,O30712,2025-06-19,Fashion,T-Shirt,4,2278,22,7107.36,Gold,Delhi,Credit Card
C1172,O52656,2026-05-26,Fashion,Jacket,2,5065,2,9927.4,Gold,Pune,Wallet
C1911,O45348,2025-10-30,Groceries,Bread,2,1888,26,2794.24,Silver,Bangalore,Credit Card
C1208,O31116,2025-08-14,Sports,Cricket Bat,1,2112,1,2090.88,Silver,Delhi,Wallet
C1970,O61903,2026-06-01,Groceries,Rice,3,598,7,1668.42,Gold,Hyderabad,Wallet
C1117,O64227,2025-11-05,Beauty,Shampoo,5,1862,11,8285.9,Platinum,Chennai,Net Banking
C1660,O43438,2025-11-04,Fashion,T-Shirt,2,9850,10,17730.0,Platinum,Hyderabad,Net Banking
C1342,O62690,2026-01-09,Sports,Football,4,13830,29,39277.2,Platinum,Mumbai,Debit Card
C1286,O97464,2026-02-19,Groceries,Rice,3,2680,28,5788.8,Gold,Mumbai,Wallet
C1089,O29132,2026-04-23,Fashion,Jeans,4,3258,28,9383.04,Silver,Bangalore,UPI
C1501,O23432,2026-01-15,Beauty,Face Wash,1,1354,24,1029.04,Silver,Hyderabad,Debit Card
C1191,O40728,2026-04-22,Electronics,Smart Watch,1,38746,26,28672.04,Silver,Hyderabad,Debit Card
C1473,O16416,2026-01-19,Groceries,Eggs,5,276,11,1228.2,Silver,Chennai,UPI
C1687,O44625,2026-02-12,Sports,Football,4,11434,13,39790.32,Platinum,Pune,UPI
C1654,O94287,2025-10-06,Home Decor,Carpet,1,6024,27,4397.52,Gold,Hyderabad,Wallet
C1463,O21930,2026-04-16,Electronics,Headphones,4,13368,15,45451.2,Platinum,Hyderabad,Wallet
C1433,O13822,2026-02-05,Home Decor,Curtains,1,3730,20,2984.0,Platinum,Delhi,Wallet
C1924,O12595,2025-09-25,Sports,Dumbbells,2,6768,16,11370.24,Platinum,Hyderabad,Debit Card
C1409,O52595,2026-04-18,Sports,Dumbbells,3,2127,27,4658.13,Gold,Bangalore,Credit Card
C1427,O61005,2026-01-05,Sports,Cricket Bat,2,8607,25,12910.5,Gold,Pune,Net Banking
C1019,O30993,2026-02-20,Beauty,Shampoo,1,5970,26,4417.8,Platinum,Mumbai,Credit Card
C1532,O16872,2026-06-03,Sports,Cricket Bat,3,15810,5,45058.5,Platinum,Delhi,Credit Card
C1095,O87898,2026-03-08,Groceries,Rice,2,3756,10,6760.8,Platinum,Hyderabad,Net Banking
C1500,O79288,2026-05-24,Electronics,Laptop,2,78066,1,154570.68,Platinum,Mumbai,Net Banking
C1756,O35788,2025-09-03,Groceries,Eggs,2,2886,3,5598.84,Gold,Mumbai,Debit Card
C1253,O56117,2025-12-09,Sports,Football,5,6483,27,23662.95,Silver,Chennai,UPI
C1718,O79455,2025-06-07,Beauty,Moisturizer,3,1290,0,3870.0,Silver,Pune,UPI
C1626,O56923,2026-01-24,Fashion,T-Shirt,3,6480,0,19440.0,Platinum,Pune,Credit Card
C1678,O41180,2025-10-15,Fashion,Jacket,3,2106,13,5496.66,Silver,Delhi,Debit Card
C1435,O79487,2025-07-20,Sports,Yoga Mat,5,7888,3,38256.8,Silver,Hyderabad,UPI
C1477,O60366,2025-12-19,Sports,Yoga Mat,5,10688,5,50768.0,Platinum,Mumbai,Debit Card
C1129,O89258,2025-10-01,Fashion,Shoes,2,5750,13,10005.0,Platinum,Delhi,Net Banking
C1207,O77734,2026-02-16,Home Decor,Carpet,1,10014,10,9012.6,Gold,Delhi,Debit Card
C1310,O20756,2025-11-09,Electronics,Smartphone,1,20686,12,18203.68,Platinum,Pune,Wallet
C1881,O74084,2025-11-22,Home Decor,Curtains,5,2570,28,9252.0,Silver,Bangalore,Credit Card
C1150,O86153,2025-09-10,Beauty,Moisturizer,1,6966,3,6757.02,Gold,Chennai,UPI
C1207,O95437,2026-01-18,Groceries,Eggs,3,687,9,1875.51,Silver,Pune,Debit Card
C1396,O31896,2025-10-03,Electronics,Laptop,5,46690,14,200767.0,Platinum,Mumbai,Net Banking
C1160,O59799,2026-05-09,Sports,Football,1,11742,14,10098.12,Gold,Delhi,Wallet
C1559,O44981,2025-11-17,Home Decor,Wall Art,1,15258,0,15258.0,Platinum,Chennai,Debit Card
C1071,O60391,2026-06-01,Fashion,Jeans,5,971,6,4563.7,Silver,Pune,UPI
C1932,O82291,2025-11-09,Fashion,T-Shirt,3,6279,20,15069.6,Gold,Mumbai,Credit Card
C1969,O77229,2025-08-02,Electronics,Laptop,2,30570,1,60528.6,Silver,Mumbai,UPI
C1262,O59677,2026-01-06,Electronics,Smart Watch,2,73598,11,131004.44,Platinum,Mumbai,Debit Card
C1875,O43538,2025-11-03,Beauty,Perfume,2,2535,26,3751.8,Gold,Bangalore,Net Banking
C1810,O37231,2025-08-28,Sports,Dumbbells,1,15510,30,10857.0,Platinum,Bangalore,Net Banking
C1252,O66074,2026-04-17,Home Decor,Lamp,3,2315,20,5556.0,Silver,Bangalore,UPI
C1239,O45778,2025-12-29,Groceries,Milk,3,664,16,1673.28,Gold,Delhi,UPI
C1536,O16424,2026-02-19,Beauty,Face Wash,1,4034,10,3630.6,Silver,Delhi,Net Banking
C1413,O22021,2026-02-27,Fashion,T-Shirt,3,2387,26,5299.14,Silver,Pune,UPI
C1871,O62022,2025-07-18,Groceries,Milk,2,348,25,522.0,Gold,Delhi,Wallet
C1075,O45830,2025-12-01,Sports,Cricket Bat,5,5021,7,23347.65,Silver,Hyderabad,Debit Card
C1795,O27704,2025-09-23,Fashion,Shoes,2,1026,18,1682.64,Platinum,Mumbai,Wallet
C1916,O73056,2025-07-19,Beauty,Perfume,1,3605,28,2595.6,Silver,Mumbai,UPI
C1042,O76775,2025-09-09,Home Decor,Wall Art,1,9266,4,8895.36,Platinum,Bangalore,Credit Card
C1784,O97865,2026-05-18,Fashion,T-Shirt,1,2193,24,1666.68,Gold,Pune,Net Banking
C1322,O86788,2025-08-18,Groceries,Bread,1,937,21,740.23,Gold,Bangalore,UPI
C1341,O80579,2025-10-23,Groceries,Bread,1,2880,2,2822.4,Platinum,Bangalore,Debit Card
C1303,O74585,2025-06-09,Beauty,Face Wash,3,4658,1,13834.26,Silver,Mumbai,Wallet
C1208,O37548,2026-01-30,Home Decor,Carpet,4,14918,26,44157.28,Platinum,Mumbai,Credit Card
C1899,O45208,2026-01-02,Home Decor,Wall Art,3,11760,4,33868.8,Gold,Hyderabad,Net Banking
C1507,O38948,2025-08-04,Electronics,Smart Watch,4,43519,11,154927.64,Silver,Hyderabad,Wallet
C1995,O78730,2025-10-05,Sports,Dumbbells,2,9034,10,16261.2,Gold,Chennai,UPI
C1630,O45756,2025-10-23,Sports,Cricket Bat,5,11702,7,54414.3,Platinum,Delhi,UPI
C1772,O15435,2025-11-07,Sports,Cricket Bat,5,2760,15,11730.0,Gold,Bangalore,Net Banking
C1788,O37659,2025-09-10,Home Decor,Carpet,4,2298,29,6526.32,Platinum,Chennai,Net Banking
C1778,O83731,2025-11-11,Sports,Cricket Bat,1,7749,3,7516.53,Silver,Hyderabad,Net Banking
C1118,O72898,2025-09-03,Home Decor,Wall Art,3,18476,29,39353.88,Platinum,Pune,Debit Card
C1109,O61505,2025-09-26,Electronics,Smart Watch,1,29705,26,21981.7,Silver,Hyderabad,Credit Card
C1268,O61451,2026-04-18,Groceries,Eggs,4,2230,17,7403.6,Platinum,Chennai,Credit Card
C1037,O16352,2026-03-27,Home Decor,Wall Art,1,4914,29,3488.94,Platinum,Delhi,Credit Card
C1310,O16901,2025-10-07,Electronics,Laptop,3,72094,23,166537.14,Platinum,Mumbai,Net Banking
C1825,O25516,2025-11-08,Fashion,T-Shirt,4,7490,0,29960.0,Platinum,Pune,Net Banking
C1581,O46672,2025-06-09,Sports,Yoga Mat,2,15580,22,24304.8,Platinum,Hyderabad,Net Banking
C1511,O81815,2025-12-17,Home Decor,Lamp,2,11889,1,23540.22,Gold,Pune,Wallet
C1069,O43839,2026-04-16,Beauty,Moisturizer,2,1165,29,1654.3,Silver,Hyderabad,Net Banking
C1565,O67189,2026-04-06,Sports,Football,5,11512,4,55257.6,Gold,Bangalore,UPI
C1091,O28969,2025-10-05,Fashion,Jeans,1,4780,8,4397.6,Silver,Mumbai,UPI
C1723,O27099,2026-05-28,Electronics,Smartphone,3,19161,14,49435.38,Silver,Delhi,Wallet
C1092,O60884,2026-02-10,Groceries,Rice,4,1373,14,4723.12,Silver,Chennai,Credit Card
C1518,O23893,2025-11-23,Home Decor,Carpet,1,6538,20,5230.4,Platinum,Bangalore,Debit Card
C1637,O18296,2025-06-14,Sports,Dumbbells,2,7675,15,13047.5,Gold,Pune,Wallet
C1631,O27336,2025-09-25,Fashion,Jacket,2,3408,18,5589.12,Silver,Hyderabad,UPI
C1094,O59181,2025-09-29,Sports,Yoga Mat,2,1564,1,3096.72,Gold,Pune,Net Banking
C1739,O11946,2026-02-07,Home Decor,Curtains,3,6238,23,14409.78,Gold,Hyderabad,Debit Card
C1940,O52234,2025-06-12,Fashion,T-Shirt,3,706,0,2118.0,Silver,Mumbai,Net Banking
C1467,O57893,2025-09-10,Groceries,Milk,1,1399,16,1175.16,Gold,Bangalore,Credit Card
C1380,O37762,2026-03-06,Home Decor,Lamp,1,7591,17,6300.53,Gold,Delhi,Credit Card
C1883,O26324,2026-04-06,Groceries,Rice,5,2223,29,7891.65,Gold,Delhi,Debit Card
C1235,O85512,2026-05-13,Beauty,Perfume,5,2643,20,10572.0,Gold,Mumbai,Credit Card
C1749,O61799,2025-08-05,Electronics,Headphones,5,44509,29,158006.95,Gold,Mumbai,Debit Card
C1013,O61704,2025-12-03,Sports,Football,4,1070,10,3852.0,Silver,Bangalore,UPI
C1570,O54898,2025-06-24,Sports,Football,5,15564,22,60699.6,Platinum,Hyderabad,Debit Card
C1508,O59369,2025-12-28,Home Decor,Curtains,5,1847,1,9142.65,Silver,Mumbai,Wallet
C1021,O76814,2025-08-13,Sports,Yoga Mat,3,5826,23,13458.06,Silver,Chennai,Net Banking
C1350,O70467,2025-11-07,Home Decor,Carpet,2,8989,5,17079.1,Silver,Chennai,Wallet
C1131,O77281,2025-10-28,Fashion,Shoes,2,4785,6,8995.8,Gold,Chennai,Credit Card
C1250,O29991,2025-09-03,Sports,Yoga Mat,4,10041,26,29721.36,Gold,Chennai,Credit Card
C1893,O74082,2025-12-25,Beauty,Shampoo,5,2732,24,10381.6,Silver,Mumbai,UPI
C1029,O32126,2026-05-06,Home Decor,Carpet,2,8323,2,16313.08,Gold,Bangalore,Net Banking
C1403,O24520,2025-10-22,Sports,Dumbbells,4,5871,9,21370.44,Gold,Chennai,Credit Card
C1625,O68296,2025-08-02,Sports,Football,5,4527,25,16976.25,Silver,Hyderabad,Wallet
C1690,O35751,2026-05-20,Home Decor,Carpet,1,9556,4,9173.76,Gold,Delhi,Net Banking
C1074,O44310,2026-02-03,Sports,Cricket Bat,2,2677,10,4818.6,Silver,Mumbai,Credit Card
C1300,O54570,2025-06-22,Electronics,Smart Watch,5,90210,29,320245.5,Platinum,Bangalore,Net Banking
C1146,O53105,2026-05-28,Groceries,Milk,3,2998,4,8634.24,Platinum,Bangalore,Credit Card
C1798,O75894,2026-05-09,Home Decor,Wall Art,1,6588,29,4677.48,Silver,Pune,UPI
C1742,O73685,2026-01-22,Sports,Yoga Mat,3,5742,19,13953.06,Silver,Chennai,UPI
C1039,O28421,2025-06-16,Home Decor,Wall Art,4,4930,7,18339.6,Silver,Chennai,Net Banking
C1662,O39156,2025-06-25,Groceries,Eggs,5,1030,30,3605.0,Platinum,Chennai,Debit Card
C1769,O99350,2026-03-14,Beauty,Perfume,3,1504,16,3790.08,Silver,Bangalore,Wallet
C1773,O20604,2026-06-03,Electronics,Headphones,1,23396,3,22694.12,Platinum,Delhi,Debit Card
C1261,O50665,2025-09-28,Groceries,Bread,5,3200,19,12960.0,Platinum,Hyderabad,UPI
C1230,O24806,2026-05-14,Electronics,Headphones,4,43438,7,161589.36,Silver,Hyderabad,Debit Card
C1044,O28056,2025-12-19,Fashion,Jeans,5,6972,28,25099.2,Platinum,Hyderabad,UPI
C1723,O56755,2026-05-04,Beauty,Moisturizer,5,7498,27,27367.7,Platinum,Mumbai,Wallet
C1943,O53643,2025-11-19,Sports,Football,3,826,10,2230.2,Silver,Delhi,UPI
C1258,O71836,2025-12-29,Home Decor,Lamp,1,9621,10,8658.9,Silver,Delhi,UPI
C1402,O25025,2026-01-07,Electronics,Laptop,4,40333,12,141972.16,Gold,Hyderabad,Net Banking
C1186,O48772,2026-03-03,Home Decor,Carpet,2,1017,29,1444.14,Silver,Delhi,UPI
C1845,O80987,2026-02-07,Fashion,T-Shirt,3,2547,24,5807.16,Silver,Chennai,Debit Card
C1615,O88338,2026-05-03,Groceries,Milk,4,2566,24,7800.64,Gold,Delhi,Credit Card
C1886,O40198,2025-11-13,Beauty,Shampoo,1,2376,29,1686.96,Platinum,Pune,Debit Card
C1017,O54321,2025-08-04,Fashion,Jacket,2,5976,18,9800.64,Platinum,Bangalore,UPI
C1685,O95237,2025-08-23,Sports,Dumbbells,2,1388,20,2220.8,Silver,Bangalore,Credit Card
C1211,O15316,2025-07-22,Fashion,Jeans,1,2898,15,2463.3,Silver,Bangalore,Credit Card
C1314,O62228,2026-03-06,Groceries,Bread,4,1283,12,4516.16,Silver,Hyderabad,Wallet
C1575,O15689,2026-02-07,Home Decor,Curtains,2,6532,4,12541.44,Gold,Pune,Debit Card
C1454,O73889,2026-03-13,Fashion,Shoes,4,2464,16,8279.04,Platinum,Hyderabad,Credit Card
C1626,O29993,2026-05-18,Fashion,Jacket,4,2077,20,6646.4,Gold,Pune,UPI
C1510,O39777,2026-02-27,Electronics,Smart Watch,4,63366,18,207840.48,Gold,Hyderabad,Debit Card
C1762,O51243,2026-03-31,Beauty,Perfume,1,5314,1,5260.86,Platinum,Delhi,Wallet
C1381,O30859,2026-02-03,Home Decor,Curtains,1,2870,5,2726.5,Platinum,Pune,Debit Card
C1699,O45061,2025-07-15,Fashion,Shoes,5,2134,2,10456.6,Gold,Mumbai,Credit Card
C1844,O10130,2026-01-18,Electronics,Headphones,1,31602,15,26861.7,Silver,Bangalore,UPI
C1768,O23288,2025-07-31,Fashion,Jeans,3,5332,26,11837.04,Gold,Pune,Wallet
C1414,O99870,2025-12-03,Electronics,Smartphone,4,38014,23,117083.12,Silver,Pune,UPI
C1236,O57698,2025-08-16,Groceries,Rice,4,286,1,1132.56,Silver,Hyderabad,Net Banking
C1309,O89335,2025-10-13,Beauty,Shampoo,1,8702,27,6352.46,Platinum,Pune,Wallet
C1857,O45398,2026-05-14,Beauty,Moisturizer,3,8502,11,22700.34,Platinum,Bangalore,Wallet
C1153,O18321,2026-02-07,Home Decor,Lamp,3,15228,21,36090.36,Platinum,Mumbai,Net Banking
C1387,O81547,2026-04-20,Beauty,Perfume,2,5380,11,9576.4,Gold,Bangalore,UPI
C1077,O87939,2025-10-01,Electronics,Smartphone,3,66025,0,198075.0,Gold,Mumbai,Net Banking
C1729,O56474,2025-07-26,Sports,Dumbbells,1,3438,3,3334.86,Gold,Pune,UPI
C1805,O65973,2025-06-18,Beauty,Moisturizer,1,1659,19,1343.79,Gold,Hyderabad,Wallet
C1164,O35240,2025-06-17,Beauty,Shampoo,2,3316,13,5769.84,Silver,Chennai,Net Banking
C1296,O39316,2026-03-05,Home Decor,Lamp,3,10882,11,29054.94,Platinum,Hyderabad,Net Banking
C1420,O21651,2025-12-23,Beauty,Face Wash,3,5270,12,13912.8,Platinum,Chennai,Credit Card
C1611,O68533,2026-02-07,Fashion,T-Shirt,5,533,21,2105.35,Silver,Mumbai,Net Banking
C1218,O37692,2025-08-24,Groceries,Bread,5,1731,20,6924.0,Silver,Hyderabad,Wallet
C1351,O19752,2026-04-26,Sports,Yoga Mat,2,2519,23,3879.26,Silver,Hyderabad,Wallet
C1047,O28099,2026-02-07,Groceries,Eggs,3,724,1,2150.28,Platinum,Hyderabad,Credit Card
C1537,O76790,2025-09-30,Beauty,Perfume,1,3799,14,3267.14,Gold,Chennai,Wallet
C1784,O31056,2025-07-05,Sports,Cricket Bat,4,1789,9,6511.96,Silver,Mumbai,Net Banking
C1597,O33557,2026-04-21,Sports,Yoga Mat,2,1789,3,3470.66,Silver,Bangalore,Net Banking
C1970,O94232,2025-06-16,Fashion,Shoes,4,2466,18,8088.48,Silver,Hyderabad,UPI
C1146,O31500,2026-03-22,Sports,Yoga Mat,3,6150,0,18450.0,Platinum,Pune,Debit Card
C1808,O81283,2026-01-31,Fashion,T-Shirt,4,1546,18,5070.88,Platinum,Delhi,Debit Card
C1269,O56398,2026-01-10,Fashion,Shoes,4,886,2,3473.12,Silver,Hyderabad,Debit Card
C1190,O48686,2025-10-29,Home Decor,Lamp,2,15374,16,25828.32,Platinum,Pune,Credit Card
C1036,O43891,2026-04-29,Home Decor,Carpet,5,7504,8,34518.4,Platinum,Delhi,Debit Card
C1584,O70155,2025-07-26,Home Decor,Carpet,2,7749,30,10848.6,Silver,Chennai,UPI
C1150,O98081,2025-08-15,Groceries,Eggs,2,1315,18,2156.6,Silver,Mumbai,Credit Card
C1149,O56342,2025-08-27,Beauty,Shampoo,4,6525,12,22968.0,Gold,Delhi,UPI
C1109,O31647,2025-12-29,Fashion,Jeans,4,9118,5,34648.4,Platinum,Chennai,Wallet
C1957,O64746,2025-07-05,Electronics,Laptop,4,43429,25,130287.0,Gold,Bangalore,Net Banking
C1791,O81592,2026-05-09,Fashion,Jacket,4,5242,29,14887.28,Platinum,Delhi,Wallet
C1451,O35448,2026-03-15,Fashion,Jeans,3,3862,7,10774.98,Gold,Delhi,Wallet
C1274,O56076,2025-06-29,Electronics,Smartphone,5,45070,18,184787.0,Silver,Mumbai,Wallet
C1862,O20047,2026-04-29,Home Decor,Carpet,5,13750,28,49500.0,Gold,Delhi,Debit Card
C1322,O15668,2025-10-18,Home Decor,Lamp,1,19010,27,13877.3,Platinum,Chennai,Debit Card
C1749,O26253,2026-04-20,Sports,Football,2,14548,24,22112.96,Platinum,Pune,Net Banking
C1506,O80877,2025-11-02,Home Decor,Lamp,1,6618,22,5162.04,Silver,Delhi,Net Banking
C1221,O90835,2025-10-17,Groceries,Milk,1,2064,29,1465.44,Platinum,Bangalore,Debit Card
C1253,O65366,2025-10-04,Home Decor,Lamp,1,5825,5,5533.75,Silver,Mumbai,Debit Card
C1338,O73828,2025-07-29,Fashion,Shoes,2,3576,30,5006.4,Platinum,Pune,Wallet
C1980,O51292,2026-01-25,Sports,Dumbbells,5,3936,1,19483.2,Gold,Delhi,Net Banking
C1007,O47449,2026-02-26,Sports,Yoga Mat,4,576,12,2027.52,Silver,Hyderabad,Credit Card
C1676,O37908,2026-02-13,Sports,Cricket Bat,1,4182,24,3178.32,Gold,Bangalore,UPI
C1098,O97305,2025-12-29,Electronics,Headphones,2,10252,14,17633.44,Silver,Chennai,Credit Card
C1992,O95777,2026-03-18,Groceries,Bread,5,1791,26,6626.7,Gold,Pune,UPI
C1710,O22354,2025-12-13,Home Decor,Wall Art,2,10929,14,18797.88,Gold,Pune,Credit Card
C1153,O19765,2026-01-11,Groceries,Eggs,5,480,10,2160.0,Silver,Chennai,UPI
C1788,O91458,2025-12-03,Sports,Football,3,5130,13,13389.3,Gold,Pune,Debit Card
C1460,O72941,2025-11-26,Electronics,Laptop,5,34816,21,137523.2,Silver,Mumbai,Wallet
C1965,O36740,2025-08-06,Home Decor,Lamp,2,2220,1,4395.6,Silver,Bangalore,Debit Card
C1281,O66359,2025-06-26,Electronics,Headphones,3,70059,16,176548.68,Gold,Bangalore,Net Banking
C1107,O65961,2026-05-24,Beauty,Perfume,4,6145,26,18189.2,Gold,Bangalore,Credit Card
C1396,O95859,2025-08-28,Groceries,Milk,3,753,4,2168.64,Gold,Mumbai,Wallet
C1692,O73023,2026-03-12,Electronics,Laptop,5,42130,24,160094.0,Platinum,Mumbai,Wallet
C1542,O10983,2026-02-17,Fashion,Jacket,5,1112,10,5004.0,Platinum,Hyderabad,UPI
C1680,O37532,2025-11-04,Groceries,Bread,1,2437,13,2120.19,Gold,Chennai,Wallet
C1705,O97314,2026-01-05,Home Decor,Carpet,2,15884,9,28908.88,Platinum,Chennai,UPI
C1577,O85505,2026-03-13,Home Decor,Curtains,2,9492,16,15946.56,Platinum,Pune,Debit Card
C1429,O13882,2026-05-16,Electronics,Laptop,2,37286,22,58166.16,Silver,Hyderabad,Credit Card
C1442,O77954,2025-08-09,Home Decor,Curtains,4,4778,3,18538.64,Platinum,Chennai,UPI
C1044,O66075,2025-12-09,Groceries,Eggs,2,1062,28,1529.28,Platinum,Mumbai,UPI
C1070,O28342,2025-11-30,Fashion,Jacket,1,843,20,674.4,Silver,Delhi,Debit Card
C1755,O48001,2025-11-26,Fashion,Shoes,2,3199,8,5886.16,Silver,Delhi,Debit Card
C1063,O67252,2026-04-20,Electronics,Headphones,3,38640,22,90417.6,Platinum,Pune,Net Banking
C1323,O86283,2025-08-03,Electronics,Laptop,4,34128,28,98288.64,Gold,Hyderabad,Debit Card
C1915,O82282,2026-03-16,Beauty,Moisturizer,4,2530,29,7185.2,Silver,Chennai,Credit Card
C1521,O89733,2025-11-01,Beauty,Perfume,5,5210,0,26050.0,Platinum,Bangalore,UPI
C1156,O15132,2025-07-06,Beauty,Face Wash,5,6982,10,31419.0,Platinum,Pune,Credit Card
C1861,O66767,2025-09-09,Sports,Cricket Bat,2,8432,22,13153.92,Platinum,Delhi,Net Banking
C1921,O83980,2026-03-11,Electronics,Smart Watch,5,22444,22,87531.6,Platinum,Mumbai,UPI
C1885,O11010,2026-05-13,Beauty,Perfume,3,3877,24,8839.56,Silver,Delhi,Credit Card
C1934,O97731,2026-05-27,Electronics,Laptop,3,79802,28,172372.32,Platinum,Hyderabad,Net Banking
C1023,O16892,2026-04-20,Beauty,Shampoo,4,649,28,1869.12,Silver,Chennai,Wallet
C1112,O59388,2025-08-06,Electronics,Headphones,1,34726,9,31600.66,Platinum,Delhi,Debit Card
C1355,O32202,2025-09-12,Beauty,Moisturizer,1,4574,18,3750.68,Platinum,Hyderabad,Debit Card
C1102,O39207,2025-12-06,Home Decor,Carpet,3,18148,10,48999.6,Platinum,Chennai,Wallet
C1800,O31233,2025-07-07,Sports,Football,5,3868,17,16052.2,Silver,Delhi,Net Banking
C1285,O57269,2025-11-28,Sports,Football,2,6211,8,11428.24,Gold,Chennai,Debit Card
C1042,O27938,2025-12-03,Electronics,Laptop,1,15012,4,14411.52,Gold,Bangalore,Wallet
C1394,O75579,2026-02-01,Home Decor,Curtains,5,10752,21,42470.4,Platinum,Mumbai,Credit Card
C1878,O97746,2025-09-30,Fashion,Jeans,3,5203,22,12175.02,Gold,Delhi,Wallet
C1523,O44818,2025-11-05,Sports,Yoga Mat,4,3822,15,12994.8,Silver,Hyderabad,UPI
C1682,O49862,2025-11-27,Beauty,Perfume,5,342,2,1675.8,Silver,Bangalore,Credit Card
C1923,O45989,2026-03-22,Sports,Dumbbells,5,9274,14,39878.2,Gold,Mumbai,UPI
C1567,O25024,2025-10-10,Sports,Yoga Mat,2,5719,14,9836.68,Silver,Chennai,Debit Card
C1770,O98396,2025-08-13,Sports,Dumbbells,1,2436,22,1900.08,Platinum,Bangalore,Debit Card
C1775,O57339,2026-04-09,Fashion,Jacket,5,2352,3,11407.2,Silver,Mumbai,Debit Card
C1391,O27949,2026-02-16,Beauty,Shampoo,1,2486,21,1963.94,Platinum,Chennai,UPI
C1483,O56475,2026-01-09,Beauty,Shampoo,5,698,22,2722.2,Silver,Delhi,Net Banking
C1450,O51784,2026-01-25,Fashion,Jacket,2,1966,13,3420.84,Silver,Hyderabad,Debit Card
C1817,O16899,2026-04-02,Electronics,Smart Watch,3,45001,9,122852.73,Gold,Chennai,Wallet
C1202,O42191,2026-03-05,Fashion,Jacket,3,2343,6,6607.26,Silver,Bangalore,Debit Card
C1744,O41139,2025-08-03,Sports,Dumbbells,4,5233,10,18838.8,Silver,Delhi,Net Banking
C1216,O27487,2026-02-11,Electronics,Smart Watch,2,11809,1,23381.82,Silver,Mumbai,UPI
C1107,O48627,2025-06-06,Fashion,Jacket,1,4023,8,3701.16,Silver,Delhi,Net Banking
C1044,O40185,2025-11-20,Home Decor,Wall Art,3,7626,21,18073.62,Silver,Delhi,Debit Card
C1747,O36822,2025-09-26,Sports,Dumbbells,3,3624,7,10110.96,Silver,Bangalore,UPI
C1083,O55224,2026-03-28,Groceries,Rice,3,776,29,1652.88,Platinum,Mumbai,UPI
C1872,O84529,2025-09-17,Sports,Yoga Mat,4,11532,22,35979.84,Platinum,Pune,Wallet
C1549,O93238,2026-01-30,Beauty,Moisturizer,5,3884,18,15924.4,Silver,Bangalore,Wallet
C1296,O50067,2026-04-16,Electronics,Headphones,1,60843,15,51716.55,Gold,Pune,UPI
C1128,O15983,2026-01-01,Beauty,Perfume,5,2872,27,10482.8,Silver,Chennai,Net Banking
C1169,O10674,2025-11-12,Electronics,Smart Watch,2,71304,3,138329.76,Gold,Chennai,Debit Card
C1341,O27158,2026-04-02,Sports,Cricket Bat,1,507,23,390.39,Silver,Mumbai,Debit Card
C1365,O32767,2026-02-20,Sports,Football,4,14674,5,55761.2,Platinum,Mumbai,Debit Card
C1379,O27919,2026-03-03,Beauty,Perfume,4,3760,21,11881.6,Silver,Delhi,Wallet
C1360,O58733,2026-03-25,Beauty,Moisturizer,1,6942,13,6039.54,Gold,Pune,Wallet
C1400,O37728,2025-12-06,Beauty,Face Wash,5,5882,10,26469.0,Platinum,Delhi,Net Banking
C1145,O68198,2026-03-19,Home Decor,Carpet,3,13660,15,34833.0,Gold,Delhi,UPI
C1060,O18692,2026-03-27,Beauty,Moisturizer,2,3773,1,7470.54,Silver,Hyderabad,Debit Card
C1015,O71101,2025-10-14,Sports,Yoga Mat,5,1257,13,5467.95,Silver,Pune,Credit Card
C1281,O73423,2025-09-07,Electronics,Smartphone,2,73125,17,121387.5,Gold,Mumbai,UPI
C1977,O56322,2026-01-09,Home Decor,Curtains,2,2923,5,5553.7,Gold,Hyderabad,Debit Card
C1096,O13390,2026-05-11,Electronics,Headphones,3,39319,22,92006.46,Gold,Bangalore,Net Banking
C1133,O89903,2025-08-19,Electronics,Headphones,3,54711,2,160850.34,Gold,Hyderabad,UPI
C1176,O61029,2025-12-09,Sports,Football,2,1072,29,1522.24,Silver,Mumbai,Debit Card
C1932,O39470,2025-11-10,Home Decor,Carpet,1,7111,12,6257.68,Silver,Mumbai,Wallet
C1001,O65553,2025-12-04,Electronics,Smart Watch,2,37034,1,73327.32,Platinum,Mumbai,Debit Card
C1686,O63556,2026-04-15,Beauty,Face Wash,4,2716,18,8908.48,Silver,Delhi,UPI
C1478,O69675,2025-09-19,Sports,Yoga Mat,5,15794,30,55279.0,Platinum,Chennai,Wallet
C1928,O64841,2025-10-01,Home Decor,Lamp,2,4924,7,9158.64,Gold,Delhi,UPI
C1597,O40208,2025-10-27,Beauty,Perfume,3,3598,13,9390.78,Silver,Bangalore,Wallet
C1345,O89425,2025-08-10,Sports,Yoga Mat,3,1162,3,3381.42,Silver,Chennai,Net Banking
C1009,O92858,2025-12-25,Fashion,Shoes,5,3448,18,14136.8,Silver,Pune,UPI
C1441,O98803,2025-11-20,Sports,Football,4,4177,30,11695.6,Gold,Chennai,Credit Card
C1915,O52917,2026-04-14,Fashion,Jeans,3,6880,5,19608.0,Gold,Hyderabad,Debit Card
C1719,O65971,2026-03-22,Home Decor,Lamp,4,9108,14,31331.52,Gold,Hyderabad,Debit Card
C1649,O77529,2026-01-28,Fashion,Jacket,5,6902,6,32439.4,Platinum,Delhi,Wallet
C1205,O71788,2026-02-15,Beauty,Moisturizer,2,3404,19,5514.48,Silver,Hyderabad,Wallet
C1109,O60995,2025-12-04,Sports,Cricket Bat,5,9628,25,36105.0,Platinum,Chennai,Wallet
C1860,O92290,2026-02-01,Sports,Cricket Bat,2,2478,0,4956.0,Gold,Hyderabad,Wallet
C1269,O33020,2025-11-26,Groceries,Milk,2,1122,12,1974.72,Gold,Delhi,Wallet
C1094,O58620,2025-12-28,Sports,Yoga Mat,3,3177,12,8387.28,Silver,Bangalore,UPI
C1460,O65441,2026-01-15,Sports,Dumbbells,5,7560,21,29862.0,Platinum,Chennai,Debit Card
C1415,O96988,2025-06-11,Sports,Yoga Mat,1,7759,29,5508.89,Silver,Delhi,Net Banking
C1153,O10708,2026-02-12,Fashion,Jeans,4,3594,23,11069.52,Platinum,Pune,Net Banking
C1918,O60698,2026-03-01,Sports,Cricket Bat,3,14490,7,40427.1,Platinum,Hyderabad,Debit Card
C1376,O65243,2026-04-23,Sports,Dumbbells,4,13522,18,44352.16,Platinum,Hyderabad,UPI
C1070,O11382,2025-11-11,Electronics,Smart Watch,4,28250,11,100570.0,Platinum,Bangalore,Wallet
C1072,O40430,2025-08-11,Electronics,Headphones,5,58390,13,253996.5,Gold,Chennai,Debit Card
C1700,O50554,2025-12-17,Sports,Football,4,3547,16,11917.92,Gold,Chennai,Wallet
C1131,O32751,2025-12-10,Home Decor,Carpet,4,9419,23,29010.52,Silver,Delhi,UPI
C1583,O91395,2025-09-15,Beauty,Shampoo,3,2472,21,5858.64,Platinum,Pune,Credit Card
C1738,O48153,2025-09-03,Groceries,Rice,5,2738,6,12868.6,Platinum,Bangalore,Credit Card
C1269,O85829,2026-04-14,Sports,Dumbbells,4,10215,24,31053.6,Gold,Hyderabad,Net Banking
C1378,O68625,2025-11-10,Fashion,Jeans,5,5536,6,26019.2,Gold,Pune,Credit Card
C1502,O69087,2025-08-04,Beauty,Moisturizer,5,5954,21,23518.3,Platinum,Pune,Wallet
C1952,O45254,2025-09-06,Beauty,Face Wash,4,3365,22,10498.8,Silver,Chennai,Credit Card
C1693,O93243,2025-12-20,Groceries,Milk,2,1788,28,2574.72,Silver,Chennai,Debit Card
C1478,O14764,2025-11-04,Home Decor,Lamp,2,9964,7,18533.04,Platinum,Delhi,Debit Card
C1423,O74564,2025-07-14,Fashion,Jeans,1,3862,2,3784.76,Gold,Hyderabad,Credit Card
C1887,O88269,2026-04-13,Electronics,Laptop,3,26712,30,56095.2,Silver,Bangalore,Wallet
C1980,O29447,2026-01-22,Beauty,Perfume,3,403,20,967.2,Gold,Pune,Credit Card
C1741,O79326,2026-04-28,Beauty,Moisturizer,1,3050,21,2409.5,Silver,Mumbai,Net Banking
C1738,O64760,2026-03-16,Home Decor,Carpet,1,3541,30,2478.7,Silver,Delhi,Net Banking
C1564,O25897,2026-03-09,Sports,Dumbbells,2,831,20,1329.6,Silver,Delhi,Debit Card
C1173,O24722,2026-04-01,Beauty,Shampoo,3,808,21,1914.96,Platinum,Chennai,Credit Card
C1166,O28269,2025-10-28,Electronics,Smartphone,3,24685,28,53319.6,Gold,Chennai,UPI
C1928,O95931,2026-05-11,Home Decor,Lamp,5,8404,29,29834.2,Platinum,Delhi,Credit Card
C1532,O25023,2025-08-22,Groceries,Eggs,2,819,27,1195.74,Gold,Bangalore,Debit Card
C1007,O11775,2025-06-13,Fashion,Jacket,3,1398,12,3690.72,Silver,Delhi,Net Banking
C1644,O99497,2025-11-05,Electronics,Smart Watch,3,28992,12,76538.88,Silver,Pune,Net Banking
C1165,O67106,2025-09-18,Groceries,Milk,3,1896,5,5403.6,Platinum,Chennai,UPI
C1183,O12771,2026-02-08,Electronics,Smart Watch,5,30297,8,139366.2,Silver,Pune,UPI
C1069,O26398,2026-03-04,Home Decor,Wall Art,3,8992,11,24008.64,Platinum,Mumbai,Net Banking
C1967,O12951,2026-01-07,Beauty,Face Wash,4,6888,6,25898.88,Platinum,Mumbai,UPI
C1592,O27126,2025-09-21,Fashion,Jacket,2,6529,14,11229.88,Gold,Chennai,UPI
C1264,O88375,2025-10-23,Electronics,Smartphone,1,72349,20,57879.2,Gold,Mumbai,Wallet
C1208,O22034,2025-07-05,Fashion,Shoes,4,3745,0,14980.0,Gold,Delhi,Debit Card
C1843,O50072,2025-08-09,Sports,Yoga Mat,3,1640,5,4674.0,Platinum,Chennai,UPI
C1807,O16303,2025-09-16,Beauty,Perfume,5,3127,10,14071.5,Gold,Delhi,Credit Card
C1249,O85270,2025-06-11,Sports,Cricket Bat,4,5376,20,17203.2,Silver,Pune,Net Banking
C1773,O55951,2026-05-13,Beauty,Moisturizer,5,4084,1,20215.8,Silver,Hyderabad,UPI
C1313,O76034,2026-04-14,Home Decor,Carpet,1,5517,8,5075.64,Silver,Mumbai,Credit Card
C1356,O49810,2025-07-09,Groceries,Bread,4,485,18,1590.8,Silver,Mumbai,Debit Card
C1669,O91852,2025-08-29,Home Decor,Curtains,5,17246,5,81918.5,Platinum,Delhi,Credit Card
C1761,O74427,2026-04-22,Sports,Yoga Mat,4,9537,3,37003.56,Gold,Hyderabad,Debit Card
C1043,O48167,2025-06-20,Beauty,Perfume,2,1742,30,2438.8,Platinum,Chennai,UPI
C1133,O92021,2025-08-25,Fashion,Jeans,3,2962,18,7286.52,Silver,Mumbai,Net Banking
C1259,O35004,2025-09-17,Sports,Dumbbells,5,1947,16,8177.4,Silver,Hyderabad,Credit Card
C1782,O91056,2026-04-02,Beauty,Face Wash,2,2746,8,5052.64,Gold,Hyderabad,Credit Card
C1402,O36738,2025-07-13,Electronics,Headphones,4,9182,0,36728.0,Silver,Mumbai,Debit Card
C1395,O19361,2025-10-04,Sports,Cricket Bat,3,1756,17,4372.44,Gold,Mumbai,Credit Card
C1920,O11346,2026-02-09,Sports,Yoga Mat,4,6166,20,19731.2,Platinum,Chennai,Wallet
C1824,O89166,2026-01-05,Fashion,T-Shirt,1,3537,19,2864.97,Silver,Mumbai,UPI
C1982,O81434,2025-06-21,Home Decor,Carpet,4,6484,25,19452.0,Silver,Pune,Net Banking
C1250,O23200,2026-01-02,Fashion,Shoes,5,8936,30,31276.0,Platinum,Chennai,Credit Card
C1834,O62172,2025-07-28,Fashion,Shoes,1,6717,21,5306.43,Gold,Bangalore,UPI
C1858,O96007,2026-02-08,Groceries,Eggs,5,268,11,1192.6,Platinum,Pune,Wallet
C1679,O84606,2026-01-05,Home Decor,Carpet,3,9958,29,21210.54,Silver,Mumbai,Credit Card
C1562,O37844,2025-12-14,Groceries,Eggs,5,1015,20,4060.0,Gold,Delhi,UPI
C1234,O25389,2025-12-30,Home Decor,Carpet,5,6919,10,31135.5,Silver,Delhi,UPI
C1416,O72239,2025-08-08,Groceries,Eggs,4,2688,28,7741.44,Gold,Hyderabad,Debit Card
C1535,O34206,2025-06-24,Electronics,Smartphone,4,32220,7,119858.4,Platinum,Chennai,Credit Card
C1585,O58588,2026-03-02,Beauty,Perfume,4,6160,5,23408.0,Gold,Mumbai,UPI
C1037,O88576,2026-02-08,Electronics,Smart Watch,3,35856,4,103265.28,Platinum,Delhi,Wallet
C1591,O29256,2025-08-09,Fashion,Shoes,1,6633,21,5240.07,Gold,Bangalore,Debit Card
C1850,O80797,2025-08-11,Groceries,Eggs,5,1409,9,6410.95,Silver,Bangalore,UPI
C1692,O18521,2026-02-11,Beauty,Face Wash,2,2697,27,3937.62,Gold,Delhi,Debit Card
C1575,O94997,2025-08-29,Groceries,Eggs,3,658,18,1618.68,Silver,Mumbai,Debit Card
C1883,O65629,2025-08-14,Fashion,Jacket,4,2029,25,6087.0,Gold,Bangalore,UPI
C1092,O12816,2026-04-01,Home Decor,Carpet,4,5703,19,18477.72,Silver,Mumbai,Debit Card
C1395,O71625,2026-03-31,Sports,Yoga Mat,3,2892,24,6593.76,Platinum,Delhi,Debit Card
C1909,O91448,2026-02-06,Groceries,Rice,3,1761,11,4701.87,Silver,Mumbai,Debit Card
C1571,O78398,2026-01-18,Home Decor,Lamp,3,2352,29,5009.76,Silver,Bangalore,Credit Card
C1757,O49118,2026-01-05,Home Decor,Wall Art,2,8952,15,15218.4,Gold,Hyderabad,Credit Card
C1563,O63577,2026-04-13,Sports,Yoga Mat,5,9456,21,37351.2,Platinum,Pune,Debit Card
C1247,O78317,2025-07-12,Groceries,Milk,3,290,25,652.5,Platinum,Delhi,Wallet
C1309,O35233,2025-12-07,Beauty,Perfume,4,7290,25,21870.0,Gold,Pune,Credit Card
C1074,O67163,2025-07-21,Electronics,Smartphone,4,47450,30,132860.0,Platinum,Delhi,UPI
C1042,O39419,2025-09-01,Home Decor,Curtains,4,1375,21,4345.0,Silver,Hyderabad,UPI
C1577,O25570,2026-05-15,Home Decor,Wall Art,5,5121,7,23812.65,Silver,Mumbai,Net Banking
C1248,O24264,2025-09-05,Home Decor,Carpet,4,13731,29,38996.04,Gold,Delhi,Net Banking
C1096,O28047,2026-01-09,Electronics,Smart Watch,2,34365,1,68042.7,Silver,Bangalore,Net Banking
C1407,O32004,2026-03-01,Electronics,Smartphone,2,32034,12,56379.84,Gold,Pune,UPI
C1498,O11723,2025-11-25,Electronics,Smartphone,2,81132,23,124943.28,Platinum,Bangalore,Credit Card
C1786,O41022,2025-10-03,Groceries,Bread,3,2478,28,5352.48,Platinum,Bangalore,Debit Card
C1757,O70067,2026-03-22,Fashion,T-Shirt,1,3068,23,2362.36,Platinum,Chennai,Debit Card
C1537,O65689,2026-04-10,Beauty,Perfume,2,5582,28,8038.08,Platinum,Chennai,Net Banking
C1645,O16814,2025-09-24,Groceries,Milk,5,2659,23,10237.15,Gold,Chennai,UPI
C1587,O19572,2026-01-08,Groceries,Bread,4,1254,1,4965.84,Gold,Chennai,Wallet
C1645,O62163,2025-11-29,Sports,Football,5,2894,8,13312.4,Platinum,Hyderabad,Debit Card
C1124,O52598,2026-04-08,Fashion,T-Shirt,4,2983,9,10858.12,Silver,Delhi,Credit Card
C1383,O94692,2025-09-24,Beauty,Moisturizer,3,4088,20,9811.2,Platinum,Hyderabad,Credit Card
C1397,O28418,2025-10-21,Beauty,Face Wash,2,3666,19,5938.92,Platinum,Hyderabad,UPI
C1403,O77428,2025-09-18,Beauty,Moisturizer,5,9548,27,34850.2,Platinum,Mumbai,UPI
C1494,O64252,2026-02-22,Home Decor,Lamp,3,2946,20,7070.4,Silver,Delhi,Debit Card
C1374,O63903,2026-06-04,Sports,Dumbbells,4,3726,7,13860.72,Gold,Chennai,Wallet
C1024,O33487,2026-01-08,Sports,Cricket Bat,1,3455,24,2625.8,Silver,Mumbai,Debit Card
C1767,O87540,2026-03-24,Beauty,Face Wash,5,2035,22,7936.5,Silver,Delhi,UPI
C1140,O18138,2025-09-13,Fashion,Jeans,1,1126,9,1024.66,Platinum,Hyderabad,Wallet
C1356,O62872,2026-05-07,Groceries,Bread,5,2656,12,11686.4,Gold,Hyderabad,Wallet
C1479,O28989,2025-11-07,Home Decor,Carpet,5,17214,12,75741.6,Platinum,Bangalore,Net Banking
C1296,O61886,2025-09-02,Groceries,Milk,3,681,5,1940.85,Gold,Hyderabad,Debit Card
C1784,O26579,2025-09-24,Fashion,Jacket,5,4830,8,22218.0,Gold,Chennai,Credit Card
C1351,O31455,2025-07-01,Home Decor,Carpet,1,3855,24,2929.8,Silver,Pune,Debit Card
C1480,O56766,2026-02-23,Sports,Yoga Mat,2,15052,6,28297.76,Platinum,Delhi,Debit Card
C1546,O61656,2025-09-25,Groceries,Milk,4,405,5,1539.0,Gold,Pune,Debit Card
C1303,O44114,2025-12-18,Electronics,Smart Watch,1,26803,11,23854.67,Silver,Hyderabad,Wallet
C1630,O62202,2026-04-08,Fashion,Shoes,1,2827,23,2176.79,Gold,Bangalore,Debit Card
C1975,O28983,2026-03-03,Sports,Dumbbells,5,7419,5,35240.25,Silver,Mumbai,Credit Card
C1839,O98583,2025-09-12,Groceries,Bread,2,3390,26,5017.2,Platinum,Hyderabad,Credit Card
C1957,O54509,2025-06-22,Groceries,Eggs,1,2862,23,2203.74,Gold,Hyderabad,UPI
C1920,O32531,2025-07-21,Beauty,Face Wash,5,1656,30,5796.0,Silver,Pune,Debit Card
C1636,O14353,2025-12-19,Home Decor,Carpet,4,6678,19,21636.72,Platinum,Chennai,Wallet
C1780,O27947,2025-07-08,Sports,Football,3,6539,0,19617.0,Silver,Chennai,Credit Card
C1044,O14193,2026-02-07,Groceries,Eggs,4,2950,4,11328.0,Gold,Hyderabad,Net Banking
C1045,O70450,2026-03-17,Groceries,Bread,1,1206,0,1206.0,Platinum,Mumbai,Credit Card
C1207,O86995,2025-12-04,Groceries,Rice,3,1046,28,2259.36,Silver,Mumbai,Wallet
C1969,O61024,2026-04-21,Groceries,Rice,4,1686,8,6204.48,Gold,Chennai,Debit Card
C1226,O33029,2026-04-20,Groceries,Eggs,2,608,12,1070.08,Silver,Hyderabad,Net Banking
C1699,O32157,2026-05-15,Electronics,Smartphone,3,40885,29,87085.05,Gold,Hyderabad,Net Banking
C1452,O64219,2025-10-20,Sports,Yoga Mat,2,4248,22,6626.88,Silver,Chennai,Wallet
C1472,O70716,2025-07-22,Groceries,Bread,5,412,23,1586.2,Platinum,Mumbai,Debit Card
C1623,O86181,2026-01-20,Fashion,Shoes,5,4030,5,19142.5,Silver,Pune,Credit Card
C1866,O57102,2025-10-24,Electronics,Laptop,1,8970,7,8342.1,Silver,Bangalore,Credit Card
C1527,O54368,2026-04-23,Groceries,Bread,4,494,22,1541.28,Platinum,Hyderabad,UPI
C1171,O33317,2025-12-18,Groceries,Rice,4,2968,22,9260.16,Platinum,Delhi,Net Banking
C1870,O85099,2025-11-28,Home Decor,Carpet,3,15366,14,39644.28,Platinum,Pune,Debit Card
C1896,O27343,2025-11-21,Beauty,Face Wash,5,2643,29,9382.65,Gold,Bangalore,UPI
C1835,O70060,2026-05-27,Beauty,Perfume,4,3960,12,13939.2,Silver,Chennai,Credit Card
C1316,O87420,2025-10-13,Groceries,Bread,1,2668,21,2107.72,Gold,Hyderabad,Net Banking
C1461,O75420,2025-07-29,Beauty,Perfume,5,1663,9,7566.65,Gold,Pune,Wallet
C1289,O96141,2025-07-12,Groceries,Bread,5,1966,10,8847.0,Gold,Hyderabad,Credit Card
C1173,O43161,2025-09-28,Fashion,Jacket,1,3769,11,3354.41,Silver,Mumbai,Debit Card
C1324,O80515,2026-01-16,Sports,Football,5,9915,21,39164.25,Gold,Bangalore,Net Banking
C1495,O99596,2026-05-15,Groceries,Rice,2,3782,19,6126.84,Platinum,Mumbai,Debit Card
C1119,O62846,2026-03-26,Home Decor,Wall Art,2,4293,12,7555.68,Silver,Bangalore,UPI
C1813,O31609,2026-02-27,Fashion,T-Shirt,4,1034,29,2936.56,Silver,Delhi,UPI
C1349,O18508,2026-04-27,Electronics,Headphones,4,30110,14,103578.4,Platinum,Hyderabad,Credit Card
C1775,O47877,2026-05-21,Beauty,Face Wash,3,2844,22,6654.96,Gold,Bangalore,Credit Card
C1275,O74088,2025-11-09,Fashion,T-Shirt,4,4222,13,14692.56,Silver,Pune,UPI
C1999,O54689,2026-02-13,Home Decor,Carpet,3,14298,7,39891.42,Gold,Delhi,Wallet
C1656,O87866,2025-09-27,Home Decor,Lamp,3,9747,30,20468.7,Gold,Hyderabad,UPI
C1517,O97039,2026-01-08,Fashion,Shoes,3,6854,5,19533.9,Platinum,Pune,Debit Card
C1763,O71435,2025-09-20,Groceries,Rice,1,1965,13,1709.55,Gold,Hyderabad,Credit Card
C1533,O43709,2026-06-04,Electronics,Headphones,3,22738,10,61392.6,Platinum,Pune,Credit Card
C1822,O65780,2026-05-12,Groceries,Milk,4,3332,19,10795.68,Platinum,Pune,Wallet
C1036,O62425,2026-03-09,Home Decor,Wall Art,5,1836,7,8537.4,Gold,Hyderabad,Debit Card
C1719,O35350,2025-09-09,Electronics,Laptop,4,42036,21,132833.76,Platinum,Chennai,Debit Card
C1686,O28581,2025-10-03,Home Decor,Wall Art,4,4498,4,17272.32,Gold,Pune,Debit Card
C1086,O50524,2025-10-19,Electronics,Headphones,1,46190,10,41571.0,Silver,Bangalore,Net Banking
C1205,O24796,2025-11-28,Home Decor,Lamp,3,7716,12,20370.24,Gold,Mumbai,Wallet
C1640,O66510,2025-10-12,Fashion,Shoes,5,1960,27,7154.0,Platinum,Hyderabad,Debit Card
C1447,O19324,2026-02-20,Sports,Dumbbells,4,6756,27,19727.52,Platinum,Pune,Credit Card
C1198,O52184,2026-01-22,Electronics,Laptop,5,6564,5,31179.0,Silver,Chennai,Credit Card
C1971,O22874,2025-12-25,Fashion,Shoes,5,4114,0,20570.0,Gold,Bangalore,UPI
C1742,O65655,2025-10-10,Home Decor,Carpet,4,8707,20,27862.4,Gold,Chennai,Credit Card
C1589,O88101,2026-05-07,Groceries,Milk,3,2372,29,5052.36,Platinum,Chennai,Credit Card
C1095,O85383,2025-11-21,Fashion,Jacket,4,4837,7,17993.64,Silver,Mumbai,UPI
C1104,O98950,2026-04-12,Groceries,Eggs,2,241,2,472.36,Gold,Pune,Debit Card
C1228,O82747,2025-06-18,Sports,Dumbbells,2,1380,4,2649.6,Platinum,Delhi,Debit Card
C1170,O56014,2025-08-17,Sports,Cricket Bat,2,4091,27,5972.86,Silver,Bangalore,Net Banking
C1424,O38228,2025-11-01,Beauty,Perfume,3,300,20,720.0,Silver,Bangalore,Credit Card
C1432,O63217,2025-06-08,Beauty,Moisturizer,3,7149,0,21447.0,Gold,Pune,UPI
C1710,O49694,2026-02-09,Fashion,T-Shirt,4,4393,24,13354.72,Gold,Hyderabad,Net Banking
C1586,O74163,2025-12-26,Sports,Cricket Bat,5,5345,25,20043.75,Silver,Chennai,Wallet
C1733,O13715,2025-08-28,Beauty,Shampoo,3,3918,23,9050.58,Gold,Chennai,Net Banking
C1777,O14887,2025-12-28,Fashion,Jacket,5,2888,1,14295.6,Silver,Chennai,Net Banking
C1907,O52617,2026-01-02,Fashion,Jeans,3,6301,28,13610.16,Gold,Pune,Wallet
C1274,O93136,2026-02-20,Sports,Cricket Bat,3,1082,0,3246.0,Silver,Mumbai,Net Banking
C1676,O23245,2025-10-23,Home Decor,Lamp,1,13814,16,11603.76,Platinum,Delhi,Credit Card
C1792,O36941,2026-04-14,Groceries,Eggs,1,1703,5,1617.85,Silver,Chennai,Net Banking
C1035,O86279,2026-04-16,Sports,Cricket Bat,2,5686,20,9097.6,Platinum,Chennai,Net Banking
C1840,O52575,2025-09-27,Beauty,Face Wash,3,2935,19,7132.05,Silver,Bangalore,Debit Card
C1626,O31202,2026-03-21,Groceries,Bread,4,1571,6,5906.96,Silver,Mumbai,Credit Card
C1832,O92721,2025-07-26,Beauty,Shampoo,2,402,22,627.12,Silver,Bangalore,UPI
C1552,O78811,2026-03-10,Fashion,Jacket,2,1249,5,2373.1,Silver,Delhi,UPI
C1517,O45212,2026-03-11,Fashion,Jacket,4,9938,11,35379.28,Platinum,Hyderabad,UPI
C1931,O95984,2026-03-05,Groceries,Milk,1,1268,1,1255.32,Platinum,Delhi,Net Banking
C1149,O41770,2025-07-10,Fashion,T-Shirt,3,6966,0,20898.0,Platinum,Hyderabad,Debit Card
C1426,O41886,2025-09-01,Beauty,Face Wash,2,7738,2,15166.48,Platinum,Mumbai,UPI
C1080,O60348,2025-10-30,Home Decor,Lamp,5,3871,30,13548.5,Gold,Mumbai,Credit Card
C1536,O72250,2025-07-25,Fashion,Jacket,3,4404,0,13212.0,Platinum,Hyderabad,Wallet
C1631,O28211,2026-01-09,Groceries,Milk,2,234,29,332.28,Gold,Bangalore,Net Banking
C1310,O13108,2025-10-15,Electronics,Smartphone,5,24948,27,91060.2,Silver,Chennai,Debit Card
C1109,O66617,2025-06-19,Sports,Cricket Bat,2,5949,20,9518.4,Gold,Delhi,Debit Card
C1162,O80488,2026-05-22,Sports,Football,4,4009,15,13630.6,Silver,Bangalore,Debit Card
C1623,O32988,2025-08-13,Sports,Yoga Mat,3,11128,27,24370.32,Gold,Chennai,UPI
C1890,O46022,2025-08-18,Fashion,T-Shirt,1,1420,19,1150.2,Gold,Mumbai,Wallet
C1613,O12641,2025-12-21,Electronics,Headphones,1,46820,9,42606.2,Platinum,Pune,Credit Card
C1866,O76893,2025-11-23,Fashion,Jacket,5,790,28,2844.0,Gold,Mumbai,Wallet
C1205,O27986,2025-11-18,Home Decor,Carpet,5,4150,7,19297.5,Gold,Delhi,UPI
C1950,O63362,2026-05-04,Sports,Football,4,5335,27,15578.2,Silver,Pune,Debit Card
C1675,O95538,2025-12-09,Beauty,Perfume,3,2560,14,6604.8,Silver,Bangalore,UPI
C1906,O33714,2026-04-14,Electronics,Smart Watch,2,36109,2,70773.64,Gold,Delhi,UPI
C1311,O10811,2025-07-18,Sports,Dumbbells,3,6998,0,20994.0,Platinum,Mumbai,Wallet
C1352,O65196,2026-03-17,Groceries,Eggs,1,1208,0,1208.0,Silver,Hyderabad,Wallet
C1417,O79513,2025-12-29,Beauty,Face Wash,2,3022,24,4593.44,Silver,Delhi,Debit Card
C1147,O85804,2025-07-20,Home Decor,Lamp,3,8260,25,18585.0,Silver,Bangalore,UPI
C1159,O34797,2026-03-13,Home Decor,Curtains,5,4440,22,17316.0,Platinum,Mumbai,Net Banking
C1413,O29315,2026-04-02,Electronics,Laptop,4,15088,25,45264.0,Platinum,Mumbai,Wallet
C1004,O48032,2025-12-15,Fashion,Jacket,2,4965,17,8241.9,Silver,Chennai,Credit Card
C1336,O70554,2025-06-20,Home Decor,Lamp,4,4477,19,14505.48,Gold,Hyderabad,Net Banking
C1618,O66651,2025-08-06,Home Decor,Carpet,5,6979,24,26520.2,Gold,Delhi,Credit Card
C1820,O71512,2025-12-25,Electronics,Headphones,4,5849,24,17780.96,Silver,Chennai,Net Banking
C1114,O32366,2026-01-10,Sports,Yoga Mat,2,1297,25,1945.5,Gold,Chennai,Credit Card
C1060,O55138,2026-01-05,Beauty,Moisturizer,4,7832,28,22556.16,Platinum,Delhi,Wallet
C1912,O32247,2025-12-11,Groceries,Bread,1,2635,18,2160.7,Gold,Bangalore,Credit Card
C1968,O75390,2025-12-17,Sports,Football,1,5281,8,4858.52,Silver,Pune,Debit Card
C1767,O50563,2025-12-06,Home Decor,Wall Art,2,8598,22,13412.88,Gold,Hyderabad,Wallet
C1318,O70024,2025-10-05,Electronics,Headphones,1,19083,12,16793.04,Gold,Delhi,Credit Card
C1675,O42326,2025-10-21,Groceries,Bread,2,815,28,1173.6,Silver,Pune,Credit Card
C1794,O45747,2025-09-03,Home Decor,Wall Art,1,5738,14,4934.68,Platinum,Mumbai,Net Banking
C1100,O94436,2026-03-11,Sports,Cricket Bat,4,6436,19,20852.64,Gold,Hyderabad,Credit Card
C1362,O63234,2025-11-08,Groceries,Eggs,1,1984,22,1547.52,Gold,Chennai,UPI
C1881,O33675,2026-06-01,Fashion,Shoes,4,5614,2,22006.88,Gold,Chennai,Net Banking
C1489,O81836,2025-08-05,Groceries,Eggs,3,3896,5,11103.6,Platinum,Bangalore,Net Banking
C1868,O20481,2025-11-23,Home Decor,Lamp,3,17308,5,49327.8,Platinum,Chennai,Debit Card
C1987,O60609,2025-06-29,Home Decor,Wall Art,2,8976,16,15079.68,Platinum,Bangalore,Wallet
C1848,O39107,2026-01-25,Home Decor,Lamp,4,7115,23,21914.2,Silver,Pune,Debit Card
C1619,O58190,2025-12-27,Fashion,T-Shirt,3,5388,24,12284.64,Platinum,Chennai,Credit Card
C1343,O86128,2025-06-15,Beauty,Perfume,5,3215,3,15592.75,Silver,Pune,Debit Card
C1310,O71008,2025-09-05,Fashion,Shoes,2,6858,18,11247.12,Platinum,Bangalore,Credit Card
C1037,O24281,2026-02-12,Sports,Football,1,6411,27,4680.03,Silver,Chennai,Net Banking
C1008,O68834,2025-07-05,Fashion,T-Shirt,4,4746,14,16326.24,Silver,Chennai,Debit Card
C1389,O47496,2025-09-23,Groceries,Eggs,2,517,22,806.52,Gold,Chennai,UPI
C1508,O85030,2026-01-19,Groceries,Bread,5,1558,3,7556.3,Silver,Mumbai,Net Banking
C1480,O32324,2025-06-16,Sports,Cricket Bat,1,14994,16,12594.96,Platinum,Bangalore,Net Banking
C1452,O63792,2026-03-16,Groceries,Bread,1,1726,21,1363.54,Gold,Delhi,Debit Card
C1886,O33244,2025-12-04,Electronics,Headphones,5,60891,24,231385.8,Gold,Chennai,Wallet
C1714,O91000,2025-12-03,Fashion,Shoes,3,4894,28,10571.04,Platinum,Mumbai,Wallet
C1358,O74463,2025-06-27,Home Decor,Curtains,1,14079,24,10700.04,Gold,Mumbai,Credit Card
C1777,O28838,2025-11-02,Beauty,Perfume,2,3354,8,6171.36,Platinum,Hyderabad,UPI
C1796,O21352,2026-01-12,Groceries,Rice,1,1813,23,1396.01,Silver,Hyderabad,UPI
C1715,O81334,2026-03-22,Fashion,Jacket,5,1663,1,8231.85,Silver,Pune,Wallet
C1015,O59387,2025-12-10,Beauty,Face Wash,1,2653,13,2308.11,Silver,Chennai,Credit Card
C1222,O27707,2025-06-23,Electronics,Smartphone,3,75096,14,193747.68,Platinum,Mumbai,Debit Card
C1610,O75706,2025-12-10,Home Decor,Wall Art,4,6868,14,23625.92,Gold,Delhi,Debit Card
C1871,O38827,2025-07-03,Sports,Dumbbells,3,6606,19,16052.58,Gold,Pune,Debit Card
C1561,O60818,2026-01-16,Beauty,Shampoo,4,2020,19,6544.8,Platinum,Pune,Net Banking
C1163,O78972,2025-11-16,Sports,Cricket Bat,3,1623,3,4722.93,Silver,Bangalore,UPI
C1084,O28775,2026-05-11,Groceries,Milk,5,1741,9,7921.55,Silver,Pune,Wallet
C1012,O99361,2026-02-26,Beauty,Moisturizer,5,9244,2,45295.6,Platinum,Bangalore,Debit Card
C1610,O98947,2025-11-24,Fashion,Shoes,2,1443,26,2135.64,Gold,Bangalore,Net Banking
C1775,O11876,2025-12-27,Groceries,Eggs,1,798,15,678.3,Silver,Hyderabad,Wallet
C1170,O43369,2025-07-17,Fashion,Jeans,5,7144,9,32505.2,Gold,Mumbai,Net Banking
C1712,O10480,2025-11-10,Groceries,Bread,1,871,12,766.48,Gold,Bangalore,UPI
C1876,O90877,2026-01-11,Electronics,Smartphone,2,40085,12,70549.6,Silver,Delhi,Credit Card
C1390,O14451,2025-09-05,Groceries,Rice,3,2932,8,8092.32,Gold,Delhi,Credit Card
C1713,O47686,2025-12-25,Home Decor,Carpet,5,3378,8,15538.8,Gold,Chennai,UPI
C1596,O75740,2025-10-04,Fashion,T-Shirt,3,2602,13,6791.22,Platinum,Bangalore,Debit Card
C1504,O75358,2025-12-17,Electronics,Headphones,5,10192,14,43825.6,Gold,Bangalore,Debit Card
C1255,O71334,2026-03-22,Home Decor,Carpet,5,4256,28,15321.6,Platinum,Delhi,Net Banking
C1491,O91685,2026-04-10,Groceries,Bread,4,2097,18,6878.16,Gold,Mumbai,UPI
C1555,O99029,2025-06-06,Sports,Dumbbells,1,6837,17,5674.71,Gold,Delhi,Wallet
C1400,O67294,2026-05-10,Home Decor,Curtains,1,5119,22,3992.82,Gold,Mumbai,Debit Card
C1218,O30351,2026-03-03,Home Decor,Lamp,5,5493,15,23345.25,Silver,Mumbai,Credit Card
C1083,O73531,2026-03-22,Groceries,Eggs,2,2784,30,3897.6,Platinum,Bangalore,UPI
C1811,O23728,2025-07-23,Sports,Yoga Mat,4,5703,23,17565.24,Gold,Bangalore,Credit Card
C1594,O95040,2026-03-21,Home Decor,Carpet,5,12186,28,43869.6,Platinum,Bangalore,Credit Card
C1707,O13278,2025-10-25,Home Decor,Curtains,5,2370,27,8650.5,Platinum,Hyderabad,Debit Card
C1776,O62703,2025-09-12,Fashion,T-Shirt,3,1772,13,4624.92,Silver,Bangalore,UPI
C1356,O27338,2026-05-23,Sports,Football,5,2998,21,11842.1,Gold,Hyderabad,Net Banking
C1437,O11498,2025-11-19,Groceries,Bread,2,2912,13,5066.88,Platinum,Hyderabad,Wallet
C1040,O11556,2025-10-15,Sports,Yoga Mat,4,918,4,3525.12,Gold,Bangalore,UPI
C1522,O94692,2026-04-30,Electronics,Smartphone,5,51811,26,191700.7,Gold,Delhi,UPI
C1394,O31452,2026-02-09,Home Decor,Curtains,5,3336,24,12676.8,Silver,Mumbai,Credit Card
C1305,O59138,2026-01-13,Fashion,Jeans,1,3374,18,2766.68,Silver,Hyderabad,Wallet
C1850,O96938,2025-10-13,Fashion,Shoes,2,1926,4,3697.92,Gold,Chennai,Credit Card
C1182,O30293,2025-08-10,Beauty,Shampoo,1,3957,3,3838.29,Silver,Bangalore,Wallet
C1956,O35032,2025-06-21,Home Decor,Wall Art,1,4941,20,3952.8,Silver,Pune,Net Banking
C1007,O49565,2025-10-16,Home Decor,Curtains,1,4136,17,3432.88,Silver,Delhi,Credit Card
C1802,O85250,2025-06-07,Groceries,Eggs,2,1125,9,2047.5,Silver,Delhi,Wallet
C1081,O81638,2025-06-08,Fashion,Jeans,3,4638,7,12940.02,Gold,Pune,Credit Card
C1500,O62245,2025-08-24,Home Decor,Carpet,1,1555,23,1197.35,Silver,Delhi,Debit Card
C1095,O67330,2026-04-22,Sports,Yoga Mat,5,6034,9,27454.7,Platinum,Mumbai,UPI
C1161,O39722,2026-03-10,Beauty,Face Wash,5,7404,17,30726.6,Gold,Delhi,Debit Card
C1316,O78586,2026-01-13,Home Decor,Curtains,1,5817,24,4420.92,Silver,Delhi,UPI
C1566,O10315,2026-05-02,Groceries,Rice,5,3206,26,11862.2,Platinum,Bangalore,Wallet
C1592,O77407,2026-03-17,Electronics,Smart Watch,5,32638,13,141975.3,Silver,Bangalore,UPI
C1171,O21710,2025-06-19,Sports,Yoga Mat,3,11630,10,31401.0,Platinum,Mumbai,Credit Card
C1340,O96440,2025-08-25,Fashion,Jeans,1,3431,21,2710.49,Silver,Hyderabad,Debit Card
C1041,O13153,2026-04-14,Electronics,Headphones,1,30528,0,30528.0,Silver,Chennai,Debit Card
C1155,O65243,2025-06-10,Electronics,Smartphone,4,88478,1,350372.88,Platinum,Delhi,Wallet
C1867,O45852,2026-04-07,Electronics,Headphones,5,25349,16,106465.8,Silver,Hyderabad,Net Banking
C1600,O15166,2026-03-04,Fashion,T-Shirt,3,2112,20,5068.8,Silver,Bangalore,Wallet
C1327,O52416,2026-03-29,Beauty,Perfume,3,3066,17,7634.34,Platinum,Hyderabad,Wallet
C1925,O28261,2025-08-16,Home Decor,Curtains,4,1350,6,5076.0,Silver,Mumbai,Debit Card
C1049,O94546,2026-01-17,Beauty,Perfume,5,2554,23,9832.9,Silver,Hyderabad,Debit Card
C1780,O44893,2025-10-29,Home Decor,Wall Art,3,12178,4,35072.64,Platinum,Delhi,UPI
C1153,O98416,2025-10-27,Home Decor,Wall Art,3,8066,30,16938.6,Platinum,Chennai,Wallet
C1130,O15553,2026-03-13,Sports,Yoga Mat,2,1220,27,1781.2,Platinum,Mumbai,UPI
C1845,O62690,2026-04-29,Sports,Cricket Bat,5,5649,8,25985.4,Gold,Delhi,Net Banking
C1286,O27083,2026-02-16,Home Decor,Wall Art,4,8380,18,27486.4,Platinum,Mumbai,Wallet
C1303,O72729,2025-12-06,Fashion,Jacket,2,3947,0,7894.0,Silver,Mumbai,Debit Card
C1987,O30391,2025-12-21,Fashion,Jeans,3,2733,11,7297.11,Gold,Mumbai,Debit Card
C1462,O40067,2026-01-12,Fashion,Jacket,1,3996,6,3756.24,Silver,Bangalore,Debit Card
C1651,O91013,2026-03-24,Sports,Dumbbells,5,3022,3,14656.7,Gold,Hyderabad,Debit Card
C1852,O57239,2026-01-07,Home Decor,Curtains,4,6492,24,19735.68,Silver,Bangalore,Net Banking
C1574,O27652,2025-07-27,Sports,Yoga Mat,3,2127,14,5487.66,Gold,Delhi,UPI
C1841,O26005,2026-02-08,Sports,Cricket Bat,2,9855,9,17936.1,Gold,Hyderabad,Credit Card
C1907,O47670,2026-03-10,Electronics,Headphones,5,13769,25,51633.75,Silver,Chennai,Net Banking
C1737,O58906,2025-10-25,Groceries,Milk,5,1966,20,7864.0,Platinum,Delhi,Net Banking
C1635,O94636,2026-06-02,Sports,Cricket Bat,4,5926,14,20385.44,Silver,Mumbai,Net Banking
C1087,O24468,2025-09-23,Electronics,Laptop,1,34966,14,30070.76,Platinum,Delhi,Wallet
C1854,O63451,2025-12-06,Electronics,Laptop,1,51554,22,40212.12,Platinum,Chennai,Credit Card
C1822,O71793,2026-04-07,Groceries,Rice,2,1615,12,2842.4,Silver,Chennai,Wallet
C1251,O47684,2026-04-13,Electronics,Headphones,4,53686,17,178237.52,Gold,Delhi,Net Banking
C1818,O22922,2026-05-23,Groceries,Rice,3,1928,15,4916.4,Silver,Pune,Debit Card
C1264,O94016,2026-05-03,Groceries,Eggs,2,1304,24,1982.08,Platinum,Mumbai,Wallet
C1149,O77160,2026-04-22,Fashion,T-Shirt,2,4941,11,8794.98,Silver,Chennai,UPI
C1881,O34711,2025-12-01,Beauty,Shampoo,4,8548,18,28037.44,Platinum,Delhi,Net Banking
C1601,O73567,2025-06-10,Groceries,Eggs,3,784,26,1740.48,Silver,Chennai,Debit Card
C1558,O60702,2025-09-30,Sports,Cricket Bat,1,9646,22,7523.88,Gold,Chennai,Debit Card
C1183,O58356,2025-06-07,Home Decor,Curtains,5,2596,4,12460.8,Gold,Delhi,Debit Card
C1656,O93670,2025-06-12,Groceries,Milk,4,2646,16,8890.56,Platinum,Hyderabad,Credit Card
C1974,O96041,2026-01-20,Fashion,Shoes,1,3466,28,2495.52,Platinum,Delhi,Wallet
C1396,O75163,2026-06-01,Fashion,Jacket,1,3237,28,2330.64,Gold,Chennai,UPI
C1861,O94801,2026-04-28,Groceries,Eggs,3,1831,16,4614.12,Gold,Chennai,Wallet
C1008,O49418,2026-03-08,Groceries,Eggs,5,1674,30,5859.0,Silver,Pune,Wallet
C1505,O93975,2026-05-17,Sports,Football,3,7018,17,17474.82,Gold,Delhi,Credit Card
C1940,O78981,2026-03-23,Groceries,Eggs,4,2827,23,8707.16,Gold,Chennai,Wallet
C1648,O80904,2025-08-30,Sports,Yoga Mat,5,4279,17,17757.85,Silver,Pune,Debit Card
C1658,O96783,2025-06-08,Beauty,Face Wash,1,2088,18,1712.16,Gold,Bangalore,Wallet
C1685,O31814,2025-07-17,Home Decor,Curtains,3,12686,24,28924.08,Platinum,Hyderabad,Debit Card
C1149,O99523,2026-03-03,Groceries,Rice,4,3554,4,13647.36,Platinum,Hyderabad,Credit Card
C1791,O75309,2025-07-14,Home Decor,Lamp,5,7180,28,25848.0,Gold,Bangalore,Credit Card
C1488,O87233,2025-07-30,Groceries,Rice,3,402,11,1073.34,Platinum,Hyderabad,Net Banking
C1252,O35585,2026-02-01,Fashion,T-Shirt,3,2520,23,5821.2,Platinum,Mumbai,UPI
C1163,O54426,2025-09-16,Electronics,Smartphone,5,39544,2,193765.6,Silver,Chennai,Credit Card
C1066,O34202,2025-06-15,Beauty,Shampoo,3,7260,26,16117.2,Platinum,Bangalore,Debit Card
C1100,O88343,2025-07-06,Groceries,Milk,3,1709,7,4768.11,Silver,Chennai,Net Banking
C1868,O70307,2026-03-26,Beauty,Shampoo,1,849,14,730.14,Silver,Mumbai,Credit Card
C1835,O16495,2025-08-03,Beauty,Shampoo,4,7932,7,29507.04,Platinum,Chennai,Wallet
C1523,O77800,2026-01-21,Beauty,Face Wash,1,1626,28,1170.72,Silver,Chennai,Net Banking
C1382,O26881,2025-12-09,Electronics,Laptop,1,51010,23,39277.7,Gold,Hyderabad,Debit Card
C1791,O92692,2026-03-25,Fashion,Jeans,2,8632,0,17264.0,Platinum,Delhi,Net Banking
C1415,O70155,2026-04-19,Groceries,Bread,3,1569,11,4189.23,Silver,Chennai,Debit Card
C1312,O84518,2025-12-27,Fashion,Jacket,4,4237,25,12711.0,Gold,Bangalore,Net Banking
C1410,O99430,2025-06-12,Sports,Cricket Bat,5,7506,25,28147.5,Gold,Bangalore,Debit Card
C1890,O48451,2026-05-16,Sports,Dumbbells,4,6455,8,23754.4,Silver,Pune,Wallet
C1506,O51933,2025-10-05,Home Decor,Lamp,1,6706,26,4962.44,Gold,Mumbai,UPI
C1114,O99976,2025-10-09,Fashion,Shoes,3,689,6,1942.98,Silver,Chennai,Wallet
C1982,O80216,2025-06-05,Home Decor,Wall Art,1,5362,6,5040.28,Gold,Bangalore,Debit Card
C1837,O34078,2026-04-22,Groceries,Bread,3,708,28,1529.28,Gold,Delhi,Credit Card
C1546,O96682,2025-09-09,Beauty,Perfume,1,1391,13,1210.17,Silver,Mumbai,Credit Card
C1013,O31038,2026-02-24,Sports,Dumbbells,4,14402,21,45510.32,Platinum,Pune,Debit Card
C1809,O61218,2026-02-18,Home Decor,Carpet,1,4356,14,3746.16,Silver,Bangalore,Wallet
C1424,O57436,2025-10-30,Fashion,Jeans,2,2970,8,5464.8,Gold,Pune,Wallet
C1157,O90975,2026-04-11,Home Decor,Wall Art,2,5560,17,9229.6,Gold,Bangalore,UPI
C1377,O73753,2025-06-30,Fashion,Shoes,4,4402,9,16023.28,Gold,Bangalore,Debit Card
C1122,O41773,2025-11-14,Electronics,Laptop,3,50732,10,136976.4,Platinum,Pune,Wallet
C1493,O55530,2026-04-17,Sports,Yoga Mat,5,2286,24,8686.8,Gold,Mumbai,Wallet
C1056,O59562,2025-08-29,Electronics,Smart Watch,2,21076,17,34986.16,Silver,Bangalore,Debit Card
C1779,O97646,2026-03-09,Groceries,Rice,3,2380,22,5569.2,Gold,Mumbai,Net Banking
C1075,O46685,2026-03-01,Electronics,Smartphone,4,83674,25,251022.0,Platinum,Hyderabad,UPI
C1927,O61009,2026-03-10,Beauty,Moisturizer,2,2402,12,4227.52,Platinum,Mumbai,Net Banking
C1934,O70543,2026-05-30,Groceries,Milk,5,1849,5,8782.75,Silver,Chennai,Debit Card
C1770,O89357,2026-05-20,Fashion,Jeans,5,7122,25,26707.5,Platinum,Chennai,Debit Card
C1520,O29478,2025-08-03,Fashion,Shoes,4,1776,15,6038.4,Silver,Bangalore,Credit Card
C1390,O38314,2025-10-26,Sports,Yoga Mat,3,3370,8,9301.2,Gold,Mumbai,Credit Card
C1223,O62508,2025-09-25,Home Decor,Lamp,5,11200,9,50960.0,Platinum,Delhi,Credit Card
C1244,O59864,2025-06-21,Groceries,Bread,1,1288,9,1172.08,Gold,Mumbai,Credit Card
C1240,O14395,2025-07-30,Groceries,Eggs,5,157,28,565.2,Gold,Chennai,Net Banking
C1732,O19580,2025-12-20,Home Decor,Lamp,1,18004,17,14943.32,Platinum,Chennai,Wallet
C1733,O75138,2025-08-15,Home Decor,Wall Art,5,14340,17,59511.0,Gold,Pune,UPI
C1894,O40474,2025-06-09,Groceries,Eggs,5,1946,14,8367.8,Silver,Bangalore,Credit Card
C1961,O54076,2025-11-07,Sports,Football,1,5283,14,4543.38,Silver,Chennai,Wallet
C1744,O66169,2025-06-08,Sports,Football,2,11827,17,19632.82,Gold,Pune,Wallet
C1958,O77551,2026-04-26,Fashion,Shoes,5,3628,20,14512.0,Silver,Bangalore,Net Banking
C1417,O90503,2026-01-20,Fashion,T-Shirt,1,2456,21,1940.24,Silver,Delhi,Net Banking
C1961,O59541,2025-11-29,Home Decor,Curtains,2,10254,3,19892.76,Gold,Chennai,UPI
C1291,O52016,2025-09-11,Groceries,Milk,2,960,7,1785.6,Platinum,Pune,Debit Card
C1883,O96733,2026-05-11,Groceries,Milk,1,634,23,488.18,Gold,Pune,Wallet
C1952,O20545,2025-11-14,Electronics,Laptop,5,27315,6,128380.5,Gold,Bangalore,Wallet
C1608,O81416,2026-05-06,Home Decor,Carpet,3,9214,28,19902.24,Silver,Bangalore,Wallet
C1750,O35664,2025-12-24,Home Decor,Curtains,2,13801,7,25669.86,Gold,Bangalore,Net Banking
C1508,O94005,2025-09-30,Electronics,Smartphone,4,68854,29,195545.36,Gold,Delhi,Credit Card
C1941,O79274,2026-02-07,Fashion,T-Shirt,2,1086,1,2150.28,Gold,Delhi,Debit Card
C1942,O83696,2025-10-13,Home Decor,Wall Art,1,7852,11,6988.28,Gold,Mumbai,Debit Card
C1448,O14539,2026-05-13,Sports,Dumbbells,4,2696,20,8627.2,Silver,Hyderabad,Debit Card
C1855,O96222,2026-01-23,Sports,Cricket Bat,2,13718,9,24966.76,Platinum,Mumbai,Debit Card
C1287,O28175,2025-10-06,Fashion,Jacket,1,7387,10,6648.3,Gold,Hyderabad,Net Banking
C1342,O40407,2025-12-18,Sports,Dumbbells,2,4794,2,9396.24,Silver,Delhi,Net Banking
C1149,O77229,2025-11-30,Sports,Cricket Bat,2,3678,22,5737.68,Platinum,Hyderabad,Credit Card
C1888,O87691,2025-12-07,Fashion,Jeans,2,9958,14,17127.76,Platinum,Chennai,UPI
C1339,O30109,2026-03-17,Electronics,Laptop,3,72300,17,180027.0,Gold,Hyderabad,Net Banking
C1872,O19109,2025-12-26,Electronics,Laptop,2,56016,4,107550.72,Gold,Hyderabad,Credit Card
C1833,O36627,2026-03-03,Home Decor,Lamp,1,12577,20,10061.6,Gold,Mumbai,UPI
C1021,O29421,2026-04-28,Home Decor,Wall Art,3,6146,5,17516.1,Silver,Bangalore,Net Banking
C1592,O20049,2025-09-07,Electronics,Laptop,1,26146,28,18825.12,Silver,Delhi,Credit Card
C1978,O98686,2025-06-29,Electronics,Headphones,3,38654,12,102046.56,Silver,Delhi,UPI
C1248,O71207,2026-02-22,Beauty,Perfume,2,4971,19,8053.02,Gold,Hyderabad,Debit Card
C1522,O96723,2025-07-13,Home Decor,Wall Art,4,6438,30,18026.4,Silver,Chennai,UPI
C1373,O90668,2025-06-13,Groceries,Eggs,3,2662,18,6548.52,Platinum,Pune,Wallet
C1771,O87443,2025-08-24,Home Decor,Lamp,1,14616,24,11108.16,Gold,Delhi,Debit Card
C1812,O65448,2025-10-17,Electronics,Headphones,5,14548,7,67648.2,Silver,Mumbai,Debit Card
C1464,O24525,2025-12-25,Groceries,Rice,3,769,30,1614.9,Silver,Hyderabad,Wallet
C1540,O13557,2026-01-20,Fashion,Jeans,5,5180,22,20202.0,Platinum,Bangalore,Wallet
C1670,O36777,2026-02-21,Groceries,Milk,4,596,14,2050.24,Silver,Chennai,Wallet
C1573,O48654,2026-05-25,Electronics,Laptop,1,45128,1,44676.72,Silver,Mumbai,UPI
C1915,O19117,2026-03-02,Beauty,Moisturizer,3,2573,18,6329.58,Silver,Bangalore,Net Banking
C1071,O27009,2025-09-09,Home Decor,Lamp,5,13170,25,49387.5,Gold,Delhi,Net Banking
C1123,O54952,2026-01-16,Groceries,Milk,4,2882,27,8415.44,Platinum,Delhi,UPI
C1550,O39139,2025-08-04,Sports,Dumbbells,3,10670,30,22407.0,Platinum,Chennai,Credit Card
C1889,O12502,2025-08-14,Sports,Cricket Bat,1,3628,25,2721.0,Platinum,Bangalore,Debit Card
C1062,O20565,2026-01-31,Fashion,Jeans,2,1322,12,2326.72,Silver,Chennai,Debit Card
C1037,O95582,2026-01-29,Beauty,Face Wash,4,3814,29,10831.76,Platinum,Hyderabad,Net Banking
C1015,O78938,2025-07-03,Fashion,Jeans,1,4627,5,4395.65,Gold,Hyderabad,Wallet
C1560,O83165,2025-10-16,Beauty,Moisturizer,5,2061,5,9789.75,Silver,Chennai,UPI
C1364,O12844,2026-04-19,Beauty,Shampoo,2,640,29,908.8,Gold,Delhi,Debit Card
C1207,O33073,2025-11-28,Electronics,Laptop,5,46072,7,214234.8,Gold,Chennai,Net Banking
C1825,O65398,2026-03-20,Electronics,Smart Watch,3,19524,8,53886.24,Silver,Mumbai,Wallet
C1622,O97016,2026-06-03,Fashion,Shoes,1,730,6,686.2,Silver,Hyderabad,Debit Card
C1637,O12736,2025-11-20,Electronics,Headphones,4,59254,19,191982.96,Gold,Bangalore,Debit Card
C1734,O82523,2026-05-03,Sports,Cricket Bat,4,11274,16,37880.64,Gold,Hyderabad,Net Banking
C1763,O10238,2026-04-20,Home Decor,Lamp,5,4293,27,15669.45,Silver,Bangalore,Net Banking
C1916,O43449,2025-09-08,Fashion,Jacket,5,7191,9,32719.05,Gold,Delhi,Net Banking
C1400,O54479,2025-09-25,Fashion,Jeans,1,4530,18,3714.6,Gold,Mumbai,Credit Card
C1099,O68355,2025-10-02,Beauty,Moisturizer,5,1802,13,7838.7,Silver,Pune,Wallet
C1473,O10694,2025-09-24,Sports,Dumbbells,2,4007,19,6491.34,Silver,Delhi,Net Banking
C1096,O81844,2025-10-21,Fashion,Shoes,2,2070,12,3643.2,Gold,Bangalore,Wallet
C1601,O63575,2026-02-15,Electronics,Smart Watch,4,7971,0,31884.0,Gold,Delhi,UPI
C1178,O67041,2025-11-26,Fashion,T-Shirt,3,4028,19,9788.04,Silver,Chennai,Debit Card
C1875,O56624,2026-01-23,Beauty,Perfume,4,7134,4,27394.56,Platinum,Chennai,UPI
C1010,O62770,2026-06-02,Electronics,Smart Watch,2,15187,17,25210.42,Gold,Delhi,Wallet
C1064,O80555,2025-10-27,Groceries,Rice,4,678,22,2115.36,Platinum,Bangalore,UPI
C1974,O68508,2025-10-01,Fashion,Jacket,3,4060,5,11571.0,Platinum,Hyderabad,Net Banking
C1373,O82013,2025-10-25,Home Decor,Lamp,1,13212,30,9248.4,Gold,Mumbai,Net Banking
C1248,O10099,2026-04-14,Electronics,Laptop,2,9807,2,19221.72,Silver,Mumbai,Wallet
C1399,O98787,2025-09-03,Electronics,Laptop,2,18846,11,33545.88,Silver,Chennai,Wallet
C1735,O83228,2026-03-15,Home Decor,Wall Art,1,8024,24,6098.24,Platinum,Mumbai,Debit Card
C1299,O42206,2025-09-23,Home Decor,Curtains,5,6783,11,30184.35,Gold,Bangalore,UPI
C1114,O31287,2026-05-20,Fashion,Jeans,4,1326,23,4084.08,Gold,Chennai,UPI
C1581,O48342,2026-04-25,Electronics,Headphones,1,18718,13,16284.66,Platinum,Chennai,Net Banking
C1492,O54013,2026-05-26,Groceries,Milk,4,2528,16,8494.08,Platinum,Pune,Net Banking
C1217,O10281,2026-03-16,Home Decor,Wall Art,2,4796,22,7481.76,Silver,Delhi,Wallet
C1426,O83245,2026-01-31,Beauty,Face Wash,1,7994,1,7914.06,Platinum,Bangalore,Debit Card
C1225,O54181,2026-04-30,Groceries,Rice,1,697,9,634.27,Gold,Mumbai,Credit Card
C1503,O15543,2026-03-14,Sports,Football,4,4570,28,13161.6,Silver,Delhi,UPI
C1616,O98794,2026-03-25,Beauty,Face Wash,3,6656,6,18769.92,Platinum,Hyderabad,Debit Card
C1890,O62754,2025-08-15,Electronics,Headphones,1,28325,26,20960.5,Silver,Hyderabad,Wallet
C1665,O49104,2025-11-08,Groceries,Rice,1,369,10,332.1,Silver,Delhi,Debit Card
C1586,O54628,2025-08-31,Groceries,Milk,4,1180,16,3964.8,Platinum,Mumbai,Credit Card
C1867,O91952,2026-03-10,Sports,Dumbbells,4,7300,28,21024.0,Gold,Chennai,UPI
C1650,O68363,2026-04-21,Home Decor,Carpet,4,10450,15,35530.0,Gold,Hyderabad,Wallet
C1924,O14386,2025-06-16,Fashion,Jeans,4,6556,4,25175.04,Gold,Bangalore,Net Banking
C1364,O86495,2025-08-09,Sports,Dumbbells,1,8146,16,6842.64,Gold,Chennai,Wallet
C1898,O61392,2025-12-31,Groceries,Rice,5,273,1,1351.35,Silver,Chennai,Debit Card
C1796,O43730,2026-01-11,Groceries,Milk,1,1069,11,951.41,Gold,Pune,Debit Card
C1158,O74033,2026-01-29,Fashion,T-Shirt,5,4403,27,16070.95,Silver,Pune,UPI
C1367,O20018,2026-04-27,Electronics,Laptop,3,12546,3,36508.86,Platinum,Bangalore,UPI
C1544,O20921,2026-05-15,Fashion,T-Shirt,4,3067,12,10795.84,Silver,Bangalore,Debit Card
C1024,O35795,2026-04-26,Sports,Football,2,9288,10,16718.4,Gold,Delhi,UPI
C1670,O56982,2026-05-09,Beauty,Shampoo,2,3492,30,4888.8,Platinum,Delhi,Credit Card
C1699,O62423,2025-09-29,Fashion,Jacket,5,1429,20,5716.0,Gold,Chennai,Credit Card
C1373,O33536,2025-08-09,Beauty,Moisturizer,2,7316,14,12583.52,Platinum,Pune,Credit Card
C1852,O30032,2025-08-27,Beauty,Face Wash,1,7419,16,6231.96,Gold,Hyderabad,Net Banking
C1659,O92658,2025-11-14,Fashion,Jacket,4,3124,30,8747.2,Silver,Delhi,UPI
C1922,O68404,2025-07-25,Home Decor,Wall Art,3,16962,24,38673.36,Platinum,Chennai,Wallet
C1703,O92410,2026-04-30,Beauty,Shampoo,3,8918,2,26218.92,Platinum,Bangalore,Debit Card
C1030,O80285,2026-02-21,Beauty,Moisturizer,3,1023,23,2363.13,Gold,Chennai,Net Banking
C1371,O29587,2026-02-05,Home Decor,Carpet,2,8185,17,13587.1,Gold,Bangalore,Credit Card
C1168,O45520,2025-06-25,Fashion,T-Shirt,4,2013,22,6280.56,Silver,Mumbai,Wallet
C1300,O25735,2025-12-30,Beauty,Shampoo,5,2624,30,9184.0,Platinum,Pune,Credit Card
C1719,O12532,2025-09-19,Beauty,Shampoo,5,213,21,841.35,Silver,Hyderabad,Debit Card
C1237,O64304,2026-05-24,Home Decor,Wall Art,4,10330,5,39254.0,Platinum,Delhi,Credit Card
C1239,O93058,2026-06-02,Sports,Dumbbells,4,2888,30,8086.4,Platinum,Bangalore,Net Banking
C1409,O25041,2025-12-30,Electronics,Laptop,1,99288,4,95316.48,Platinum,Mumbai,Credit Card
C1796,O14943,2025-11-26,Home Decor,Curtains,2,3921,3,7606.74,Silver,Pune,UPI
C1220,O39301,2025-11-01,Home Decor,Carpet,2,8716,12,15340.16,Gold,Hyderabad,UPI
C1129,O64911,2025-12-09,Beauty,Face Wash,3,840,9,2293.2,Gold,Mumbai,UPI
C1290,O12318,2025-12-31,Groceries,Bread,5,239,1,1183.05,Silver,Delhi,Debit Card
C1709,O81720,2025-07-23,Groceries,Rice,4,1395,4,5356.8,Gold,Pune,Net Banking
C1858,O82588,2025-07-09,Home Decor,Carpet,2,14286,19,23143.32,Gold,Bangalore,UPI
C1168,O63222,2025-11-24,Beauty,Shampoo,3,6187,6,17447.34,Gold,Bangalore,Credit Card
C1605,O34001,2026-05-07,Sports,Yoga Mat,1,3848,7,3578.64,Silver,Delhi,Net Banking
C1251,O52966,2026-04-01,Electronics,Headphones,5,71900,6,337930.0,Platinum,Delhi,Debit Card
C1315,O63880,2025-12-09,Home Decor,Carpet,4,4351,16,14619.36,Gold,Pune,UPI
C1866,O61422,2026-04-05,Home Decor,Wall Art,5,3894,18,15965.4,Gold,Delhi,UPI
C1722,O44484,2025-06-25,Electronics,Smart Watch,2,36477,4,70035.84,Silver,Hyderabad,Debit Card
C1964,O20176,2026-01-13,Groceries,Bread,1,1972,24,1498.72,Gold,Mumbai,Wallet
C1345,O90751,2025-08-07,Beauty,Moisturizer,5,7270,17,30170.5,Platinum,Pune,UPI
C1443,O90607,2025-10-08,Sports,Football,3,1938,0,5814.0,Gold,Hyderabad,UPI
C1900,O65446,2025-11-03,Beauty,Moisturizer,2,1285,14,2210.2,Gold,Delhi,Net Banking
C1367,O94065,2025-06-25,Fashion,Jeans,2,7214,9,13129.48,Platinum,Delhi,Wallet
C1185,O60251,2025-09-16,Beauty,Face Wash,2,7360,28,10598.4,Platinum,Mumbai,Net Banking
C1155,O85217,2026-01-27,Beauty,Moisturizer,1,2269,21,1792.51,Silver,Pune,UPI
C1829,O33997,2026-03-28,Sports,Cricket Bat,2,1818,29,2581.56,Gold,Delhi,Wallet
C1172,O20418,2026-05-21,Fashion,Shoes,3,1776,15,4528.8,Silver,Chennai,Credit Card
C1345,O15422,2025-12-05,Home Decor,Curtains,2,4128,28,5944.32,Gold,Hyderabad,Credit Card
C1968,O50470,2026-05-16,Fashion,Jeans,1,3932,15,3342.2,Silver,Bangalore,Net Banking
C1571,O32600,2025-07-09,Sports,Dumbbells,3,6394,7,17839.26,Gold,Mumbai,UPI
C1159,O55810,2025-06-08,Groceries,Bread,4,814,16,2735.04,Silver,Pune,UPI
C1428,O52095,2025-10-14,Groceries,Eggs,4,1920,30,5376.0,Silver,Hyderabad,Net Banking
C1412,O66097,2025-07-24,Sports,Yoga Mat,2,6934,20,11094.4,Platinum,Mumbai,Wallet
C1713,O53376,2025-12-20,Groceries,Bread,1,591,20,472.8,Gold,Mumbai,Wallet
C1318,O61546,2025-08-22,Electronics,Headphones,1,24182,18,19829.24,Platinum,Chennai,UPI
C1928,O76598,2025-08-24,Fashion,Shoes,5,1585,24,6023.0,Silver,Mumbai,Wallet
C1424,O13797,2026-03-18,Beauty,Perfume,5,2584,29,9173.2,Platinum,Delhi,Net Banking
C1223,O63909,2026-03-14,Groceries,Eggs,5,226,10,1017.0,Platinum,Bangalore,Credit Card
C1935,O74702,2026-03-21,Home Decor,Carpet,5,1728,21,6825.6,Silver,Bangalore,Net Banking
C1245,O55172,2026-05-28,Fashion,Jacket,5,2056,12,9046.4,Platinum,Chennai,UPI
C1074,O56563,2025-07-06,Beauty,Shampoo,5,2948,4,14150.4,Platinum,Pune,Net Banking
C1437,O99094,2026-04-03,Home Decor,Curtains,1,4276,9,3891.16,Silver,Chennai,UPI
C1407,O31527,2025-09-11,Groceries,Eggs,1,560,5,532.0,Platinum,Pune,Net Banking
C1583,O11134,2026-02-23,Home Decor,Curtains,3,8436,30,17715.6,Gold,Chennai,Debit Card
C1896,O67909,2025-11-17,Beauty,Perfume,5,2832,0,14160.0,Gold,Bangalore,Debit Card
C1151,O28713,2025-11-07,Electronics,Headphones,1,59208,13,51510.96,Gold,Mumbai,Wallet
C1253,O49392,2026-05-16,Fashion,Shoes,4,6340,22,19780.8,Gold,Pune,UPI
C1720,O10727,2025-08-29,Beauty,Perfume,1,4972,1,4922.28,Silver,Bangalore,Net Banking
C1129,O73073,2025-12-24,Fashion,Shoes,5,6258,27,22841.7,Platinum,Delhi,UPI
C1733,O48039,2025-09-25,Sports,Cricket Bat,5,10480,2,51352.0,Gold,Delhi,UPI
C1165,O94655,2026-04-28,Beauty,Shampoo,4,3906,23,12030.48,Gold,Mumbai,Net Banking
C1169,O33843,2025-11-13,Groceries,Bread,4,1332,6,5008.32,Silver,Delhi,Credit Card
C1264,O61170,2025-10-02,Fashion,T-Shirt,2,1331,3,2582.14,Silver,Mumbai,UPI
C1492,O39141,2025-09-27,Beauty,Moisturizer,5,4575,17,18986.25,Silver,Delhi,Wallet
C1710,O87522,2026-01-22,Electronics,Smart Watch,3,72825,29,155117.25,Gold,Delhi,Net Banking
C1815,O80467,2025-08-29,Sports,Football,2,638,15,1084.6,Silver,Chennai,UPI
C1263,O40028,2026-02-24,Sports,Yoga Mat,3,9288,19,22569.84,Gold,Pune,Wallet
C1388,O19702,2026-04-04,Electronics,Headphones,3,23686,17,58978.14,Platinum,Pune,Debit Card
C1472,O99766,2026-03-15,Home Decor,Carpet,5,7092,16,29786.4,Silver,Pune,Net Banking
C1494,O54971,2026-02-08,Home Decor,Wall Art,2,9771,13,17001.54,Silver,Mumbai,Debit Card
C1559,O29208,2025-08-05,Home Decor,Wall Art,4,2257,25,6771.0,Gold,Chennai,Wallet
C1435,O13459,2025-09-08,Fashion,Jeans,4,3584,28,10321.92,Platinum,Mumbai,UPI
C1351,O21505,2025-07-24,Sports,Football,1,5974,29,4241.54,Platinum,Hyderabad,Debit Card
C1848,O49303,2026-03-02,Beauty,Perfume,1,3288,20,2630.4,Silver,Mumbai,Net Banking
C1179,O29929,2026-01-24,Home Decor,Lamp,4,4780,18,15678.4,Platinum,Delhi,UPI
C1814,O41741,2025-12-15,Electronics,Smartphone,5,5601,13,24364.35,Silver,Chennai,UPI
C1968,O82576,2025-07-16,Groceries,Milk,4,1818,2,7126.56,Gold,Chennai,Credit Card
C1074,O75484,2025-10-16,Groceries,Eggs,2,2709,15,4605.3,Gold,Mumbai,Credit Card
C1179,O60000,2025-08-07,Fashion,T-Shirt,1,2986,26,2209.64,Silver,Bangalore,Net Banking
C1281,O29111,2025-07-24,Groceries,Rice,4,1429,4,5487.36,Gold,Pune,Wallet
C1308,O29794,2025-11-09,Sports,Yoga Mat,2,1396,15,2373.2,Platinum,Bangalore,Net Banking
C1574,O14046,2026-04-09,Home Decor,Lamp,4,7393,12,26023.36,Silver,Delhi,Net Banking
C1645,O86936,2025-12-27,Fashion,Jacket,5,3865,3,18745.25,Silver,Hyderabad,Wallet
C1964,O31773,2026-03-28,Beauty,Moisturizer,3,3504,30,7358.4,Silver,Hyderabad,UPI
C1667,O18152,2025-07-13,Beauty,Face Wash,5,1356,30,4746.0,Silver,Mumbai,Credit Card
C1297,O95883,2026-02-19,Home Decor,Carpet,3,2904,2,8537.76,Gold,Hyderabad,UPI
C1365,O89684,2025-08-02,Beauty,Perfume,5,394,22,1536.6,Gold,Bangalore,Credit Card
C1921,O45128,2026-02-06,Fashion,Jeans,1,1419,27,1035.87,Gold,Mumbai,Net Banking
C1146,O64399,2025-07-04,Groceries,Milk,3,1915,12,5055.6,Gold,Chennai,UPI
C1356,O43175,2026-02-18,Fashion,Jeans,4,4293,7,15969.96,Silver,Hyderabad,Net Banking
C1041,O23503,2026-05-05,Sports,Yoga Mat,3,5411,23,12499.41,Silver,Mumbai,Wallet
C1888,O78603,2026-01-18,Electronics,Smartphone,3,20991,26,46600.02,Gold,Mumbai,UPI
C1327,O80352,2026-02-05,Sports,Yoga Mat,5,8156,3,39556.6,Platinum,Chennai,UPI
C1179,O92004,2025-11-13,Groceries,Eggs,4,1172,23,3609.76,Silver,Delhi,Net Banking
C1471,O76343,2026-04-04,Beauty,Face Wash,1,4356,17,3615.48,Gold,Mumbai,Credit Card
C1773,O30086,2026-04-10,Sports,Football,3,2870,24,6543.6,Platinum,Bangalore,Net Banking
C1675,O88769,2026-02-05,Home Decor,Carpet,3,4988,27,10923.72,Silver,Bangalore,UPI
C1952,O80436,2026-02-01,Beauty,Perfume,5,1032,6,4850.4,Silver,Chennai,Debit Card
C1671,O28399,2025-07-13,Home Decor,Wall Art,5,8110,30,28385.0,Gold,Delhi,Wallet
C1757,O47836,2026-02-13,Fashion,Shoes,4,4368,27,12754.56,Silver,Delhi,UPI
C1162,O21825,2026-03-03,Sports,Cricket Bat,1,6478,8,5959.76,Platinum,Bangalore,Credit Card
C1474,O41259,2025-06-11,Home Decor,Curtains,1,4868,28,3504.96,Platinum,Bangalore,Credit Card
C1366,O29916,2026-01-16,Electronics,Smartphone,1,83536,14,71840.96,Platinum,Pune,Debit Card
C1465,O30712,2026-03-08,Sports,Yoga Mat,5,1416,3,6867.6,Silver,Mumbai,Net Banking
C1161,O61008,2026-05-24,Fashion,Jeans,1,5064,26,3747.36,Gold,Pune,Wallet
C1180,O50134,2025-09-25,Home Decor,Wall Art,3,14808,2,43535.52,Platinum,Chennai,Wallet
C1914,O40421,2025-10-12,Electronics,Smart Watch,3,41932,18,103152.72,Platinum,Mumbai,Wallet
C1118,O39181,2025-08-01,Electronics,Headphones,5,58908,20,235632.0,Gold,Pune,Credit Card
C1299,O62613,2025-07-08,Groceries,Rice,3,2158,26,4790.76,Gold,Chennai,UPI
C1088,O51517,2025-07-17,Groceries,Bread,1,2626,1,2599.74,Gold,Delhi,Debit Card
C1718,O45605,2025-10-20,Groceries,Bread,4,1238,13,4308.24,Platinum,Hyderabad,UPI
C1401,O24978,2025-07-08,Groceries,Eggs,4,1158,21,3659.28,Silver,Delhi,Net Banking
C1121,O64627,2025-12-31,Beauty,Face Wash,1,3334,17,2767.22,Silver,Mumbai,Credit Card
C1046,O73712,2025-11-01,Sports,Yoga Mat,4,3265,17,10839.8,Gold,Pune,Debit Card
C1187,O80317,2026-06-04,Beauty,Perfume,1,5232,21,4133.28,Platinum,Chennai,Wallet
C1282,O50647,2025-10-30,Sports,Cricket Bat,4,13446,19,43565.04,Platinum,Delhi,Credit Card
C1021,O75501,2025-12-28,Fashion,Jeans,3,4467,3,12998.97,Gold,Delhi,Net Banking
C1145,O55110,2025-12-13,Beauty,Shampoo,3,2368,28,5114.88,Silver,Pune,Wallet
C1966,O26239,2026-02-16,Fashion,Jeans,5,4074,4,19555.2,Silver,Hyderabad,Wallet
C1835,O86310,2025-08-17,Sports,Cricket Bat,1,564,0,564.0,Silver,Hyderabad,Debit Card
C1954,O65483,2025-08-31,Beauty,Perfume,5,1115,13,4850.25,Silver,Delhi,Credit Card
C1421,O30132,2025-07-10,Sports,Yoga Mat,3,11973,5,34123.05,Gold,Chennai,Credit Card
C1764,O73693,2025-12-20,Groceries,Milk,2,1734,8,3190.56,Gold,Bangalore,Wallet
C1236,O21054,2025-07-26,Electronics,Smartphone,5,57645,2,282460.5,Gold,Chennai,Wallet
C1661,O49306,2025-06-09,Home Decor,Carpet,2,13830,19,22404.6,Gold,Hyderabad,Debit Card
C1006,O41396,2025-06-15,Fashion,Jacket,3,973,27,2130.87,Silver,Chennai,Net Banking
C1709,O93017,2026-01-19,Sports,Yoga Mat,3,1477,0,4431.0,Gold,Mumbai,UPI
C1515,O91304,2025-06-15,Sports,Football,4,7400,13,25752.0,Platinum,Bangalore,Wallet
C1760,O50857,2025-09-15,Electronics,Laptop,3,7548,4,21738.24,Silver,Delhi,Wallet
C1602,O65940,2025-10-03,Sports,Yoga Mat,1,3114,27,2273.22,Silver,Chennai,Wallet
C1811,O51778,2025-12-27,Fashion,T-Shirt,1,4572,0,4572.0,Silver,Mumbai,Debit Card
C1440,O57995,2025-07-23,Electronics,Smartphone,2,20670,17,34312.2,Gold,Bangalore,Wallet
C1127,O13561,2025-06-18,Fashion,Jacket,5,1263,15,5367.75,Gold,Mumbai,Credit Card
C1391,O35064,2025-10-08,Home Decor,Carpet,3,2174,7,6065.46,Silver,Delhi,Debit Card
C1444,O22159,2025-11-30,Beauty,Shampoo,1,5455,9,4964.05,Gold,Chennai,Credit Card
C1662,O76671,2025-10-16,Electronics,Laptop,2,27080,28,38995.2,Platinum,Chennai,Credit Card
C1901,O28644,2025-08-04,Groceries,Milk,5,354,25,1327.5,Platinum,Chennai,Debit Card
C1219,O89670,2025-10-22,Fashion,Jeans,4,5205,16,17488.8,Gold,Chennai,Debit Card
C1472,O75745,2025-10-21,Home Decor,Wall Art,5,5670,3,27499.5,Gold,Delhi,Wallet
C1009,O80835,2025-08-29,Groceries,Eggs,5,1282,21,5063.9,Platinum,Chennai,Wallet
C1483,O41967,2025-12-30,Sports,Dumbbells,5,7904,7,36753.6,Silver,Mumbai,Wallet
C1179,O65169,2026-05-06,Electronics,Headphones,1,52905,13,46027.35,Gold,Delhi,Credit Card
C1249,O63851,2025-11-10,Beauty,Face Wash,1,2245,24,1706.2,Silver,Bangalore,Credit Card
C1780,O13048,2026-02-18,Groceries,Eggs,2,3420,23,5266.8,Platinum,Delhi,UPI
C1798,O24900,2026-05-05,Groceries,Eggs,1,217,27,158.41,Gold,Bangalore,Debit Card
C1491,O61739,2026-06-02,Beauty,Face Wash,2,7224,19,11702.88,Platinum,Bangalore,Net Banking
C1683,O15498,2026-04-05,Beauty,Perfume,1,4942,0,4942.0,Silver,Chennai,Debit Card
C1402,O72516,2026-02-17,Beauty,Face Wash,3,2654,8,7325.04,Silver,Chennai,Net Banking
C1382,O10199,2025-11-22,Sports,Cricket Bat,3,3072,1,9123.84,Platinum,Bangalore,UPI
C1581,O43692,2025-10-19,Home Decor,Lamp,3,4527,12,11951.28,Silver,Delhi,UPI
C1784,O71154,2025-07-06,Electronics,Laptop,1,44770,29,31786.7,Silver,Mumbai,Net Banking
C1197,O99481,2025-10-23,Beauty,Face Wash,3,2033,23,4696.23,Silver,Hyderabad,UPI
C1565,O18043,2025-07-23,Electronics,Smart Watch,5,85234,16,357982.8,Platinum,Delhi,Wallet
C1609,O80349,2025-07-18,Home Decor,Curtains,4,16586,17,55065.52,Platinum,Mumbai,Credit Card
C1503,O43121,2025-09-07,Electronics,Laptop,4,21999,30,61597.2,Gold,Mumbai,Wallet
C1415,O40075,2025-10-02,Fashion,Shoes,2,6292,20,10067.2,Platinum,Pune,Credit Card
C1428,O87098,2026-04-11,Electronics,Smartphone,3,86384,17,215096.16,Platinum,Mumbai,Credit Card
C1634,O72265,2026-01-02,Fashion,Shoes,4,858,6,3226.08,Silver,Pune,Wallet
C1014,O46108,2025-12-30,Beauty,Shampoo,4,5745,24,17464.8,Gold,Bangalore,Wallet
C1423,O52673,2026-01-25,Beauty,Moisturizer,5,843,3,4088.55,Gold,Chennai,Debit Card
C1349,O17479,2026-05-21,Fashion,Jacket,5,4450,11,19802.5,Gold,Chennai,Net Banking
C1221,O38057,2025-12-29,Home Decor,Wall Art,4,14132,16,47483.52,Platinum,Pune,Net Banking
C1967,O18293,2025-10-28,Beauty,Moisturizer,5,4862,30,17017.0,Silver,Pune,UPI
C1985,O59970,2026-01-31,Electronics,Smartphone,5,8278,19,33525.9,Silver,Chennai,Net Banking
C1883,O49445,2025-12-09,Beauty,Perfume,4,6972,19,22589.28,Platinum,Chennai,UPI
C1313,O70804,2025-11-28,Home Decor,Curtains,2,6967,9,12679.94,Silver,Bangalore,Wallet
C1685,O68641,2025-08-03,Electronics,Smartphone,2,53492,19,86657.04,Platinum,Chennai,Net Banking
C1377,O75466,2026-05-02,Groceries,Eggs,4,768,21,2426.88,Platinum,Pune,UPI
C1062,O26923,2026-03-15,Electronics,Headphones,1,37368,29,26531.28,Silver,Hyderabad,UPI
C1659,O28173,2025-10-01,Sports,Yoga Mat,4,6475,20,20720.0,Gold,Pune,Credit Card
C1376,O43020,2026-06-02,Beauty,Shampoo,3,6096,24,13898.88,Platinum,Bangalore,Debit Card
C1244,O88406,2025-09-07,Fashion,Jeans,2,2345,29,3329.9,Silver,Pune,UPI
C1125,O10411,2025-06-15,Groceries,Milk,4,2688,22,8386.56,Gold,Mumbai,UPI
C1319,O55472,2025-11-12,Sports,Cricket Bat,4,7881,9,28686.84,Gold,Bangalore,Debit Card
C1387,O15515,2025-06-19,Fashion,Jeans,3,528,22,1235.52,Silver,Pune,Credit Card
C1146,O84084,2026-03-20,Sports,Football,2,4508,8,8294.72,Platinum,Chennai,Debit Card
C1232,O84399,2025-07-03,Sports,Football,4,14968,1,59273.28,Platinum,Bangalore,Net Banking
C1257,O61864,2026-02-08,Groceries,Rice,4,3070,29,8718.8,Platinum,Delhi,Net Banking
C1667,O27402,2026-01-31,Groceries,Milk,5,2946,21,11636.7,Platinum,Chennai,Debit Card
C1932,O35611,2025-12-13,Sports,Yoga Mat,4,9916,14,34111.04,Gold,Delhi,Credit Card
C1970,O11247,2025-10-07,Groceries,Rice,2,1214,2,2379.44,Platinum,Mumbai,Debit Card
C1408,O75399,2026-06-03,Beauty,Perfume,3,1042,14,2688.36,Platinum,Delhi,Credit Card
C1202,O40498,2026-04-24,Home Decor,Lamp,1,3006,5,2855.7,Silver,Delhi,UPI
C1517,O15679,2025-11-08,Fashion,Shoes,1,5514,21,4356.06,Gold,Mumbai,UPI
C1363,O22512,2026-03-17,Home Decor,Wall Art,2,10164,8,18701.76,Platinum,Chennai,UPI
C1414,O76410,2025-06-17,Beauty,Perfume,2,3829,16,6432.72,Gold,Hyderabad,Debit Card
C1482,O18940,2025-06-27,Sports,Yoga Mat,3,3967,2,11662.98,Gold,Chennai,UPI
C1859,O48066,2026-01-08,Beauty,Moisturizer,3,1960,1,5821.2,Silver,Bangalore,Net Banking
C1851,O93716,2025-12-17,Fashion,Jeans,4,867,19,2809.08,Silver,Delhi,Wallet
C1818,O43471,2025-09-21,Home Decor,Lamp,1,1728,19,1399.68,Silver,Mumbai,Net Banking
C1687,O90935,2025-11-20,Fashion,Jacket,4,3918,22,12224.16,Platinum,Chennai,Net Banking
C1374,O79358,2026-04-13,Home Decor,Curtains,2,14278,3,27699.32,Platinum,Mumbai,UPI
C1173,O85410,2025-10-26,Electronics,Smartphone,3,16002,19,38884.86,Platinum,Mumbai,Credit Card
C1430,O97677,2026-03-15,Groceries,Bread,1,2846,5,2703.7,Platinum,Chennai,Net Banking
C1973,O86865,2026-05-31,Fashion,T-Shirt,2,9812,24,14914.24,Platinum,Chennai,Net Banking
C1788,O83185,2025-11-05,Home Decor,Lamp,4,3339,24,10150.56,Gold,Chennai,Credit Card
C1013,O44093,2025-10-07,Electronics,Headphones,2,18958,8,34882.72,Gold,Chennai,UPI
C1278,O53446,2025-11-03,Sports,Yoga Mat,3,3088,19,7503.84,Gold,Mumbai,Debit Card
C1785,O88880,2025-09-10,Electronics,Smart Watch,2,23247,3,45099.18,Gold,Mumbai,Credit Card
C1842,O27594,2025-08-20,Fashion,T-Shirt,2,1343,19,2175.66,Silver,Hyderabad,Net Banking
C1367,O43516,2026-01-26,Beauty,Moisturizer,4,686,13,2387.28,Silver,Chennai,Credit Card
C1300,O79373,2026-03-19,Fashion,Jeans,1,3615,27,2638.95,Gold,Delhi,Net Banking
C1953,O45021,2025-07-01,Fashion,Shoes,4,3371,0,13484.0,Silver,Delhi,Net Banking
C1621,O77720,2025-08-20,Electronics,Laptop,3,25887,13,67565.07,Gold,Bangalore,Credit Card
C1637,O14595,2025-08-15,Groceries,Rice,4,2264,30,6339.2,Platinum,Pune,UPI
C1759,O24078,2025-11-23,Beauty,Face Wash,3,4462,30,9370.2,Gold,Bangalore,Wallet
C1587,O24569,2026-03-05,Groceries,Bread,5,1855,3,8996.75,Gold,Hyderabad,Credit Card
C1872,O53338,2025-08-01,Groceries,Eggs,3,269,18,661.74,Silver,Bangalore,Credit Card
C1056,O98846,2025-09-05,Beauty,Face Wash,2,3551,9,6462.82,Silver,Mumbai,Credit Card
C1111,O82717,2025-08-27,Electronics,Headphones,5,8187,0,40935.0,Gold,Hyderabad,Net Banking
C1774,O20102,2025-10-06,Home Decor,Carpet,3,14670,30,30807.0,Platinum,Hyderabad,UPI
C1648,O49010,2026-05-25,Groceries,Milk,3,3180,3,9253.8,Platinum,Hyderabad,Wallet
C1917,O26254,2025-07-04,Beauty,Shampoo,2,5932,29,8423.44,Platinum,Chennai,Credit Card
C1607,O74235,2025-08-12,Fashion,Shoes,2,4315,23,6645.1,Silver,Delhi,Net Banking
C1567,O25235,2026-04-21,Sports,Football,1,1162,4,1115.52,Silver,Chennai,Wallet
C1799,O42119,2026-03-30,Beauty,Moisturizer,4,5520,4,21196.8,Platinum,Mumbai,UPI
C1770,O98480,2025-07-02,Fashion,Jeans,1,3342,26,2473.08,Platinum,Chennai,Debit Card
C1418,O36378,2026-05-16,Groceries,Eggs,4,3774,15,12831.6,Platinum,Bangalore,Debit Card
C1502,O40748,2026-01-15,Groceries,Rice,5,248,8,1140.8,Silver,Mumbai,Net Banking
C1200,O54001,2025-09-13,Home Decor,Curtains,4,13678,17,45410.96,Gold,Bangalore,Net Banking
C1270,O88705,2026-01-29,Groceries,Milk,5,322,12,1416.8,Gold,Pune,UPI
C1263,O40416,2025-11-13,Groceries,Bread,5,2378,28,8560.8,Platinum,Mumbai,Wallet
C1054,O86816,2025-07-28,Beauty,Moisturizer,5,1189,9,5409.95,Gold,Delhi,Debit Card
C1921,O93572,2026-03-12,Sports,Cricket Bat,2,6735,17,11180.1,Silver,Hyderabad,Net Banking
C1392,O93290,2025-08-14,Beauty,Moisturizer,5,7404,11,32947.8,Gold,Hyderabad,Wallet
C1282,O91718,2026-04-08,Fashion,Jacket,4,6282,23,19348.56,Gold,Delhi,Wallet
C1159,O76291,2025-12-14,Beauty,Shampoo,1,1063,6,999.22,Silver,Bangalore,Net Banking
C1258,O46908,2026-05-18,Sports,Yoga Mat,3,1188,30,2494.8,Gold,Chennai,UPI
C1331,O50129,2026-04-16,Beauty,Moisturizer,1,2454,15,2085.9,Silver,Delhi,Debit Card
C1488,O68864,2025-06-26,Fashion,Jeans,3,6158,25,13855.5,Platinum,Chennai,Debit Card
C1239,O63517,2026-02-12,Beauty,Shampoo,4,4569,28,13158.72,Silver,Delhi,UPI
C1248,O84400,2025-10-17,Fashion,Jacket,3,5361,2,15761.34,Gold,Bangalore,Credit Card
C1498,O15992,2025-07-23,Beauty,Moisturizer,3,8496,0,25488.0,Platinum,Pune,Wallet
C1155,O44950,2025-09-18,Fashion,Jeans,2,1147,23,1766.38,Silver,Mumbai,Credit Card
C1912,O25293,2025-11-19,Fashion,Shoes,5,4642,27,16943.3,Silver,Chennai,Wallet
C1323,O62418,2026-05-06,Electronics,Headphones,2,93930,23,144652.2,Platinum,Pune,UPI
C1475,O86288,2025-11-05,Fashion,Jacket,2,2728,15,4637.6,Silver,Mumbai,UPI
C1480,O96439,2025-12-25,Home Decor,Carpet,2,8111,28,11679.84,Silver,Hyderabad,UPI
C1487,O68863,2025-11-28,Electronics,Smart Watch,2,65449,12,115190.24,Gold,Chennai,Debit Card
C1589,O25413,2026-03-13,Home Decor,Carpet,2,7987,10,14376.6,Silver,Mumbai,UPI
C1715,O83704,2025-09-08,Sports,Yoga Mat,2,5012,0,10024.0,Platinum,Delhi,Debit Card
C1617,O19156,2025-10-30,Groceries,Bread,5,1168,0,5840.0,Gold,Delhi,Wallet
C1793,O98014,2025-10-12,Groceries,Rice,4,216,30,604.8,Platinum,Chennai,UPI
C1496,O30967,2026-02-05,Electronics,Smart Watch,4,97262,11,346252.72,Platinum,Bangalore,Credit Card
C1069,O52303,2025-09-05,Home Decor,Carpet,4,13316,1,52731.36,Platinum,Mumbai,Credit Card
C1092,O96715,2026-03-27,Groceries,Bread,5,2469,19,9999.45,Gold,Bangalore,Credit Card
C1796,O71633,2026-02-11,Home Decor,Lamp,4,1262,11,4492.72,Silver,Hyderabad,Debit Card
C1889,O92832,2026-01-07,Fashion,Jeans,4,4209,27,12290.28,Silver,Pune,Credit Card
C1848,O48614,2025-10-30,Sports,Dumbbells,3,4512,21,10693.44,Gold,Hyderabad,Wallet
C1946,O70405,2026-06-02,Beauty,Shampoo,3,9590,9,26180.7,Platinum,Bangalore,UPI
C1089,O99720,2026-03-30,Home Decor,Wall Art,5,19386,29,68820.3,Platinum,Hyderabad,Net Banking
C1564,O86015,2025-11-17,Sports,Football,2,4873,7,9063.78,Gold,Bangalore,Debit Card
C1337,O98607,2025-11-11,Sports,Dumbbells,2,1848,7,3437.28,Gold,Mumbai,Debit Card
C1507,O95648,2025-10-12,Fashion,Jeans,3,8652,23,19986.12,Platinum,Chennai,UPI
C1257,O69608,2025-12-26,Home Decor,Curtains,5,4362,29,15485.1,Gold,Mumbai,Wallet
C1355,O39591,2026-01-31,Groceries,Rice,5,1641,25,6153.75,Silver,Bangalore,Credit Card
C1941,O60567,2026-01-29,Groceries,Eggs,1,3582,6,3367.08,Platinum,Hyderabad,UPI
C1537,O69347,2025-11-30,Beauty,Perfume,2,6754,14,11616.88,Gold,Bangalore,UPI
C1943,O99824,2026-04-05,Beauty,Face Wash,2,1804,3,3499.76,Platinum,Mumbai,Credit Card
C1606,O93777,2025-10-24,Home Decor,Wall Art,4,7984,25,23952.0,Silver,Bangalore,Wallet
C1503,O43618,2026-03-12,Sports,Dumbbells,3,6859,0,20577.0,Gold,Bangalore,Credit Card
C1011,O58860,2026-02-19,Home Decor,Lamp,5,10620,27,38763.0,Platinum,Mumbai,UPI
C1962,O36535,2026-03-05,Home Decor,Curtains,3,4253,11,11355.51,Silver,Mumbai,Wallet
C1235,O55326,2026-04-11,Electronics,Smart Watch,1,17420,23,13413.4,Silver,Chennai,Credit Card
C1067,O69353,2025-07-28,Home Decor,Carpet,1,10714,19,8678.34,Gold,Bangalore,Wallet
C1924,O76935,2025-07-31,Fashion,Shoes,2,4259,17,7069.94,Silver,Delhi,Credit Card
C1594,O90629,2025-10-08,Home Decor,Carpet,3,6164,4,17752.32,Platinum,Chennai,Net Banking
C1619,O32203,2026-02-06,Fashion,Jeans,1,3348,22,2611.44,Gold,Hyderabad,Net Banking
C1116,O16432,2025-06-22,Fashion,Shoes,1,2868,5,2724.6,Silver,Chennai,Wallet
C1920,O85639,2026-04-28,Home Decor,Lamp,5,5750,18,23575.0,Platinum,Bangalore,Debit Card
C1874,O24253,2026-05-01,Groceries,Eggs,3,514,15,1310.7,Gold,Bangalore,Wallet
C1303,O23755,2025-08-06,Beauty,Perfume,1,4687,11,4171.43,Gold,Hyderabad,Credit Card
C1128,O84098,2025-09-21,Home Decor,Lamp,5,10930,26,40441.0,Gold,Mumbai,UPI
C1598,O50544,2026-04-13,Sports,Cricket Bat,2,7866,23,12113.64,Gold,Mumbai,Debit Card
C1832,O53615,2026-01-05,Home Decor,Lamp,4,11973,26,35440.08,Gold,Chennai,UPI
C1117,O30452,2025-11-12,Sports,Yoga Mat,2,5790,4,11116.8,Silver,Pune,Net Banking
C1203,O76572,2025-09-23,Beauty,Perfume,3,2860,3,8322.6,Silver,Chennai,Credit Card
C1956,O93440,2025-11-05,Electronics,Smart Watch,1,6334,6,5953.96,Silver,Bangalore,Net Banking
C1244,O54495,2025-11-04,Fashion,Jacket,2,4543,8,8359.12,Gold,Delhi,Net Banking
C1522,O53605,2026-05-04,Sports,Dumbbells,2,1214,7,2258.04,Silver,Bangalore,Net Banking
C1977,O64110,2025-06-12,Home Decor,Wall Art,1,7390,8,6798.8,Gold,Mumbai,Wallet
C1272,O45890,2025-11-21,Electronics,Laptop,5,23514,30,82299.0,Silver,Chennai,Net Banking
C1747,O82297,2026-04-17,Fashion,Jacket,1,2060,2,2018.8,Platinum,Hyderabad,Wallet
C1864,O78946,2026-02-26,Fashion,T-Shirt,3,6957,1,20662.29,Gold,Delhi,Debit Card
C1398,O40090,2025-06-28,Home Decor,Carpet,2,5778,12,10169.28,Silver,Delhi,UPI
C1528,O21933,2026-06-04,Home Decor,Curtains,2,12732,9,23172.24,Gold,Mumbai,Wallet
C1731,O88997,2026-03-01,Electronics,Smart Watch,5,63405,28,228258.0,Gold,Chennai,UPI
C1476,O42321,2025-09-08,Beauty,Face Wash,5,5814,12,25581.6,Platinum,Bangalore,Wallet
C1354,O81556,2025-07-29,Beauty,Perfume,1,8528,12,7504.64,Platinum,Bangalore,Wallet
C1924,O19394,2026-03-06,Electronics,Smartphone,4,32816,2,128638.72,Silver,Pune,Credit Card
C1597,O18759,2026-01-07,Sports,Dumbbells,3,9606,27,21037.14,Platinum,Mumbai,Net Banking
C1821,O88554,2025-09-04,Fashion,Jacket,3,4560,14,11764.8,Silver,Mumbai,Debit Card
C1991,O79384,2025-10-05,Groceries,Eggs,5,2431,30,8508.5,Gold,Mumbai,Debit Card
C1374,O69508,2025-07-02,Fashion,T-Shirt,3,3654,0,10962.0,Silver,Bangalore,Debit Card
C1565,O52523,2026-04-20,Sports,Dumbbells,4,3298,29,9366.32,Platinum,Bangalore,Wallet
C1681,O78195,2026-02-05,Fashion,T-Shirt,4,3528,15,11995.2,Platinum,Bangalore,Debit Card
C1246,O69279,2026-02-08,Electronics,Laptop,5,14781,10,66514.5,Silver,Bangalore,Wallet
C1524,O62755,2025-10-11,Home Decor,Lamp,4,5420,17,17994.4,Platinum,Chennai,Net Banking
C1733,O83919,2025-06-10,Sports,Yoga Mat,2,9555,0,19110.0,Gold,Mumbai,Debit Card
C1140,O49726,2025-08-24,Sports,Yoga Mat,5,1782,7,8286.3,Platinum,Pune,Net Banking
C1035,O62640,2025-06-16,Home Decor,Lamp,3,13662,7,38116.98,Gold,Delhi,Wallet
C1202,O77904,2026-02-23,Home Decor,Curtains,3,16412,8,45297.12,Platinum,Bangalore,Net Banking
C1139,O56293,2025-06-24,Fashion,Shoes,3,4936,27,10809.84,Silver,Mumbai,Credit Card
C1379,O47035,2025-07-23,Home Decor,Carpet,1,9579,8,8812.68,Gold,Delhi,Wallet
C1786,O99464,2025-10-06,Beauty,Shampoo,4,757,5,2876.6,Silver,Bangalore,Net Banking
C1183,O67333,2025-08-11,Groceries,Milk,4,1964,29,5577.76,Silver,Bangalore,Wallet
C1841,O73562,2026-04-10,Electronics,Smartphone,5,28300,7,131595.0,Gold,Hyderabad,Credit Card
C1509,O39376,2026-02-07,Beauty,Moisturizer,1,2262,21,1786.98,Platinum,Mumbai,Debit Card
C1148,O89731,2026-04-16,Fashion,Shoes,1,1066,6,1002.04,Platinum,Chennai,Net Banking
C1392,O87017,2025-07-25,Fashion,Shoes,3,1500,6,4230.0,Silver,Mumbai,Credit Card
C1446,O98353,2026-01-18,Beauty,Face Wash,5,1313,10,5908.5,Silver,Bangalore,UPI
C1017,O41964,2026-01-02,Groceries,Bread,2,1377,12,2423.52,Gold,Chennai,UPI
C1409,O56829,2025-08-19,Groceries,Rice,3,531,13,1385.91,Silver,Hyderabad,Net Banking
C1195,O29082,2025-09-24,Beauty,Perfume,2,2728,19,4419.36,Platinum,Bangalore,Debit Card
C1402,O72920,2025-07-12,Electronics,Headphones,4,36673,25,110019.0,Gold,Chennai,UPI
C1299,O89615,2025-12-24,Home Decor,Carpet,2,6175,11,10991.5,Silver,Hyderabad,Net Banking
C1682,O84470,2025-12-13,Sports,Cricket Bat,2,15174,0,30348.0,Platinum,Chennai,UPI
C1525,O79230,2026-05-10,Electronics,Smart Watch,5,45610,22,177879.0,Platinum,Bangalore,Wallet
C1875,O72822,2026-03-25,Beauty,Perfume,1,754,25,565.5,Silver,Bangalore,Debit Card
C1322,O48108,2026-03-05,Fashion,Jeans,2,9474,9,17242.68,Platinum,Delhi,Net Banking
C1376,O70961,2026-04-28,Groceries,Bread,5,872,21,3444.4,Silver,Hyderabad,Wallet
C1378,O13813,2026-06-02,Electronics,Smartphone,4,14603,25,43809.0,Silver,Chennai,Net Banking
C1735,O66348,2025-12-16,Home Decor,Curtains,5,5584,11,24848.8,Gold,Delhi,Net Banking
C1177,O72626,2026-04-26,Beauty,Face Wash,2,4141,17,6874.06,Silver,Chennai,Net Banking
C1391,O27867,2026-05-11,Fashion,T-Shirt,2,1597,6,3002.36,Gold,Hyderabad,Wallet
C1092,O56555,2026-04-18,Groceries,Rice,3,639,1,1897.83,Gold,Chennai,UPI
C1716,O16460,2025-11-03,Groceries,Eggs,1,1438,7,1337.34,Platinum,Pune,Wallet
C1317,O47852,2026-04-26,Electronics,Laptop,3,29571,5,84277.35,Silver,Delhi,Wallet
C1168,O73335,2025-09-23,Groceries,Milk,1,1950,9,1774.5,Silver,Chennai,Wallet
C1848,O26706,2025-07-02,Home Decor,Lamp,1,12846,11,11432.94,Gold,Hyderabad,UPI
C1374,O17383,2025-11-22,Groceries,Bread,5,1093,22,4262.7,Gold,Bangalore,Net Banking
C1286,O92190,2025-12-17,Groceries,Eggs,1,3218,17,2670.94,Platinum,Delhi,Net Banking
C1265,O52802,2026-01-23,Home Decor,Lamp,4,14475,25,43425.0,Gold,Hyderabad,Wallet
C1002,O97192,2025-07-02,Home Decor,Carpet,3,6205,11,16567.35,Gold,Hyderabad,UPI
C1295,O32761,2026-04-25,Electronics,Laptop,4,32846,13,114304.08,Platinum,Delhi,Wallet
C1147,O26983,2025-10-14,Home Decor,Wall Art,5,9056,12,39846.4,Silver,Delhi,Credit Card
C1673,O89958,2025-12-20,Electronics,Laptop,3,45816,26,101711.52,Gold,Pune,UPI
C1026,O57615,2025-08-04,Fashion,T-Shirt,2,3218,6,6049.84,Platinum,Mumbai,Credit Card
C1679,O38461,2025-07-13,Electronics,Headphones,1,48970,2,47990.6,Silver,Pune,Net Banking
C1692,O56214,2026-04-09,Home Decor,Lamp,5,3713,27,13552.45,Silver,Mumbai,UPI
C1940,O30109,2026-04-14,Sports,Football,5,4644,17,19272.6,Silver,Mumbai,Credit Card
C1357,O33739,2025-08-10,Home Decor,Lamp,5,4490,11,19980.5,Silver,Hyderabad,Wallet
C1901,O82918,2025-12-13,Groceries,Rice,4,2602,10,9367.2,Gold,Delhi,UPI
C1039,O46039,2026-04-07,Groceries,Milk,5,456,2,2234.4,Platinum,Hyderabad,Wallet
C1651,O68463,2026-04-29,Electronics,Smart Watch,5,47780,26,176786.0,Platinum,Chennai,Credit Card
C1041,O14059,2026-03-11,Electronics,Smartphone,4,31826,29,90385.84,Platinum,Hyderabad,Debit Card
C1340,O40776,2026-04-17,Home Decor,Lamp,3,6940,14,17905.2,Silver,Delhi,Net Banking
C1031,O15923,2025-07-22,Electronics,Smartphone,5,65438,9,297742.9,Platinum,Delhi,Wallet
C1243,O19411,2026-03-22,Fashion,Shoes,4,909,7,3381.48,Silver,Mumbai,Credit Card
C1597,O16130,2025-11-18,Fashion,Jacket,4,3387,26,10025.52,Silver,Chennai,Debit Card
C1399,O99804,2025-08-20,Electronics,Smartphone,3,22024,19,53518.32,Silver,Chennai,UPI
C1033,O32001,2026-01-05,Fashion,Shoes,5,6608,5,31388.0,Platinum,Chennai,Credit Card
C1428,O95087,2025-11-20,Groceries,Eggs,2,579,16,972.72,Gold,Mumbai,Credit Card
C1359,O64462,2025-07-26,Home Decor,Lamp,3,5590,7,15596.1,Silver,Hyderabad,Debit Card
C1763,O20684,2026-01-27,Fashion,Jeans,5,9798,11,43601.1,Platinum,Bangalore,Net Banking
C1330,O59732,2025-08-26,Groceries,Eggs,1,674,26,498.76,Silver,Delhi,Credit Card
C1142,O90380,2025-12-18,Fashion,T-Shirt,3,4834,4,13921.92,Platinum,Delhi,Debit Card
C1241,O80180,2026-04-14,Electronics,Smartphone,3,43542,30,91438.2,Platinum,Hyderabad,Net Banking
C1198,O94469,2025-09-24,Groceries,Milk,2,3662,28,5273.28,Platinum,Delhi,Debit Card
C1979,O36756,2025-12-30,Electronics,Laptop,3,37816,1,112313.52,Gold,Bangalore,UPI
C1511,O41295,2026-04-26,Groceries,Rice,4,1038,4,3985.92,Gold,Bangalore,Credit Card
C1072,O25987,2025-08-05,Sports,Yoga Mat,3,7766,22,18172.44,Silver,Pune,Credit Card
C1618,O82867,2025-06-10,Fashion,Jacket,3,1188,30,2494.8,Gold,Bangalore,Net Banking
C1662,O71104,2026-06-01,Home Decor,Lamp,2,8262,12,14541.12,Gold,Bangalore,Net Banking
C1034,O29266,2026-04-08,Home Decor,Carpet,3,9955,4,28670.4,Silver,Bangalore,Net Banking
C1134,O10120,2025-07-30,Sports,Dumbbells,2,10764,25,16146.0,Gold,Bangalore,Net Banking
C1939,O58888,2025-08-11,Beauty,Moisturizer,1,3215,19,2604.15,Silver,Mumbai,Net Banking
C1212,O49852,2025-12-26,Beauty,Moisturizer,2,1696,6,3188.48,Silver,Delhi,Credit Card
C1473,O25443,2026-04-22,Fashion,Shoes,3,1488,26,3303.36,Silver,Pune,Debit Card
C1951,O55041,2026-04-18,Fashion,Jeans,5,3482,17,14450.3,Platinum,Delhi,UPI
C1874,O90603,2025-08-12,Sports,Yoga Mat,3,7357,17,18318.93,Gold,Hyderabad,Debit Card
C1587,O21102,2025-11-28,Home Decor,Lamp,5,1123,28,4042.8,Silver,Delhi,Wallet
C1002,O12873,2026-03-18,Electronics,Smart Watch,2,29139,4,55946.88,Silver,Delhi,UPI
C1036,O96872,2026-04-13,Fashion,Jeans,1,6696,20,5356.8,Gold,Hyderabad,Debit Card
C1715,O62971,2025-07-11,Beauty,Moisturizer,3,6940,7,19362.6,Gold,Mumbai,UPI
C1358,O70012,2025-10-24,Beauty,Face Wash,2,2788,20,4460.8,Gold,Chennai,Wallet
C1355,O67333,2026-01-14,Beauty,Moisturizer,3,7467,8,20608.92,Gold,Delhi,Debit Card
C1477,O35257,2025-07-14,Electronics,Headphones,5,55658,15,236546.5,Platinum,Delhi,Credit Card
C1025,O33855,2025-08-25,Sports,Yoga Mat,2,6081,11,10824.18,Gold,Pune,Debit Card
C1016,O12002,2025-11-10,Groceries,Bread,1,961,28,691.92,Gold,Hyderabad,Credit Card
C1233,O90814,2026-04-16,Sports,Football,5,14104,23,54300.4,Platinum,Mumbai,UPI
C1509,O31384,2025-06-25,Fashion,Shoes,1,1555,9,1415.05,Silver,Mumbai,Credit Card
C1027,O86859,2025-08-27,Beauty,Shampoo,2,6308,11,11228.24,Platinum,Mumbai,Wallet
C1426,O36763,2026-05-20,Home Decor,Carpet,1,8388,4,8052.48,Silver,Delhi,Debit Card
C1524,O88191,2026-04-24,Groceries,Milk,2,3800,12,6688.0,Platinum,Delhi,Wallet
C1741,O64890,2025-08-17,Sports,Cricket Bat,3,9650,12,25476.0,Platinum,Bangalore,Credit Card
C1921,O38763,2026-02-12,Home Decor,Carpet,3,19830,26,44022.6,Platinum,Hyderabad,Net Banking
C1899,O14258,2026-01-15,Beauty,Moisturizer,3,6448,4,18570.24,Gold,Delhi,Wallet
C1409,O60364,2025-10-26,Sports,Dumbbells,4,947,29,2689.48,Silver,Pune,Net Banking
C1339,O65964,2026-04-06,Groceries,Milk,2,374,29,531.08,Platinum,Delhi,Wallet
C1639,O62545,2025-08-07,Beauty,Face Wash,1,5106,11,4544.34,Platinum,Hyderabad,Net Banking
C1910,O87741,2025-12-15,Sports,Yoga Mat,3,3402,5,9695.7,Platinum,Bangalore,Credit Card
C1705,O27107,2025-06-10,Sports,Yoga Mat,1,6009,12,5287.92,Gold,Hyderabad,Wallet
C1990,O52073,2025-08-01,Groceries,Bread,3,675,28,1458.0,Silver,Mumbai,Wallet
C1762,O41797,2026-01-21,Sports,Cricket Bat,3,5356,7,14943.24,Platinum,Delhi,Net Banking
C1160,O35092,2025-08-15,Sports,Cricket Bat,5,15776,28,56793.6,Platinum,Bangalore,Debit Card
C1780,O34190,2026-01-26,Fashion,Jeans,5,2118,14,9107.4,Platinum,Hyderabad,UPI
C1877,O66099,2025-08-24,Electronics,Smartphone,5,60046,14,258197.8,Platinum,Delhi,Debit Card
C1392,O25343,2026-01-16,Fashion,T-Shirt,3,3499,29,7452.87,Silver,Chennai,Wallet
C1016,O77034,2025-08-16,Groceries,Rice,2,2674,7,4973.64,Gold,Mumbai,Wallet
C1406,O21625,2025-08-12,Home Decor,Wall Art,2,3408,22,5316.48,Silver,Pune,Debit Card
C1408,O35329,2026-05-12,Beauty,Face Wash,5,8702,25,32632.5,Platinum,Bangalore,Wallet
C1114,O95177,2025-10-25,Fashion,Jacket,3,5604,27,12272.76,Gold,Chennai,Net Banking
C1636,O19358,2025-10-26,Electronics,Laptop,5,31973,19,129490.65,Silver,Pune,UPI
C1355,O66496,2025-11-13,Sports,Football,5,13154,5,62481.5,Platinum,Pune,Debit Card
C1429,O82023,2026-03-27,Home Decor,Carpet,3,10284,29,21904.92,Gold,Mumbai,Debit Card
C1054,O91348,2026-05-15,Fashion,Jeans,1,5298,21,4185.42,Platinum,Delhi,Net Banking
C1023,O56642,2026-03-20,Groceries,Rice,3,1430,24,3260.4,Silver,Chennai,Wallet
C1680,O63670,2026-04-25,Home Decor,Lamp,5,12600,29,44730.0,Platinum,Chennai,Debit Card
C1671,O49476,2025-09-24,Sports,Dumbbells,4,4753,24,14449.12,Silver,Pune,Debit Card
C1750,O96317,2025-09-30,Fashion,T-Shirt,2,3599,5,6838.1,Silver,Hyderabad,Credit Card
C1625,O66691,2026-06-04,Home Decor,Curtains,1,6940,17,5760.2,Platinum,Bangalore,Credit Card
C1447,O42082,2026-05-16,Groceries,Milk,1,1728,0,1728.0,Gold,Chennai,UPI
C1045,O65058,2025-12-25,Electronics,Laptop,5,40770,4,195696.0,Gold,Delhi,Debit Card
C1054,O57639,2025-06-17,Beauty,Face Wash,2,3525,26,5217.0,Gold,Delhi,Net Banking
C1430,O45217,2026-01-15,Sports,Yoga Mat,1,10616,20,8492.8,Platinum,Delhi,Credit Card
C1495,O28058,2025-06-22,Sports,Dumbbells,3,2301,26,5108.22,Gold,Pune,UPI
C1031,O91555,2026-01-02,Groceries,Rice,4,840,2,3292.8,Silver,Delhi,Debit Card
C1530,O74872,2026-02-15,Beauty,Perfume,2,4132,3,8016.08,Platinum,Bangalore,Net Banking
C1250,O82450,2026-02-08,Electronics,Headphones,5,55518,15,235951.5,Gold,Pune,Debit Card
C1780,O28740,2025-12-25,Beauty,Face Wash,4,877,15,2981.8,Silver,Mumbai,Debit Card
C1958,O32955,2026-03-16,Home Decor,Wall Art,5,8466,13,36827.1,Gold,Pune,UPI
C1030,O11514,2025-11-28,Beauty,Shampoo,2,9724,26,14391.52,Platinum,Mumbai,UPI
C1205,O49776,2026-03-18,Sports,Dumbbells,4,3275,13,11397.0,Silver,Hyderabad,Debit Card
C1988,O61048,2026-02-07,Beauty,Moisturizer,5,3342,10,15039.0,Gold,Chennai,Wallet
C1271,O67511,2025-11-01,Electronics,Smart Watch,4,66106,25,198318.0,Gold,Mumbai,UPI
C1607,O66129,2025-09-13,Fashion,T-Shirt,5,5575,18,22857.5,Gold,Delhi,Net Banking
C1067,O95677,2025-08-26,Electronics,Laptop,3,61626,30,129414.6,Platinum,Pune,Debit Card
C1494,O51605,2025-08-20,Sports,Cricket Bat,5,1378,6,6476.6,Silver,Pune,UPI
C1574,O39824,2025-06-10,Beauty,Face Wash,4,4816,15,16374.4,Platinum,Chennai,UPI
C1728,O73017,2025-12-25,Electronics,Smart Watch,2,9579,8,17625.36,Silver,Pune,UPI
C1438,O15162,2025-09-10,Sports,Football,2,1565,15,2660.5,Silver,Chennai,Wallet
C1081,O41281,2026-01-13,Electronics,Smart Watch,4,16826,18,55189.28,Silver,Mumbai,Debit Card
C1088,O41327,2026-02-01,Beauty,Moisturizer,1,5149,28,3707.28,Gold,Pune,UPI
C1489,O26940,2025-10-18,Fashion,T-Shirt,2,8820,15,14994.0,Platinum,Pune,Credit Card
C1301,O24336,2026-03-20,Sports,Dumbbells,5,3538,9,16097.9,Gold,Hyderabad,Wallet
C1168,O74613,2025-08-02,Home Decor,Carpet,3,5939,17,14788.11,Silver,Delhi,Debit Card
C1269,O21246,2025-11-26,Beauty,Face Wash,1,6637,26,4911.38,Gold,Bangalore,Net Banking
C1164,O26353,2026-04-15,Beauty,Shampoo,3,2221,26,4930.62,Silver,Mumbai,Wallet
C1378,O60985,2025-07-23,Sports,Cricket Bat,3,10322,8,28488.72,Platinum,Delhi,Wallet
C1030,O19492,2026-01-31,Electronics,Smart Watch,3,19069,24,43477.32,Silver,Bangalore,Debit Card
C1321,O50548,2025-06-14,Groceries,Milk,3,2420,16,6098.4,Platinum,Hyderabad,Net Banking
C1565,O23808,2025-12-31,Beauty,Perfume,5,5773,22,22514.7,Gold,Chennai,Credit Card
C1910,O52410,2025-09-21,Sports,Yoga Mat,1,1222,2,1197.56,Silver,Delhi,Debit Card
C1672,O29335,2026-01-17,Sports,Football,2,8890,17,14757.4,Platinum,Chennai,Wallet
C1232,O18331,2025-09-08,Groceries,Bread,1,1220,14,1049.2,Platinum,Bangalore,Net Banking
C1721,O74552,2025-07-16,Groceries,Rice,3,2258,10,6096.6,Platinum,Chennai,Debit Card
C1236,O26655,2026-03-25,Fashion,T-Shirt,3,1069,21,2533.53,Gold,Delhi,Credit Card
C1608,O82916,2026-04-08,Fashion,Jeans,1,7120,4,6835.2,Gold,Pune,Debit Card
C1152,O96295,2026-04-04,Beauty,Moisturizer,2,2654,3,5148.76,Platinum,Delhi,Credit Card
C1422,O25733,2026-02-02,Fashion,Shoes,3,3388,21,8029.56,Platinum,Pune,Credit Card
C1966,O74360,2025-09-11,Beauty,Face Wash,3,2746,10,7414.2,Platinum,Chennai,Credit Card
C1425,O19368,2026-05-28,Fashion,Jacket,3,2333,23,5389.23,Silver,Bangalore,UPI
C1393,O78274,2025-06-19,Sports,Football,4,4422,15,15034.8,Platinum,Bangalore,Credit Card
C1814,O93911,2026-01-02,Sports,Football,4,9484,2,37177.28,Platinum,Hyderabad,UPI
C1525,O96435,2026-01-27,Fashion,T-Shirt,2,4354,29,6182.68,Gold,Chennai,Credit Card
C1281,O95882,2026-02-12,Fashion,Jacket,3,9018,6,25430.76,Platinum,Pune,Debit Card
C1661,O44269,2026-02-12,Groceries,Bread,4,312,5,1185.6,Silver,Bangalore,Debit Card
C1601,O41722,2025-06-16,Groceries,Rice,5,1674,21,6612.3,Platinum,Pune,Net Banking
C1629,O29913,2025-08-09,Beauty,Shampoo,5,6402,21,25287.9,Platinum,Mumbai,Credit Card
C1723,O23222,2025-08-31,Beauty,Moisturizer,4,7944,18,26056.32,Platinum,Hyderabad,Credit Card
C1659,O76424,2025-07-18,Fashion,Jacket,2,5920,26,8761.6,Platinum,Chennai,UPI
C1955,O43480,2025-07-28,Groceries,Milk,4,588,23,1811.04,Silver,Bangalore,Wallet
C1458,O74940,2026-01-21,Electronics,Smartphone,3,34142,5,97304.7,Silver,Chennai,Net Banking
C1947,O51715,2026-05-17,Sports,Dumbbells,2,15126,5,28739.4,Platinum,Delhi,Debit Card
C1205,O31417,2025-12-11,Groceries,Milk,5,451,30,1578.5,Gold,Mumbai,Wallet
C1082,O42845,2025-08-05,Sports,Football,5,9368,24,35598.4,Platinum,Delhi,Credit Card
C1961,O73545,2025-08-25,Sports,Dumbbells,2,2332,22,3637.92,Gold,Hyderabad,Wallet
C1448,O48565,2025-07-14,Fashion,Shoes,3,4921,16,12400.92,Silver,Delhi,Debit Card
C1776,O27136,2025-08-04,Groceries,Eggs,4,1003,14,3450.32,Gold,Pune,Debit Card
C1153,O61101,2026-01-28,Electronics,Laptop,1,29009,3,28138.73,Silver,Mumbai,UPI
C1061,O47132,2026-01-22,Groceries,Bread,2,2518,0,5036.0,Gold,Delhi,Credit Card
C1876,O22385,2025-08-04,Home Decor,Curtains,3,8158,24,18600.24,Silver,Chennai,Net Banking
C1895,O23486,2025-07-30,Groceries,Rice,4,612,14,2105.28,Platinum,Hyderabad,UPI
C1406,O55328,2026-05-14,Home Decor,Wall Art,5,1290,28,4644.0,Silver,Hyderabad,Wallet
C1415,O83685,2025-06-23,Home Decor,Carpet,1,7441,26,5506.34,Silver,Chennai,Credit Card
C1296,O45080,2025-07-22,Sports,Cricket Bat,4,8970,11,31933.2,Platinum,Delhi,Credit Card
C1064,O94950,2025-07-25,Beauty,Face Wash,2,3105,0,6210.0,Gold,Mumbai,Debit Card
C1967,O41344,2025-06-19,Beauty,Shampoo,3,892,14,2301.36,Silver,Mumbai,Debit Card
C1260,O62436,2026-05-07,Groceries,Eggs,2,414,3,803.16,Gold,Chennai,Debit Card
C1210,O29716,2025-12-11,Groceries,Bread,4,143,5,543.4,Silver,Delhi,Wallet
C1489,O94530,2025-07-14,Home Decor,Carpet,2,3892,12,6849.92,Platinum,Delhi,Credit Card
C1871,O18098,2025-12-28,Groceries,Rice,4,3944,13,13725.12,Platinum,Delhi,UPI
C1676,O97217,2025-08-22,Fashion,T-Shirt,3,9064,27,19850.16,Platinum,Pune,Net Banking
C1044,O13105,2026-05-11,Sports,Football,5,7597,28,27349.2,Silver,Mumbai,Debit Card
C1097,O89099,2025-07-20,Beauty,Face Wash,2,5163,13,8983.62,Gold,Mumbai,Debit Card
C1315,O13335,2026-05-27,Groceries,Bread,5,224,9,1019.2,Platinum,Chennai,Credit Card
C1787,O72282,2025-11-23,Fashion,Jacket,1,3268,1,3235.32,Gold,Mumbai,Net Banking
C1444,O70917,2026-04-16,Home Decor,Carpet,5,19000,0,95000.0,Platinum,Hyderabad,Wallet
C1557,O87622,2026-05-29,Home Decor,Wall Art,1,9848,24,7484.48,Silver,Mumbai,Net Banking
C1374,O42527,2026-04-01,Fashion,Jeans,1,1833,12,1613.04,Gold,Delhi,Debit Card
C1658,O12913,2026-05-19,Beauty,Shampoo,1,793,20,634.4,Gold,Hyderabad,Credit Card
C1806,O27451,2026-02-12,Sports,Football,4,2733,14,9401.52,Silver,Chennai,Debit Card
C1922,O51105,2026-06-05,Beauty,Perfume,1,2732,19,2212.92,Silver,Delhi,Credit Card
C1992,O59690,2025-07-29,Electronics,Smartphone,5,35670,17,148030.5,Gold,Pune,Debit Card
C1136,O52559,2025-12-18,Sports,Dumbbells,1,5937,21,4690.23,Silver,Bangalore,Debit Card
C1239,O24432,2025-11-24,Groceries,Milk,5,1360,29,4828.0,Platinum,Mumbai,Debit Card
C1152,O18619,2025-08-08,Beauty,Shampoo,2,3477,21,5493.66,Silver,Hyderabad,Wallet
C1441,O45471,2025-06-19,Beauty,Face Wash,5,4810,2,23569.0,Gold,Mumbai,Wallet
C1864,O76943,2025-12-24,Home Decor,Wall Art,5,19580,7,91047.0,Platinum,Chennai,UPI
C1006,O37151,2026-03-07,Sports,Cricket Bat,2,1755,11,3123.9,Gold,Pune,Debit Card
C1323,O15830,2025-08-22,Electronics,Laptop,3,31351,6,88409.82,Gold,Delhi,Credit Card
C1799,O64685,2025-09-20,Fashion,Shoes,4,7188,12,25301.76,Platinum,Chennai,Debit Card
C1780,O35566,2025-08-18,Sports,Cricket Bat,1,5902,3,5724.94,Platinum,Bangalore,Credit Card
C1808,O86111,2025-09-21,Sports,Dumbbells,5,10380,15,44115.0,Gold,Chennai,Credit Card
C1075,O91602,2026-02-22,Electronics,Laptop,3,13318,19,32362.74,Silver,Bangalore,Credit Card
C1397,O93748,2026-02-21,Fashion,Shoes,1,1658,26,1226.92,Silver,Hyderabad,Credit Card
C1400,O64304,2025-09-30,Sports,Football,2,1376,25,2064.0,Silver,Delhi,Wallet
C1490,O26222,2026-04-23,Fashion,T-Shirt,3,6639,20,15933.6,Gold,Hyderabad,Debit Card
C1935,O57057,2025-12-14,Fashion,Shoes,2,7228,23,11131.12,Gold,Chennai,UPI
C1536,O43686,2026-04-28,Home Decor,Wall Art,3,9012,13,23521.32,Platinum,Hyderabad,Wallet
C1101,O27510,2026-05-26,Groceries,Rice,2,1498,6,2816.24,Silver,Mumbai,Wallet
C1774,O40580,2025-12-28,Electronics,Laptop,2,68217,7,126883.62,Gold,Delhi,UPI
C1365,O58310,2025-06-14,Sports,Yoga Mat,5,13690,7,63658.5,Platinum,Chennai,Credit Card
C1051,O35596,2026-04-14,Sports,Football,4,7536,4,28938.24,Gold,Hyderabad,Wallet
C1545,O70564,2025-06-08,Electronics,Laptop,2,71730,18,117637.2,Gold,Delhi,Net Banking
C1900,O75615,2025-09-10,Electronics,Headphones,2,91538,0,183076.0,Platinum,Chennai,Net Banking
C1094,O77140,2026-01-02,Fashion,Shoes,4,4060,3,15752.8,Silver,Chennai,Net Banking
C1586,O67361,2025-06-25,Electronics,Smartphone,4,6693,17,22220.76,Silver,Delhi,Credit Card
C1485,O21734,2025-07-27,Fashion,T-Shirt,4,764,18,2505.92,Silver,Pune,Wallet
C1399,O52682,2025-07-31,Electronics,Smart Watch,2,30877,11,54961.06,Gold,Bangalore,Credit Card
C1931,O68289,2026-03-16,Home Decor,Lamp,1,7074,28,5093.28,Silver,Delhi,Credit Card
C1807,O69069,2025-10-05,Groceries,Rice,1,2481,24,1885.56,Gold,Delhi,Net Banking
C1980,O18035,2026-01-14,Beauty,Face Wash,1,4931,10,4437.9,Silver,Mumbai,Net Banking
C1810,O53066,2026-03-24,Electronics,Smart Watch,3,84628,27,185335.32,Platinum,Chennai,Credit Card
C1885,O30730,2026-05-17,Sports,Football,4,6279,7,23357.88,Gold,Hyderabad,UPI
C1922,O31678,2025-11-10,Sports,Cricket Bat,4,6315,14,21723.6,Silver,Hyderabad,Net Banking
C1953,O54978,2026-01-30,Fashion,Shoes,3,1669,17,4155.81,Gold,Bangalore,Net Banking
C1669,O82887,2026-04-04,Fashion,Jeans,4,2824,14,9714.56,Gold,Mumbai,Wallet
C1886,O12819,2026-05-13,Sports,Football,2,1225,10,2205.0,Gold,Delhi,UPI
C1239,O30077,2025-11-26,Groceries,Bread,2,2092,3,4058.48,Gold,Mumbai,UPI
C1239,O58451,2026-04-08,Sports,Yoga Mat,4,1246,16,4186.56,Gold,Bangalore,UPI
C1404,O32858,2025-07-09,Fashion,T-Shirt,5,3826,18,15686.6,Platinum,Bangalore,Net Banking
C1396,O81562,2026-05-26,Beauty,Face Wash,2,2674,21,4224.92,Gold,Hyderabad,Credit Card
C1741,O99033,2025-09-29,Beauty,Face Wash,3,2690,5,7666.5,Silver,Mumbai,UPI
C1993,O10301,2026-01-18,Fashion,Jeans,3,3624,11,9676.08,Gold,Mumbai,Credit Card
C1815,O24211,2025-10-20,Beauty,Face Wash,5,6145,8,28267.0,Gold,Delhi,Wallet
C1756,O78084,2026-01-25,Electronics,Smart Watch,1,58744,1,58156.56,Gold,Delhi,Net Banking
C1160,O37898,2026-04-06,Fashion,Shoes,4,3667,22,11441.04,Gold,Chennai,Wallet
C1179,O86947,2026-02-04,Groceries,Eggs,4,943,12,3319.36,Gold,Mumbai,Wallet
C1780,O66118,2025-10-20,Beauty,Face Wash,3,3854,3,11215.14,Silver,Bangalore,Credit Card
C1686,O19089,2026-01-26,Groceries,Bread,5,1667,26,6167.9,Silver,Chennai,Credit Card
C1832,O71679,2026-01-04,Groceries,Rice,4,1698,30,4754.4,Platinum,Pune,Wallet
C1476,O64515,2025-10-17,Fashion,Jeans,3,8808,8,24310.08,Platinum,Chennai,Debit Card
C1919,O46728,2026-03-24,Electronics,Smart Watch,3,87212,27,190994.28,Platinum,Pune,Wallet
C1860,O18834,2025-12-06,Beauty,Face Wash,3,8878,4,25568.64,Platinum,Bangalore,Credit Card
C1187,O14928,2025-07-18,Groceries,Bread,3,2162,19,5253.66,Platinum,Pune,Debit Card
C1099,O24193,2025-12-18,Fashion,Jeans,2,1837,9,3343.34,Gold,Mumbai,Net Banking
C1297,O93465,2025-11-27,Beauty,Moisturizer,4,1635,29,4643.4,Silver,Hyderabad,Wallet
C1843,O30465,2026-03-01,Beauty,Shampoo,1,4536,19,3674.16,Gold,Mumbai,Credit Card
C1685,O77325,2025-06-09,Sports,Cricket Bat,1,12136,11,10801.04,Platinum,Bangalore,UPI
C1556,O90674,2026-05-22,Fashion,Jeans,4,3464,12,12193.28,Platinum,Mumbai,Credit Card
C1077,O59348,2025-10-22,Beauty,Moisturizer,2,4863,23,7489.02,Gold,Pune,Wallet
C1920,O42346,2025-08-08,Electronics,Smartphone,5,64752,20,259008.0,Gold,Chennai,Wallet
C1131,O46970,2025-08-02,Beauty,Moisturizer,2,5692,11,10131.76,Platinum,Hyderabad,Net Banking
C1539,O57326,2026-01-23,Electronics,Smart Watch,5,7485,0,37425.0,Silver,Delhi,Wallet
C1660,O59850,2025-08-11,Fashion,T-Shirt,5,9480,24,36024.0,Platinum,Chennai,Net Banking
C1735,O43758,2026-01-24,Electronics,Smartphone,5,46774,16,196450.8,Gold,Delhi,Net Banking
C1834,O97252,2026-01-28,Electronics,Headphones,4,71826,21,226970.16,Platinum,Chennai,UPI
C1305,O12330,2025-10-07,Beauty,Moisturizer,3,4056,9,11072.88,Platinum,Hyderabad,Wallet
C1395,O29225,2026-01-02,Fashion,T-Shirt,5,2112,0,10560.0,Platinum,Pune,UPI
C1343,O67940,2025-10-30,Fashion,Jeans,4,1419,29,4029.96,Gold,Hyderabad,Credit Card
C1588,O32365,2026-04-27,Home Decor,Curtains,2,4080,11,7262.4,Silver,Pune,Wallet
C1596,O47315,2025-09-29,Sports,Cricket Bat,3,2246,10,6064.2,Silver,Delhi,Wallet
C1694,O57287,2026-01-25,Fashion,T-Shirt,4,4988,30,13966.4,Silver,Chennai,Debit Card
C1645,O37221,2026-04-17,Sports,Cricket Bat,3,7684,16,19363.68,Gold,Bangalore,UPI
C1588,O40302,2026-01-25,Fashion,Shoes,5,2934,18,12029.4,Gold,Hyderabad,Net Banking
C1872,O56966,2025-09-20,Electronics,Smart Watch,2,29115,30,40761.0,Gold,Bangalore,Credit Card
C1883,O10203,2025-11-10,Beauty,Shampoo,5,5334,3,25869.9,Gold,Hyderabad,UPI
C1076,O95608,2026-02-13,Groceries,Milk,5,2368,11,10537.6,Gold,Mumbai,Net Banking
C1560,O20921,2026-03-26,Fashion,T-Shirt,5,4437,16,18635.4,Silver,Pune,Wallet
C1583,O10961,2025-11-01,Beauty,Shampoo,3,4396,12,11605.44,Gold,Chennai,Wallet
C1706,O49574,2026-01-16,Beauty,Moisturizer,4,3658,0,14632.0,Silver,Pune,Credit Card
C1767,O40629,2026-03-23,Sports,Cricket Bat,3,8796,10,23749.2,Platinum,Chennai,Debit Card
C1626,O61122,2025-06-14,Groceries,Milk,2,276,11,491.28,Silver,Hyderabad,Credit Card
C1685,O38408,2026-04-07,Sports,Yoga Mat,3,11794,24,26890.32,Platinum,Mumbai,Net Banking
C1084,O31639,2025-11-25,Electronics,Laptop,1,28379,1,28095.21,Silver,Delhi,Wallet
C1210,O16334,2026-02-06,Groceries,Eggs,2,2974,22,4639.44,Gold,Mumbai,Credit Card
C1038,O92169,2026-01-16,Sports,Cricket Bat,2,901,11,1603.78,Silver,Chennai,Credit Card
C1035,O18189,2025-06-22,Groceries,Milk,5,654,25,2452.5,Gold,Pune,Credit Card
C1509,O24972,2025-06-08,Groceries,Rice,4,1302,18,4270.56,Silver,Hyderabad,UPI
C1356,O98838,2026-02-06,Groceries,Rice,4,1253,2,4911.76,Silver,Pune,Wallet
C1792,O36077,2025-12-29,Fashion,Shoes,1,3832,18,3142.24,Gold,Delhi,Net Banking
C1887,O23279,2025-08-03,Groceries,Rice,3,1084,14,2796.72,Silver,Chennai,Wallet
C1510,O17605,2026-06-02,Groceries,Eggs,4,3524,30,9867.2,Platinum,Hyderabad,UPI
C1757,O25079,2025-06-24,Home Decor,Carpet,3,13869,20,33285.6,Gold,Mumbai,Wallet
C1304,O50686,2025-08-09,Sports,Yoga Mat,4,9477,19,30705.48,Gold,Delhi,Debit Card
C1525,O43893,2026-04-06,Sports,Football,2,6646,5,12627.4,Platinum,Bangalore,Wallet
C1906,O28276,2026-05-24,Beauty,Shampoo,3,3492,2,10266.48,Silver,Chennai,Debit Card
C1311,O21316,2026-01-28,Groceries,Eggs,1,2430,26,1798.2,Platinum,Chennai,Credit Card
C1024,O45636,2026-05-20,Groceries,Eggs,2,1670,29,2371.4,Platinum,Mumbai,Wallet
C1075,O47884,2026-04-03,Fashion,Jeans,4,5481,22,17100.72,Gold,Bangalore,Credit Card
C1799,O83111,2026-04-05,Groceries,Eggs,5,2396,30,8386.0,Platinum,Delhi,Credit Card
C1620,O43073,2026-01-09,Fashion,Jacket,3,877,15,2236.35,Silver,Delhi,Wallet
C1849,O28930,2025-09-28,Electronics,Laptop,2,11253,11,20030.34,Silver,Pune,UPI
C1700,O11232,2025-06-08,Home Decor,Curtains,2,6849,7,12739.14,Silver,Hyderabad,Debit Card
C1150,O91001,2025-12-17,Groceries,Eggs,3,2930,25,6592.5,Platinum,Chennai,Wallet
C1308,O62389,2026-04-24,Electronics,Smart Watch,2,89484,28,128856.96,Platinum,Pune,Net Banking
C1203,O70285,2025-08-23,Electronics,Laptop,3,10319,3,30028.29,Silver,Pune,UPI
C1854,O52618,2026-01-28,Electronics,Laptop,2,14103,26,20872.44,Silver,Delhi,UPI
C1892,O94158,2025-06-20,Sports,Dumbbells,1,11515,12,10133.2,Gold,Chennai,Debit Card
C1550,O24752,2025-07-29,Home Decor,Wall Art,4,1590,0,6360.0,Silver,Mumbai,Net Banking
C1887,O98623,2025-06-28,Beauty,Face Wash,3,1171,3,3407.61,Silver,Mumbai,Wallet
C1408,O57337,2025-08-27,Fashion,T-Shirt,5,3382,30,11837.0,Platinum,Chennai,Debit Card
C1969,O28693,2026-02-22,Beauty,Perfume,5,3997,26,14788.9,Silver,Mumbai,Wallet
C1373,O99988,2025-12-14,Groceries,Rice,3,2707,0,8121.0,Gold,Hyderabad,UPI
C1265,O61366,2026-01-07,Groceries,Bread,3,1010,23,2333.1,Silver,Hyderabad,UPI
C1027,O60268,2026-04-03,Sports,Cricket Bat,1,6158,30,4310.6,Silver,Hyderabad,Debit Card
C1298,O28259,2025-08-03,Home Decor,Carpet,3,9057,23,20921.67,Silver,Delhi,Credit Card
C1836,O93481,2026-02-04,Sports,Cricket Bat,1,6159,12,5419.92,Gold,Bangalore,UPI
C1879,O64442,2025-11-28,Fashion,T-Shirt,3,3082,0,9246.0,Silver,Mumbai,UPI
C1427,O37471,2025-07-12,Sports,Dumbbells,2,1090,9,1983.8,Gold,Bangalore,Credit Card
C1824,O60554,2025-07-13,Sports,Dumbbells,3,12812,25,28827.0,Platinum,Hyderabad,Wallet
C1634,O84815,2025-07-06,Electronics,Laptop,3,70579,15,179976.45,Gold,Bangalore,UPI
C1122,O34286,2026-05-02,Beauty,Shampoo,3,1162,14,2997.96,Gold,Hyderabad,UPI
C1507,O82397,2025-06-26,Groceries,Eggs,2,583,22,909.48,Gold,Delhi,Wallet
C1562,O48312,2025-08-29,Fashion,Shoes,2,3877,12,6823.52,Gold,Bangalore,Credit Card
C1989,O54312,2025-07-11,Sports,Cricket Bat,5,2442,2,11965.8,Platinum,Bangalore,Credit Card
C1360,O46429,2025-07-09,Sports,Yoga Mat,3,1303,29,2775.39,Gold,Mumbai,Credit Card
C1983,O56546,2026-02-15,Beauty,Shampoo,5,4895,14,21048.5,Silver,Bangalore,Debit Card
C1270,O75348,2026-02-21,Beauty,Moisturizer,1,3188,7,2964.84,Silver,Pune,Credit Card
C1786,O99465,2026-05-18,Sports,Yoga Mat,3,4719,29,10051.47,Gold,Bangalore,Credit Card
C1776,O75790,2025-06-28,Electronics,Laptop,3,16549,16,41703.48,Gold,Hyderabad,Wallet
C1521,O64625,2026-05-18,Home Decor,Lamp,1,6466,8,5948.72,Gold,Mumbai,Credit Card
C1054,O13567,2026-03-19,Sports,Yoga Mat,1,7411,11,6595.79,Gold,Hyderabad,UPI
C1705,O20419,2026-03-29,Fashion,Jeans,1,2012,15,1710.2,Silver,Bangalore,UPI
C1542,O10291,2026-02-19,Sports,Yoga Mat,3,6087,26,13513.14,Silver,Pune,Credit Card
C1566,O84111,2025-12-16,Groceries,Bread,1,3584,0,3584.0,Platinum,Mumbai,Credit Card
C1253,O18051,2025-12-24,Beauty,Perfume,4,4556,15,15490.4,Silver,Pune,Net Banking
C1790,O68080,2025-12-17,Sports,Yoga Mat,5,8803,18,36092.3,Gold,Chennai,Wallet
C1920,O61158,2026-02-14,Electronics,Smartphone,2,24742,12,43545.92,Silver,Hyderabad,Credit Card
C1730,O36878,2026-05-22,Sports,Football,5,15302,29,54322.1,Platinum,Chennai,Net Banking
C1635,O49002,2025-12-04,Electronics,Smartphone,3,99968,17,248920.32,Platinum,Delhi,UPI
C1703,O92392,2025-10-31,Groceries,Rice,4,937,20,2998.4,Silver,Chennai,UPI
C1432,O92811,2025-10-30,Home Decor,Carpet,5,3318,30,11613.0,Platinum,Delhi,Wallet
C1270,O71940,2025-12-07,Beauty,Shampoo,2,2010,27,2934.6,Gold,Hyderabad,Wallet
C1636,O47840,2025-07-12,Home Decor,Lamp,5,11406,25,42772.5,Platinum,Pune,Wallet
C1194,O61714,2025-12-25,Beauty,Shampoo,4,958,5,3640.4,Platinum,Mumbai,Debit Card
C1904,O28661,2025-11-27,Beauty,Face Wash,2,5773,27,8428.58,Gold,Bangalore,Wallet
C1369,O10579,2026-02-09,Fashion,Shoes,3,1573,16,3963.96,Silver,Delhi,UPI
C1210,O91611,2026-01-17,Electronics,Headphones,5,58850,2,288365.0,Platinum,Mumbai,Debit Card
C1875,O41637,2025-06-19,Beauty,Perfume,5,4038,22,15748.2,Gold,Hyderabad,Net Banking
C1279,O34459,2025-08-29,Fashion,Jacket,2,2232,5,4240.8,Gold,Mumbai,UPI
C1466,O18147,2026-03-13,Home Decor,Lamp,2,2673,11,4757.94,Gold,Bangalore,Wallet
C1315,O72084,2026-01-08,Sports,Football,4,9612,10,34603.2,Gold,Hyderabad,Wallet
C1177,O74055,2025-11-21,Electronics,Laptop,4,31148,27,90952.16,Silver,Hyderabad,Net Banking
C1199,O25044,2025-07-11,Home Decor,Lamp,4,14472,6,54414.72,Platinum,Mumbai,Wallet
C1042,O16278,2025-10-02,Sports,Dumbbells,2,1660,2,3253.6,Platinum,Bangalore,Credit Card
C1759,O16956,2025-06-08,Beauty,Perfume,5,5188,19,21011.4,Gold,Pune,Credit Card
C1055,O74873,2025-07-07,Electronics,Laptop,4,21477,13,74739.96,Gold,Mumbai,Wallet
C1204,O89147,2025-10-02,Beauty,Face Wash,5,3028,13,13171.8,Gold,Bangalore,Wallet
C1468,O72721,2025-07-20,Groceries,Milk,3,3842,6,10834.44,Platinum,Delhi,UPI
C1969,O19270,2026-05-09,Sports,Football,2,2272,8,4180.48,Silver,Delhi,UPI
C1275,O72107,2026-04-16,Electronics,Smartphone,3,31412,18,77273.52,Platinum,Chennai,Net Banking
C1823,O38127,2026-05-28,Sports,Football,1,14960,28,10771.2,Platinum,Hyderabad,UPI
C1029,O99233,2026-02-12,Fashion,T-Shirt,2,6195,4,11894.4,Gold,Mumbai,Net Banking
C1517,O20198,2026-01-27,Fashion,Jacket,2,5782,8,10638.88,Platinum,Mumbai,Credit Card
C1298,O98496,2026-06-05,Electronics,Laptop,2,5593,19,9060.66,Silver,Bangalore,Net Banking
C1692,O70633,2025-10-15,Groceries,Milk,2,1238,10,2228.4,Platinum,Hyderabad,Debit Card
C1031,O86128,2026-02-19,Beauty,Perfume,4,6040,2,23676.8,Platinum,Delhi,UPI
C1934,O52202,2026-01-04,Beauty,Shampoo,3,7796,0,23388.0,Platinum,Hyderabad,Wallet
C1239,O92463,2026-05-24,Beauty,Face Wash,5,616,4,2956.8,Silver,Bangalore,UPI
C1583,O60867,2026-05-28,Home Decor,Carpet,4,1236,24,3757.44,Silver,Pune,Net Banking
C1307,O88846,2026-04-12,Beauty,Moisturizer,5,6574,27,23995.1,Gold,Bangalore,Wallet
C1359,O72537,2025-07-13,Electronics,Headphones,5,71030,13,308980.5,Platinum,Delhi,Net Banking
C1136,O81275,2026-04-23,Electronics,Smart Watch,5,37041,5,175944.75,Silver,Hyderabad,Wallet
C1531,O51985,2025-07-03,Fashion,Jeans,2,2192,15,3726.4,Platinum,Mumbai,Net Banking
C1756,O36341,2025-12-26,Fashion,Shoes,2,4168,20,6668.8,Platinum,Hyderabad,Credit Card
C1172,O52396,2026-01-19,Electronics,Headphones,4,64280,11,228836.8,Platinum,Pune,Net Banking
C1652,O93604,2026-03-10,Sports,Football,1,11544,24,8773.44,Gold,Delhi,Debit Card
C1046,O75057,2025-08-27,Home Decor,Lamp,1,5786,21,4570.94,Silver,Chennai,Credit Card
C1764,O85448,2026-01-16,Fashion,T-Shirt,4,2029,19,6573.96,Gold,Delhi,Credit Card
C1052,O53374,2025-07-09,Home Decor,Carpet,3,16444,21,38972.28,Platinum,Mumbai,Debit Card
C1577,O58858,2026-03-06,Sports,Football,5,7442,17,30884.3,Silver,Delhi,Wallet
C1772,O56653,2025-11-07,Fashion,T-Shirt,5,8428,24,32026.4,Platinum,Chennai,UPI
C1257,O74817,2026-03-28,Sports,Cricket Bat,4,7581,12,26685.12,Gold,Delhi,Credit Card
C1766,O12911,2025-11-06,Beauty,Perfume,5,2952,13,12841.2,Platinum,Hyderabad,Credit Card
C1455,O30218,2026-02-16,Home Decor,Curtains,3,7241,1,21505.77,Silver,Bangalore,Debit Card
C1211,O92439,2025-07-24,Sports,Football,1,3549,26,2626.26,Gold,Chennai,UPI
C1388,O17039,2026-03-06,Home Decor,Lamp,4,1188,27,3468.96,Silver,Pune,Net Banking
C1751,O74719,2025-06-29,Sports,Dumbbells,4,4507,30,12619.6,Silver,Pune,Net Banking
C1556,O50509,2025-09-01,Electronics,Headphones,4,28132,25,84396.0,Platinum,Hyderabad,Wallet
C1836,O64211,2026-01-28,Beauty,Shampoo,4,5487,2,21509.04,Gold,Mumbai,UPI
C1893,O70941,2025-10-04,Electronics,Headphones,1,22407,28,16133.04,Gold,Mumbai,Wallet
C1801,O40227,2026-03-28,Groceries,Bread,4,1702,28,4901.76,Silver,Mumbai,Net Banking
C1067,O64795,2025-12-21,Electronics,Smart Watch,1,32134,19,26028.54,Silver,Hyderabad,Debit Card
C1355,O15142,2025-09-14,Beauty,Shampoo,3,593,17,1476.57,Silver,Mumbai,Credit Card
C1631,O58317,2025-06-13,Groceries,Rice,4,1742,27,5086.64,Silver,Bangalore,Credit Card
C1933,O83780,2026-02-26,Home Decor,Carpet,5,11914,20,47656.0,Platinum,Pune,Debit Card
C1353,O74690,2026-02-12,Fashion,Jeans,2,1254,11,2232.12,Platinum,Pune,Credit Card
C1732,O51661,2026-02-06,Electronics,Laptop,4,5973,0,23892.0,Silver,Mumbai,Debit Card
C1750,O46884,2026-04-10,Fashion,T-Shirt,5,1619,4,7771.2,Silver,Mumbai,UPI
C1382,O49371,2025-09-15,Groceries,Milk,1,2572,21,2031.88,Gold,Bangalore,UPI
C1205,O46897,2025-10-09,Home Decor,Curtains,4,8448,12,29736.96,Platinum,Bangalore,Credit Card
C1970,O45408,2026-03-03,Groceries,Rice,4,910,3,3530.8,Silver,Chennai,UPI
C1139,O56188,2025-08-18,Electronics,Smartphone,1,12873,0,12873.0,Silver,Mumbai,Credit Card
C1834,O97456,2026-05-05,Beauty,Shampoo,1,6613,6,6216.22,Gold,Chennai,Wallet
C1531,O67247,2026-04-24,Home Decor,Lamp,1,12001,19,9720.81,Gold,Pune,Debit Card
C1923,O93260,2026-04-20,Home Decor,Lamp,3,13680,1,40629.6,Platinum,Pune,Credit Card
C1047,O87582,2026-02-10,Electronics,Laptop,2,22820,11,40619.6,Platinum,Chennai,Wallet
C1445,O45622,2026-03-17,Home Decor,Carpet,1,6888,13,5992.56,Platinum,Pune,Net Banking
C1368,O33844,2026-01-19,Sports,Dumbbells,3,6297,17,15679.53,Gold,Pune,Credit Card
C1317,O15826,2026-03-30,Sports,Dumbbells,1,5986,0,5986.0,Silver,Chennai,UPI
C1700,O85571,2025-09-02,Sports,Cricket Bat,5,7363,6,34606.1,Silver,Bangalore,Net Banking
C1023,O42892,2025-10-18,Electronics,Laptop,4,27587,10,99313.2,Silver,Hyderabad,Credit Card
C1726,O64279,2025-12-29,Beauty,Perfume,5,6499,0,32495.0,Gold,Pune,Net Banking
C1447,O32645,2026-05-03,Sports,Dumbbells,1,15486,15,13163.1,Platinum,Hyderabad,Debit Card
C1605,O29297,2025-09-26,Home Decor,Wall Art,1,11727,15,9967.95,Gold,Delhi,Wallet
C1059,O49796,2025-10-17,Electronics,Smartphone,3,31906,17,79445.94,Platinum,Chennai,Net Banking
C1950,O65107,2025-12-01,Electronics,Smartphone,3,45483,20,109159.2,Silver,Hyderabad,Net Banking
C1445,O82307,2025-12-14,Groceries,Rice,4,2829,11,10071.24,Gold,Chennai,Net Banking
C1981,O92591,2025-08-17,Beauty,Shampoo,3,6582,16,16586.64,Gold,Mumbai,UPI
C1921,O80348,2025-12-06,Home Decor,Wall Art,4,14037,15,47725.8,Gold,Chennai,Net Banking
C1402,O98095,2025-09-17,Groceries,Eggs,1,580,22,452.4,Silver,Chennai,Credit Card
C1022,O77113,2025-07-20,Beauty,Moisturizer,3,5936,22,13890.24,Platinum,Mumbai,UPI
C1016,O49138,2026-04-11,Groceries,Eggs,3,1600,25,3600.0,Gold,Chennai,Wallet
C1944,O94603,2026-03-24,Groceries,Rice,5,867,17,3598.05,Gold,Mumbai,Debit Card
C1940,O97670,2025-08-08,Groceries,Bread,4,1172,25,3516.0,Platinum,Mumbai,Net Banking
C1881,O30541,2025-08-09,Fashion,Jeans,5,2726,20,10904.0,Silver,Hyderabad,Wallet
C1081,O43255,2025-07-06,Sports,Cricket Bat,3,6624,14,17089.92,Silver,Hyderabad,Net Banking
C1925,O44766,2026-05-02,Fashion,Jacket,5,4630,21,18288.5,Silver,Bangalore,Credit Card
C1015,O83054,2026-02-16,Home Decor,Curtains,1,8759,7,8145.87,Silver,Pune,Wallet
C1659,O52817,2026-02-24,Sports,Yoga Mat,2,15942,28,22956.48,Platinum,Mumbai,Wallet
C1906,O18060,2025-09-16,Groceries,Bread,1,1799,6,1691.06,Silver,Bangalore,Wallet
C1814,O96901,2025-08-30,Sports,Football,1,1398,27,1020.54,Platinum,Hyderabad,Wallet
C1557,O96757,2025-08-09,Home Decor,Wall Art,5,19380,25,72675.0,Platinum,Pune,UPI
C1275,O16914,2026-03-26,Beauty,Moisturizer,5,1845,17,7656.75,Gold,Mumbai,Credit Card
C1158,O67726,2025-06-12,Home Decor,Wall Art,2,16656,1,32978.88,Platinum,Chennai,Debit Card
C1446,O93989,2026-01-26,Home Decor,Lamp,1,7804,17,6477.32,Platinum,Pune,Wallet
C1668,O31812,2025-08-27,Groceries,Eggs,4,1538,2,6028.96,Silver,Delhi,Credit Card
C1651,O68845,2026-01-04,Fashion,Shoes,1,7425,1,7350.75,Gold,Pune,Credit Card
C1326,O76615,2025-08-31,Sports,Yoga Mat,3,5630,11,15032.1,Platinum,Delhi,Wallet
C1152,O56111,2025-10-07,Beauty,Moisturizer,5,2953,28,10630.8,Gold,Mumbai,Credit Card
C1354,O81410,2025-08-21,Beauty,Moisturizer,5,438,21,1730.1,Silver,Mumbai,UPI
C1122,O54272,2026-04-23,Beauty,Perfume,1,2004,26,1482.96,Gold,Delhi,Wallet
C1683,O92726,2025-10-24,Beauty,Moisturizer,1,2647,0,2647.0,Gold,Bangalore,Credit Card
C1949,O28322,2025-12-06,Groceries,Eggs,3,353,25,794.25,Silver,Bangalore,Debit Card
C1375,O85142,2026-05-26,Sports,Football,5,14964,24,56863.2,Platinum,Pune,Wallet
C1814,O30126,2026-03-20,Electronics,Headphones,4,12668,22,39524.16,Platinum,Delhi,Net Banking
C1100,O35974,2025-09-07,Home Decor,Curtains,2,8264,24,12561.28,Platinum,Delhi,Debit Card
C1433,O12559,2025-07-21,Groceries,Rice,4,996,2,3904.32,Gold,Mumbai,UPI
C1952,O51873,2025-07-29,Electronics,Laptop,5,12286,20,49144.0,Platinum,Hyderabad,Net Banking
C1850,O96218,2026-01-12,Groceries,Eggs,1,1468,15,1247.8,Gold,Pune,UPI
C1536,O95185,2025-09-14,Groceries,Eggs,3,1120,16,2822.4,Platinum,Pune,Wallet
C1444,O42105,2026-02-12,Sports,Yoga Mat,3,14946,2,43941.24,Platinum,Pune,Net Banking
C1225,O74771,2026-06-01,Beauty,Face Wash,4,478,24,1453.12,Silver,Delhi,Wallet
C1779,O90526,2025-11-26,Home Decor,Curtains,5,9892,25,37095.0,Platinum,Pune,Wallet
C1252,O53178,2025-06-17,Fashion,Jacket,1,5102,24,3877.52,Platinum,Mumbai,Net Banking
C1736,O43140,2026-01-06,Groceries,Rice,5,2521,9,11470.55,Gold,Chennai,Wallet
C1345,O81008,2025-10-25,Electronics,Laptop,2,69675,14,119841.0,Gold,Hyderabad,Wallet
C1210,O27837,2025-07-09,Beauty,Moisturizer,4,3352,18,10994.56,Gold,Bangalore,Credit Card
C1753,O86004,2025-08-11,Groceries,Eggs,3,2553,5,7276.05,Gold,Hyderabad,UPI
C1830,O70638,2026-03-22,Sports,Cricket Bat,4,3496,17,11606.72,Platinum,Chennai,Net Banking
C1648,O67427,2025-08-16,Home Decor,Wall Art,3,13330,11,35591.1,Platinum,Chennai,UPI
C1337,O70676,2025-12-14,Groceries,Milk,5,410,8,1886.0,Platinum,Pune,Net Banking
C1576,O47646,2025-08-02,Groceries,Bread,5,1186,24,4506.8,Platinum,Bangalore,Net Banking
C1050,O73828,2025-11-11,Home Decor,Curtains,3,19618,4,56499.84,Platinum,Delhi,Wallet
C1030,O25557,2025-10-24,Groceries,Bread,2,1086,27,1585.56,Silver,Chennai,Net Banking
C1604,O98033,2025-12-11,Groceries,Bread,1,2197,8,2021.24,Gold,Delhi,UPI
C1828,O88142,2025-12-11,Sports,Cricket Bat,2,5794,7,10776.84,Gold,Bangalore,Wallet
C1899,O49602,2025-10-06,Groceries,Rice,2,948,30,1327.2,Platinum,Delhi,Debit Card
C1832,O88773,2025-07-19,Sports,Yoga Mat,5,13352,5,63422.0,Platinum,Pune,Debit Card
C1590,O37762,2025-09-13,Fashion,T-Shirt,1,1902,27,1388.46,Platinum,Pune,Wallet
C1969,O95360,2025-09-07,Groceries,Milk,5,190,25,712.5,Silver,Pune,Wallet
C1407,O36394,2026-02-01,Fashion,Jeans,5,4164,23,16031.4,Gold,Delhi,Wallet
C1636,O85812,2026-04-21,Beauty,Face Wash,2,9036,23,13915.44,Platinum,Chennai,Net Banking
C1718,O51284,2026-03-24,Electronics,Smart Watch,1,12820,0,12820.0,Gold,Mumbai,Credit Card
C1253,O64939,2025-08-11,Home Decor,Wall Art,1,13870,14,11928.2,Platinum,Delhi,UPI
C1372,O24037,2026-05-13,Sports,Football,3,2073,2,6094.62,Silver,Hyderabad,Debit Card
C1506,O53076,2026-01-26,Home Decor,Carpet,2,10215,11,18182.7,Gold,Chennai,Wallet
C1759,O63080,2026-03-06,Home Decor,Wall Art,5,7245,21,28617.75,Silver,Delhi,Debit Card
C1171,O16842,2025-12-31,Groceries,Rice,3,1362,30,2860.2,Silver,Chennai,Credit Card
C1017,O31517,2026-03-08,Electronics,Smartphone,5,72634,17,301431.1,Platinum,Delhi,Debit Card
C1251,O26693,2026-04-23,Fashion,Shoes,2,4302,23,6625.08,Platinum,Pune,Credit Card
C1219,O99682,2025-09-18,Fashion,Jacket,4,2133,30,5972.4,Silver,Delhi,UPI
C1509,O34635,2025-11-26,Home Decor,Wall Art,1,1713,27,1250.49,Gold,Bangalore,Net Banking
C1289,O94560,2026-02-12,Groceries,Bread,5,267,4,1281.6,Silver,Bangalore,Debit Card
C1035,O90989,2025-10-20,Groceries,Rice,4,2547,25,7641.0,Gold,Mumbai,Credit Card
C1257,O53855,2026-05-30,Sports,Dumbbells,2,1648,6,3098.24,Silver,Delhi,Net Banking
C1531,O14263,2025-08-02,Beauty,Moisturizer,5,6646,4,31900.8,Platinum,Bangalore,Wallet
C1927,O45817,2025-09-24,Sports,Cricket Bat,4,12664,3,49136.32,Platinum,Bangalore,Wallet
C1965,O61461,2025-06-10,Beauty,Perfume,4,8432,0,33728.0,Platinum,Chennai,Debit Card
C1908,O26306,2026-05-02,Home Decor,Carpet,1,11578,21,9146.62,Platinum,Mumbai,Debit Card
C1677,O27441,2025-11-12,Beauty,Face Wash,5,3808,10,17136.0,Platinum,Delhi,UPI
C1313,O89558,2026-05-28,Beauty,Shampoo,5,6105,14,26251.5,Gold,Delhi,Debit Card
C1343,O88199,2025-07-05,Groceries,Rice,3,1412,1,4193.64,Platinum,Pune,Debit Card
C1963,O86320,2025-09-23,Beauty,Perfume,4,6693,18,21953.04,Gold,Hyderabad,Credit Card
C1147,O16220,2026-02-03,Beauty,Face Wash,3,4769,20,11445.6,Silver,Bangalore,Net Banking
C1569,O14014,2025-11-22,Fashion,Jacket,2,1839,11,3273.42,Gold,Delhi,Wallet
C1358,O39904,2025-12-12,Fashion,Jeans,5,7030,29,24956.5,Platinum,Chennai,Debit Card
C1670,O95067,2026-05-09,Fashion,Shoes,2,4734,21,7479.72,Gold,Bangalore,UPI
C1167,O25744,2025-07-05,Home Decor,Curtains,5,8916,12,39230.4,Silver,Pune,Net Banking
C1909,O75381,2026-05-06,Groceries,Eggs,5,478,10,2151.0,Gold,Chennai,UPI
C1906,O57604,2025-07-20,Fashion,Jacket,2,1898,3,3682.12,Platinum,Mumbai,Net Banking
C1349,O17561,2025-06-30,Beauty,Perfume,3,8584,8,23691.84,Platinum,Mumbai,Credit Card
C1094,O59112,2026-02-05,Sports,Dumbbells,3,2785,24,6349.8,Silver,Chennai,Debit Card
C1098,O33471,2025-06-27,Home Decor,Carpet,1,7294,27,5324.62,Silver,Mumbai,UPI
C1636,O46610,2026-06-01,Sports,Yoga Mat,3,13020,27,28513.8,Platinum,Bangalore,Debit Card
C1324,O33102,2026-05-02,Fashion,T-Shirt,1,5472,21,4322.88,Gold,Hyderabad,Wallet
C1785,O80699,2025-08-24,Fashion,T-Shirt,3,674,7,1880.46,Silver,Pune,Debit Card
C1190,O82110,2026-02-09,Groceries,Eggs,1,287,23,220.99,Silver,Chennai,Credit Card
C1072,O90541,2025-06-09,Sports,Yoga Mat,5,4725,14,20317.5,Gold,Chennai,Net Banking
C1219,O74426,2026-05-02,Beauty,Perfume,5,2782,17,11545.3,Gold,Hyderabad,Net Banking
C1936,O27734,2026-05-18,Home Decor,Carpet,1,4826,5,4584.7,Platinum,Bangalore,Wallet
C1614,O18570,2026-05-11,Groceries,Eggs,1,1462,23,1125.74,Silver,Hyderabad,UPI
C1148,O24021,2026-02-12,Electronics,Smart Watch,1,29993,30,20995.1,Silver,Hyderabad,UPI
C1921,O96865,2025-10-20,Home Decor,Lamp,3,19116,6,53907.12,Platinum,Delhi,Net Banking
C1029,O96678,2025-11-10,Beauty,Face Wash,2,4368,24,6639.36,Gold,Chennai,Credit Card
C1604,O98477,2025-09-09,Home Decor,Carpet,2,6856,6,12889.28,Gold,Mumbai,Debit Card
C1360,O81884,2025-06-15,Home Decor,Wall Art,5,12966,25,48622.5,Platinum,Mumbai,Wallet
C1408,O78588,2026-01-16,Sports,Yoga Mat,2,5646,20,9033.6,Silver,Delhi,Debit Card
C1639,O60756,2025-06-17,Beauty,Moisturizer,4,7437,25,22311.0,Gold,Hyderabad,UPI
C1085,O57526,2025-12-19,Beauty,Perfume,1,1240,28,892.8,Silver,Delhi,Wallet
C1833,O21859,2025-12-04,Electronics,Headphones,1,15907,26,11771.18,Gold,Bangalore,Wallet
C1991,O20976,2025-12-05,Electronics,Smartphone,1,48453,27,35370.69,Gold,Bangalore,Debit Card
C1598,O50325,2025-11-16,Home Decor,Wall Art,2,5924,30,8293.6,Silver,Bangalore,Debit Card
C1328,O94421,2025-12-05,Beauty,Moisturizer,1,7982,9,7263.62,Platinum,Pune,UPI
C1439,O39358,2025-06-19,Fashion,Shoes,3,2905,19,7059.15,Gold,Delhi,Wallet
C1114,O66251,2025-12-12,Beauty,Perfume,4,4464,17,14820.48,Silver,Chennai,Wallet
C1252,O14974,2026-01-31,Beauty,Moisturizer,4,3588,25,10764.0,Silver,Chennai,Credit Card
C1928,O44841,2025-11-18,Sports,Cricket Bat,4,10632,23,32746.56,Platinum,Pune,Wallet
C1839,O83595,2025-10-04,Beauty,Perfume,5,2511,27,9165.15,Gold,Chennai,UPI
C1485,O55355,2025-09-27,Beauty,Shampoo,5,5132,5,24377.0,Platinum,Delhi,Net Banking
C1016,O30162,2025-11-09,Sports,Football,5,7462,3,36190.7,Gold,Pune,UPI
C1827,O70621,2026-04-01,Home Decor,Wall Art,4,8228,16,27646.08,Platinum,Delhi,Debit Card
C1140,O74681,2025-07-11,Electronics,Headphones,4,33064,23,101837.12,Silver,Mumbai,UPI
C1673,O59495,2026-05-27,Beauty,Moisturizer,2,4498,2,8816.08,Gold,Bangalore,Debit Card
C1401,O27300,2025-10-05,Fashion,Jeans,5,6108,29,21683.4,Gold,Bangalore,Debit Card
C1966,O20514,2025-09-08,Fashion,Jacket,1,2129,21,1681.91,Silver,Mumbai,UPI
C1922,O71436,2026-02-20,Sports,Yoga Mat,2,9739,18,15971.96,Gold,Chennai,Credit Card
C1515,O81787,2026-04-20,Sports,Cricket Bat,3,7041,1,20911.77,Gold,Bangalore,UPI
C1465,O48669,2026-04-09,Home Decor,Wall Art,1,18224,28,13121.28,Platinum,Pune,Wallet
C1139,O49840,2025-09-09,Fashion,T-Shirt,2,8090,22,12620.4,Platinum,Delhi,Credit Card
C1321,O22343,2025-06-19,Groceries,Bread,5,3776,5,17936.0,Platinum,Delhi,Credit Card
C1436,O11954,2025-11-15,Home Decor,Curtains,5,8022,9,36500.1,Platinum,Chennai,Credit Card
C1126,O23854,2026-04-07,Fashion,Jeans,2,2142,14,3684.24,Platinum,Chennai,Credit Card
C1508,O23826,2026-01-14,Beauty,Moisturizer,3,1505,11,4018.35,Silver,Hyderabad,Debit Card
C1613,O10822,2025-08-07,Groceries,Eggs,4,1858,6,6986.08,Gold,Delhi,Credit Card
C1245,O70346,2026-02-21,Electronics,Laptop,1,16322,7,15179.46,Platinum,Bangalore,Credit Card
C1109,O49059,2025-07-19,Beauty,Perfume,2,7065,6,13282.2,Gold,Pune,Credit Card
C1582,O32395,2025-08-19,Groceries,Milk,2,660,17,1095.6,Silver,Bangalore,Credit Card
C1976,O95345,2025-07-08,Groceries,Rice,1,1131,16,950.04,Gold,Bangalore,Debit Card
C1978,O15292,2025-07-04,Fashion,Jacket,1,765,7,711.45,Gold,Pune,UPI
C1809,O14783,2026-01-01,Sports,Football,1,5569,10,5012.1,Gold,Bangalore,Wallet
C1095,O31019,2025-10-12,Fashion,Jacket,4,3024,28,8709.12,Gold,Pune,Net Banking
C1327,O98059,2026-03-22,Electronics,Smart Watch,3,22178,30,46573.8,Silver,Pune,Credit Card
C1860,O78264,2026-01-28,Fashion,Shoes,1,3731,15,3171.35,Silver,Delhi,Debit Card
C1765,O23473,2026-05-10,Electronics,Smartphone,4,66530,10,239508.0,Platinum,Chennai,Net Banking
C1644,O76917,2026-01-20,Sports,Dumbbells,4,510,1,2019.6,Silver,Delhi,Credit Card
C1212,O92849,2026-05-04,Sports,Football,4,1743,14,5995.92,Silver,Bangalore,Debit Card
C1337,O81814,2025-08-16,Home Decor,Wall Art,2,9978,8,18359.52,Silver,Chennai,Debit Card
C1672,O60861,2025-10-17,Groceries,Eggs,4,502,26,1485.92,Platinum,Chennai,UPI
C1239,O19206,2025-12-08,Electronics,Laptop,1,23070,20,18456.0,Gold,Delhi,Wallet
C1124,O33744,2026-05-20,Electronics,Smart Watch,5,16029,7,74534.85,Silver,Bangalore,UPI
C1584,O89174,2025-08-29,Electronics,Headphones,1,10754,4,10323.84,Silver,Hyderabad,Debit Card
C1005,O98597,2026-01-28,Groceries,Milk,5,472,15,2006.0,Platinum,Hyderabad,Credit Card
C1060,O64352,2025-07-13,Home Decor,Carpet,1,8964,1,8874.36,Gold,Mumbai,UPI
C1002,O87855,2025-08-19,Beauty,Face Wash,5,4174,0,20870.0,Platinum,Chennai,Net Banking
C1896,O31088,2025-08-04,Beauty,Shampoo,1,2911,15,2474.35,Gold,Chennai,UPI
C1825,O34774,2025-12-13,Beauty,Perfume,3,2118,18,5210.28,Platinum,Pune,Credit Card
C1950,O87205,2026-02-12,Fashion,T-Shirt,3,1111,13,2899.71,Gold,Pune,Credit Card
C1878,O52102,2026-02-05,Fashion,T-Shirt,1,2533,24,1925.08,Silver,Bangalore,Debit Card
C1440,O84687,2026-03-28,Groceries,Eggs,4,1556,27,4543.52,Platinum,Bangalore,Credit Card
C1397,O34436,2026-05-17,Electronics,Headphones,3,64237,3,186929.67,Gold,Chennai,Net Banking
C1802,O82001,2025-08-25,Groceries,Rice,1,1154,23,888.58,Platinum,Hyderabad,Wallet
C1944,O79178,2025-06-18,Fashion,Jeans,2,2358,18,3867.12,Gold,Bangalore,Credit Card
C1839,O39654,2025-06-17,Beauty,Perfume,5,3260,15,13855.0,Silver,Hyderabad,Debit Card
C1226,O48959,2026-03-20,Home Decor,Wall Art,3,11490,27,25163.1,Platinum,Delhi,Credit Card
C1446,O85097,2025-11-08,Home Decor,Curtains,3,7575,16,19089.0,Silver,Hyderabad,UPI
C1390,O38321,2025-09-09,Fashion,Jacket,1,6988,24,5310.88,Platinum,Mumbai,Debit Card
C1556,O50994,2026-01-14,Fashion,Shoes,4,3473,7,12919.56,Silver,Pune,Wallet
C1116,O61538,2025-12-10,Groceries,Eggs,3,1290,27,2825.1,Platinum,Pune,Wallet
C1655,O31656,2025-11-08,Groceries,Bread,3,2386,0,7158.0,Gold,Delhi,Wallet
C1107,O55101,2025-09-23,Fashion,T-Shirt,1,4678,7,4350.54,Gold,Delhi,UPI
C1754,O10502,2025-11-18,Fashion,T-Shirt,5,3054,1,15117.3,Gold,Delhi,Wallet
C1262,O28260,2025-11-27,Groceries,Eggs,5,1741,6,8182.7,Gold,Delhi,Debit Card
C1140,O30748,2025-10-26,Groceries,Rice,2,816,18,1338.24,Platinum,Delhi,Wallet
C1815,O56064,2026-01-24,Beauty,Shampoo,2,7092,13,12340.08,Gold,Delhi,Debit Card
C1241,O16698,2026-03-19,Groceries,Bread,4,1106,5,4202.8,Platinum,Chennai,Wallet
C1833,O46309,2025-10-06,Home Decor,Carpet,5,8829,25,33108.75,Silver,Chennai,UPI
C1875,O26872,2025-08-09,Sports,Yoga Mat,4,2152,18,7058.56,Gold,Delhi,Net Banking
C1994,O20995,2026-05-31,Beauty,Shampoo,5,2314,20,9256.0,Platinum,Hyderabad,UPI
C1880,O22678,2026-01-24,Home Decor,Curtains,1,5218,1,5165.82,Silver,Hyderabad,Net Banking
C1199,O80720,2025-07-23,Sports,Football,5,8652,14,37203.6,Platinum,Mumbai,Wallet
C1814,O90443,2026-05-22,Sports,Football,3,2678,21,6346.86,Silver,Bangalore,UPI
C1236,O50010,2025-09-17,Fashion,Shoes,4,2451,8,9019.68,Silver,Bangalore,Net Banking
C1781,O17973,2025-09-01,Beauty,Shampoo,4,4931,22,15384.72,Silver,Hyderabad,Debit Card
C1773,O48869,2025-12-31,Home Decor,Curtains,3,4984,11,13307.28,Silver,Delhi,Credit Card
C1520,O77021,2026-04-20,Home Decor,Wall Art,5,11484,23,44213.4,Gold,Bangalore,Net Banking
C1174,O93264,2025-11-12,Beauty,Face Wash,4,6324,13,22007.52,Platinum,Delhi,Wallet
C1034,O92703,2026-02-11,Sports,Football,2,11246,19,18218.52,Platinum,Delhi,Credit Card
C1144,O16817,2025-12-24,Electronics,Smartphone,2,23293,11,41461.54,Gold,Mumbai,UPI
C1176,O71022,2025-08-09,Electronics,Smart Watch,1,21698,17,18009.34,Silver,Hyderabad,Wallet
C1465,O57989,2025-08-24,Beauty,Moisturizer,5,2657,30,9299.5,Silver,Mumbai,Wallet
C1421,O91132,2025-09-16,Electronics,Headphones,2,47576,16,79927.68,Silver,Mumbai,Net Banking
C1155,O65709,2025-06-23,Home Decor,Carpet,2,2821,16,4739.28,Gold,Pune,Debit Card
C1230,O20886,2025-12-02,Fashion,T-Shirt,4,1074,5,4081.2,Silver,Bangalore,Wallet
C1546,O25627,2025-11-05,Beauty,Face Wash,3,1095,4,3153.6,Silver,Mumbai,UPI
C1847,O86935,2026-01-02,Electronics,Smartphone,4,63964,6,240504.64,Platinum,Hyderabad,Credit Card
C1425,O94443,2025-12-16,Home Decor,Wall Art,1,2977,25,2232.75,Gold,Bangalore,Wallet
C1740,O77143,2025-08-27,Groceries,Rice,3,1207,13,3150.27,Gold,Mumbai,Credit Card
C1627,O39362,2026-02-12,Home Decor,Curtains,1,7220,7,6714.6,Silver,Delhi,Debit Card
C1533,O82071,2026-04-02,Electronics,Laptop,2,48065,22,74981.4,Silver,Mumbai,Net Banking
C1505,O24048,2026-02-10,Electronics,Smart Watch,4,44518,23,137115.44,Platinum,Mumbai,Debit Card
C1658,O18426,2025-12-20,Groceries,Bread,1,3492,19,2828.52,Platinum,Pune,Wallet
C1967,O37459,2025-11-03,Sports,Dumbbells,1,7273,12,6400.24,Silver,Hyderabad,Credit Card
C1167,O41150,2026-02-16,Sports,Cricket Bat,4,5239,25,15717.0,Silver,Pune,Debit Card
C1524,O37383,2025-06-17,Fashion,T-Shirt,3,2141,4,6166.08,Silver,Chennai,Debit Card
C1583,O80191,2025-12-27,Electronics,Laptop,2,11884,5,22579.6,Silver,Chennai,Credit Card
C1998,O85781,2025-09-17,Electronics,Laptop,2,63858,25,95787.0,Gold,Mumbai,Credit Card
C1073,O57508,2025-07-24,Electronics,Headphones,5,97610,10,439245.0,Platinum,Chennai,Net Banking
C1211,O16369,2025-10-28,Electronics,Headphones,1,27389,29,19446.19,Silver,Bangalore,UPI
C1900,O31766,2025-07-14,Home Decor,Curtains,4,6192,25,18576.0,Gold,Chennai,Wallet
C1382,O23541,2026-05-28,Sports,Dumbbells,1,10724,0,10724.0,Platinum,Chennai,Wallet
C1609,O93838,2025-07-20,Electronics,Smart Watch,3,30165,8,83255.4,Gold,Mumbai,Wallet
C1463,O82298,2026-05-28,Home Decor,Lamp,2,14721,22,22964.76,Gold,Bangalore,Wallet
C1410,O26123,2026-03-06,Electronics,Headphones,3,42592,6,120109.44,Gold,Pune,Wallet
C1490,O14739,2025-08-31,Home Decor,Curtains,1,9421,11,8384.69,Silver,Pune,UPI
C1013,O66855,2026-05-25,Fashion,T-Shirt,5,4176,15,17748.0,Platinum,Delhi,Debit Card
C1546,O97583,2026-04-09,Groceries,Milk,4,3086,22,9628.32,Platinum,Pune,UPI
C1029,O69295,2025-11-25,Home Decor,Carpet,2,8040,30,11256.0,Gold,Bangalore,Net Banking
C1929,O84458,2026-03-06,Sports,Cricket Bat,4,4662,22,14545.44,Platinum,Pune,Wallet
C1571,O20614,2025-09-24,Home Decor,Curtains,3,12573,11,33569.91,Gold,Mumbai,Credit Card
C1830,O70413,2025-12-10,Fashion,Shoes,3,2822,12,7450.08,Platinum,Bangalore,UPI
C1684,O83120,2026-02-13,Groceries,Milk,5,1125,29,3993.75,Gold,Pune,Debit Card
C1733,O33210,2026-05-13,Groceries,Milk,1,462,17,383.46,Silver,Mumbai,UPI
C1725,O86961,2025-06-16,Electronics,Laptop,1,29665,28,21358.8,Gold,Mumbai,Wallet
C1748,O29485,2026-01-17,Home Decor,Carpet,2,2720,18,4460.8,Silver,Chennai,Net Banking
C1326,O23197,2025-09-24,Groceries,Rice,2,1036,13,1802.64,Platinum,Mumbai,Net Banking
C1296,O45577,2026-04-16,Beauty,Face Wash,5,932,13,4054.2,Silver,Delhi,Credit Card
C1358,O20336,2026-05-04,Sports,Dumbbells,5,955,13,4154.25,Gold,Bangalore,Net Banking
C1524,O63942,2025-10-27,Fashion,Jacket,4,3812,20,12198.4,Platinum,Bangalore,UPI
C1457,O35727,2025-10-09,Groceries,Eggs,2,753,21,1189.74,Gold,Mumbai,UPI
C1824,O44124,2025-09-17,Fashion,Shoes,3,4675,22,10939.5,Gold,Pune,Debit Card
C1853,O37366,2025-07-29,Groceries,Milk,1,234,28,168.48,Silver,Mumbai,Net Banking
C1125,O39625,2025-07-31,Home Decor,Lamp,2,15602,18,25587.28,Platinum,Delhi,Net Banking
C1413,O44561,2025-08-17,Electronics,Laptop,2,26654,4,51175.68,Silver,Bangalore,Net Banking
C1944,O74449,2025-11-17,Home Decor,Carpet,2,4629,29,6573.18,Gold,Pune,Debit Card
C1639,O63901,2025-09-09,Groceries,Bread,4,556,18,1823.68,Gold,Hyderabad,UPI
C1526,O51762,2025-07-19,Groceries,Milk,5,2968,29,10536.4,Gold,Bangalore,Net Banking
C1369,O66241,2025-08-01,Home Decor,Wall Art,4,6596,27,19260.32,Platinum,Chennai,Credit Card
C1223,O21082,2025-11-30,Electronics,Smartphone,4,68296,15,232206.4,Gold,Bangalore,UPI
C1139,O87495,2026-05-28,Sports,Cricket Bat,5,15824,21,62504.8,Platinum,Pune,Net Banking
C1777,O80637,2026-04-15,Electronics,Smart Watch,1,99670,30,69769.0,Platinum,Chennai,Net Banking
C1174,O30855,2026-04-19,Electronics,Smartphone,3,89114,26,197833.08,Platinum,Bangalore,Wallet
C1469,O52548,2025-12-31,Fashion,T-Shirt,2,4137,13,7198.38,Silver,Delhi,Debit Card
C1462,O48841,2025-06-07,Electronics,Smart Watch,3,65856,17,163981.44,Platinum,Bangalore,Wallet
C1276,O74733,2026-04-09,Sports,Yoga Mat,5,1264,27,4613.6,Gold,Delhi,Wallet
C1241,O39769,2026-02-24,Sports,Yoga Mat,1,8128,6,7640.32,Gold,Pune,Credit Card
C1848,O65225,2026-04-16,Beauty,Perfume,1,4558,29,3236.18,Platinum,Pune,Debit Card
C1576,O49017,2025-06-16,Groceries,Rice,5,2905,19,11765.25,Gold,Pune,UPI
C1460,O59813,2025-06-05,Fashion,Jeans,2,6747,16,11334.96,Gold,Pune,Debit Card
C1497,O37629,2026-04-01,Beauty,Shampoo,4,2664,21,8418.24,Platinum,Pune,Net Banking
C1031,O32215,2026-03-13,Fashion,Shoes,2,6339,18,10395.96,Gold,Pune,Net Banking
C1039,O81887,2025-12-08,Fashion,Shoes,1,1207,12,1062.16,Silver,Hyderabad,Credit Card
C1041,O84215,2025-08-25,Fashion,Jacket,1,1417,26,1048.58,Gold,Pune,Wallet
C1245,O65424,2026-03-25,Fashion,T-Shirt,4,2985,17,9910.2,Gold,Delhi,Wallet
C1683,O56424,2025-12-17,Beauty,Moisturizer,1,6241,13,5429.67,Gold,Hyderabad,Wallet
C1426,O30709,2025-10-10,Electronics,Smartphone,4,47220,3,183213.6,Silver,Hyderabad,UPI
C1372,O76316,2025-09-15,Sports,Cricket Bat,5,4368,30,15288.0,Gold,Bangalore,Debit Card
C1500,O22889,2026-04-23,Home Decor,Carpet,5,14590,29,51794.5,Gold,Bangalore,Debit Card
C1282,O70058,2026-03-06,Sports,Dumbbells,3,7841,12,20700.24,Silver,Hyderabad,Credit Card
C1645,O44824,2026-04-01,Fashion,Shoes,5,5188,6,24383.6,Gold,Delhi,Wallet
C1053,O50767,2025-08-12,Home Decor,Wall Art,1,1617,27,1180.41,Gold,Chennai,Net Banking
C1098,O76645,2026-05-12,Beauty,Shampoo,5,2368,16,9945.6,Silver,Mumbai,Wallet
C1549,O89176,2026-04-24,Home Decor,Carpet,5,7523,21,29715.85,Silver,Chennai,Net Banking
C1515,O57161,2026-04-27,Fashion,Shoes,5,2254,28,8114.4,Gold,Delhi,UPI
C1753,O12166,2025-10-13,Home Decor,Wall Art,4,9963,27,29091.96,Silver,Bangalore,Wallet
C1499,O32714,2026-04-07,Home Decor,Carpet,5,10782,10,48519.0,Platinum,Chennai,Debit Card
C1424,O82790,2026-05-10,Electronics,Laptop,5,49278,2,241462.2,Silver,Mumbai,UPI
C1650,O26079,2026-05-30,Sports,Football,4,3397,7,12636.84,Silver,Delhi,Wallet
C1657,O90427,2025-11-23,Sports,Football,4,7302,17,24242.64,Gold,Chennai,Wallet
C1536,O38333,2026-01-16,Groceries,Eggs,1,1696,1,1679.04,Gold,Chennai,Credit Card
C1368,O31308,2025-12-21,Electronics,Headphones,5,37249,26,137821.3,Silver,Delhi,Net Banking
C1787,O87278,2026-03-03,Beauty,Perfume,1,819,5,778.05,Silver,Chennai,Net Banking
C1159,O44952,2025-07-28,Beauty,Moisturizer,4,4185,9,15233.4,Silver,Pune,Debit Card
C1767,O35628,2025-07-08,Home Decor,Lamp,3,11437,5,32595.45,Gold,Delhi,Credit Card
C1827,O98758,2025-11-18,Groceries,Eggs,4,2646,28,7620.48,Gold,Hyderabad,Net Banking
C1423,O23380,2025-06-18,Sports,Football,5,10722,9,48785.1,Platinum,Delhi,Debit Card
C1680,O70349,2025-12-18,Fashion,Jeans,5,5176,26,19151.2,Platinum,Pune,Debit Card
C1191,O69928,2025-08-10,Groceries,Milk,4,1905,5,7239.0,Gold,Delhi,Net Banking
C1732,O48142,2025-12-16,Sports,Cricket Bat,3,7388,3,21499.08,Platinum,Delhi,Credit Card
C1295,O69387,2026-04-09,Beauty,Shampoo,4,2154,6,8099.04,Gold,Hyderabad,Net Banking
C1531,O77790,2025-06-17,Sports,Dumbbells,3,4008,5,11422.8,Platinum,Chennai,UPI
C1159,O54117,2025-12-13,Sports,Football,5,5910,20,23640.0,Platinum,Pune,Debit Card
C1678,O77214,2026-06-01,Beauty,Shampoo,2,4304,4,8263.68,Silver,Delhi,Net Banking
C1729,O70893,2026-05-26,Fashion,Shoes,2,3208,30,4491.2,Gold,Pune,Debit Card
C1598,O63138,2025-08-25,Groceries,Milk,5,3110,21,12284.5,Platinum,Mumbai,Debit Card
C1237,O11236,2025-06-12,Fashion,Shoes,2,2699,21,4264.42,Silver,Mumbai,Debit Card
C1323,O69054,2025-12-27,Home Decor,Wall Art,4,3610,0,14440.0,Gold,Bangalore,UPI
C1767,O88762,2026-05-23,Home Decor,Lamp,1,2601,2,2548.98,Gold,Pune,Net Banking
C1877,O95591,2025-07-16,Fashion,Shoes,5,7188,22,28033.2,Platinum,Pune,Net Banking
C1143,O64901,2025-10-06,Beauty,Moisturizer,3,3066,3,8922.06,Gold,Mumbai,Wallet
C1607,O22750,2026-04-09,Sports,Dumbbells,3,5623,24,12820.44,Silver,Hyderabad,UPI
C1424,O10691,2026-04-20,Electronics,Laptop,1,45597,24,34653.72,Gold,Hyderabad,Debit Card
C1064,O76221,2025-09-14,Groceries,Rice,2,2088,29,2964.96,Platinum,Delhi,Wallet
C1208,O99270,2025-07-10,Home Decor,Wall Art,5,1834,13,7977.9,Gold,Bangalore,Credit Card
C1206,O38394,2025-09-26,Beauty,Shampoo,5,2447,21,9665.65,Silver,Chennai,Net Banking
C1873,O70457,2025-09-08,Sports,Dumbbells,5,11290,28,40644.0,Gold,Hyderabad,Credit Card
C1551,O94777,2026-05-06,Groceries,Rice,4,2724,8,10024.32,Gold,Bangalore,Debit Card
C1169,O13714,2026-03-25,Groceries,Eggs,3,1206,15,3075.3,Gold,Delhi,Net Banking
C1332,O81799,2025-08-17,Home Decor,Lamp,4,11832,17,39282.24,Gold,Hyderabad,Net Banking
C1801,O87304,2025-12-14,Electronics,Laptop,4,11910,10,42876.0,Gold,Pune,Wallet
C1352,O89186,2025-08-17,Home Decor,Wall Art,1,9547,13,8305.89,Gold,Bangalore,Wallet
C1668,O33187,2025-07-03,Sports,Dumbbells,3,5392,28,11646.72,Gold,Delhi,Net Banking
C1165,O45480,2026-04-01,Home Decor,Wall Art,3,1712,6,4827.84,Silver,Mumbai,UPI
C1537,O99364,2026-02-28,Home Decor,Lamp,1,19692,26,14572.08,Platinum,Delhi,Debit Card
C1481,O13638,2025-07-13,Fashion,Shoes,4,4001,16,13443.36,Silver,Pune,Wallet
C1133,O75955,2025-12-17,Sports,Yoga Mat,1,5295,20,4236.0,Gold,Bangalore,Net Banking
C1025,O71281,2025-10-13,Electronics,Headphones,5,35640,24,135432.0,Silver,Mumbai,Wallet
C1515,O88214,2025-11-30,Home Decor,Curtains,4,8200,28,23616.0,Gold,Chennai,Credit Card
C1386,O75748,2025-09-02,Home Decor,Carpet,4,19420,5,73796.0,Platinum,Mumbai,Net Banking
C1916,O46671,2025-07-31,Electronics,Laptop,5,61192,21,241708.4,Gold,Delhi,Net Banking
C1345,O42004,2026-02-20,Groceries,Milk,2,472,11,840.16,Silver,Mumbai,UPI
C1855,O73040,2026-04-11,Groceries,Milk,2,1232,9,2242.24,Silver,Chennai,Credit Card
C1065,O58897,2025-09-29,Groceries,Rice,5,1983,3,9617.55,Gold,Pune,Net Banking
C1193,O86196,2025-10-12,Sports,Cricket Bat,3,15054,24,34323.12,Platinum,Mumbai,Net Banking
C1893,O71715,2026-05-30,Beauty,Face Wash,2,4257,14,7322.04,Gold,Mumbai,Debit Card
C1378,O23752,2026-01-12,Groceries,Eggs,1,745,30,521.5,Silver,Hyderabad,UPI
C1275,O52643,2026-04-11,Home Decor,Wall Art,3,9143,3,26606.13,Silver,Chennai,UPI
C1002,O94266,2025-10-02,Home Decor,Curtains,1,7871,22,6139.38,Silver,Pune,Wallet
C1106,O80733,2025-07-26,Beauty,Face Wash,1,6880,13,5985.6,Platinum,Pune,Wallet
C1654,O11133,2026-03-02,Fashion,Jacket,1,4884,20,3907.2,Gold,Chennai,UPI
C1922,O46767,2025-07-04,Fashion,Jacket,3,3090,1,9177.3,Platinum,Mumbai,Credit Card
C1134,O27656,2026-05-16,Fashion,Jacket,4,1128,20,3609.6,Silver,Pune,UPI
C1804,O38829,2025-11-20,Electronics,Headphones,4,53332,18,174928.96,Platinum,Mumbai,Debit Card
C1862,O21223,2025-11-06,Sports,Football,5,3304,23,12720.4,Gold,Mumbai,Credit Card
C1565,O37570,2026-04-15,Fashion,Jeans,2,6150,17,10209.0,Platinum,Mumbai,Credit Card
C1781,O57149,2026-02-26,Sports,Cricket Bat,5,11784,17,48903.6,Platinum,Bangalore,Net Banking
C1337,O36200,2026-03-20,Sports,Dumbbells,4,4215,17,13993.8,Gold,Hyderabad,UPI
C1843,O51983,2026-02-07,Sports,Football,2,12892,19,20885.04,Platinum,Mumbai,Credit Card
C1451,O85097,2025-08-27,Fashion,T-Shirt,5,7650,22,29835.0,Platinum,Pune,Credit Card
C1006,O62390,2026-02-07,Home Decor,Wall Art,5,1771,4,8500.8,Silver,Delhi,Net Banking
C1343,O77658,2026-02-14,Home Decor,Carpet,3,7698,27,16858.62,Gold,Chennai,Net Banking
C1558,O99689,2026-02-23,Fashion,T-Shirt,1,1649,16,1385.16,Silver,Delhi,UPI
C1841,O97109,2025-10-31,Beauty,Face Wash,4,7071,23,21778.68,Gold,Bangalore,Credit Card
C1801,O74892,2026-01-12,Home Decor,Lamp,1,9333,1,9239.67,Silver,Chennai,Debit Card
C1343,O22993,2025-08-06,Electronics,Headphones,2,29887,29,42439.54,Silver,Delhi,Net Banking
C1769,O98949,2025-10-29,Fashion,Jacket,2,7536,1,14921.28,Platinum,Pune,Wallet
C1801,O39230,2026-04-17,Groceries,Eggs,1,935,22,729.3,Silver,Delhi,Wallet
C1539,O26331,2026-02-06,Electronics,Laptop,5,12760,9,58058.0,Silver,Delhi,Net Banking
C1889,O44911,2025-06-12,Fashion,Shoes,5,1783,26,6597.1,Silver,Bangalore,UPI
C1617,O84790,2025-08-11,Electronics,Headphones,3,21927,15,55913.85,Gold,Hyderabad,Credit Card
C1879,O30271,2025-08-21,Fashion,T-Shirt,2,2914,18,4778.96,Platinum,Bangalore,Debit Card
C1581,O27462,2026-01-06,Home Decor,Carpet,5,10339,8,47559.4,Gold,Pune,Credit Card
C1485,O60397,2026-03-08,Home Decor,Curtains,1,12908,18,10584.56,Platinum,Pune,Credit Card
C1977,O28359,2026-03-07,Groceries,Milk,3,2961,12,7817.04,Gold,Pune,Credit Card
C1277,O86899,2025-12-31,Fashion,Jacket,4,2148,17,7131.36,Gold,Delhi,Debit Card
C1189,O16828,2026-04-20,Sports,Yoga Mat,2,5500,27,8030.0,Gold,Bangalore,Debit Card
C1555,O15803,2025-09-07,Fashion,T-Shirt,3,4629,14,11942.82,Gold,Mumbai,Credit Card
C1919,O16992,2025-08-08,Beauty,Shampoo,1,7696,14,6618.56,Platinum,Chennai,Wallet
C1827,O73048,2026-05-21,Electronics,Smart Watch,3,62646,7,174782.34,Platinum,Pune,Credit Card
C1500,O10862,2025-06-16,Groceries,Milk,5,786,28,2829.6,Silver,Delhi,UPI
C1578,O40535,2025-06-12,Groceries,Bread,1,676,20,540.8,Platinum,Pune,Debit Card
C1370,O81196,2025-09-09,Beauty,Shampoo,1,2455,15,2086.75,Gold,Chennai,Net Banking
C1691,O37917,2026-01-26,Sports,Football,3,4441,22,10391.94,Silver,Bangalore,Net Banking
C1277,O18943,2025-06-27,Groceries,Rice,5,2322,22,9055.8,Platinum,Pune,Credit Card
C1824,O81254,2025-08-02,Groceries,Milk,5,3008,11,13385.6,Platinum,Bangalore,UPI
C1443,O88205,2025-09-03,Sports,Dumbbells,3,10864,14,28029.12,Gold,Chennai,UPI
C1979,O55427,2025-06-05,Home Decor,Wall Art,1,9854,15,8375.9,Platinum,Mumbai,Wallet
C1610,O21109,2025-06-23,Sports,Dumbbells,3,2109,9,5757.57,Silver,Hyderabad,Debit Card
C1881,O16950,2025-12-24,Beauty,Face Wash,3,806,8,2224.56,Silver,Mumbai,Net Banking
C1301,O43494,2026-03-24,Beauty,Perfume,1,7110,27,5190.3,Gold,Chennai,Wallet
C1725,O50002,2026-03-26,Groceries,Eggs,2,407,1,805.86,Silver,Chennai,Wallet
C1300,O99215,2025-08-31,Electronics,Smartphone,4,30626,27,89427.92,Platinum,Pune,Net Banking
C1844,O45195,2025-12-07,Home Decor,Carpet,3,3118,0,9354.0,Silver,Hyderabad,Net Banking
C1487,O76651,2026-06-03,Electronics,Laptop,4,57954,0,231816.0,Platinum,Pune,Wallet
C1421,O81196,2025-10-16,Fashion,Jeans,5,4636,18,19007.6,Silver,Bangalore,Net Banking
C1699,O20181,2025-12-29,Beauty,Shampoo,4,2018,11,7184.08,Platinum,Delhi,Debit Card
C1891,O83601,2026-01-21,Home Decor,Carpet,2,8172,27,11931.12,Silver,Delhi,UPI
C1334,O44009,2025-10-09,Electronics,Smart Watch,1,32398,17,26890.34,Gold,Pune,Credit Card
C1548,O69564,2025-10-29,Beauty,Face Wash,2,3228,24,4906.56,Gold,Delhi,Debit Card
C1809,O64139,2026-01-27,Fashion,T-Shirt,2,3309,25,4963.5,Gold,Hyderabad,UPI
C1701,O79794,2025-07-29,Groceries,Bread,5,151,25,566.25,Gold,Hyderabad,Wallet
C1234,O90473,2025-09-09,Fashion,Shoes,1,2215,10,1993.5,Gold,Pune,Net Banking
C1596,O93243,2025-12-01,Sports,Yoga Mat,1,11205,3,10868.85,Gold,Pune,Net Banking
C1837,O11280,2025-12-20,Groceries,Rice,2,2020,6,3797.6,Gold,Pune,Credit Card
C1105,O73821,2025-12-18,Fashion,T-Shirt,1,3051,4,2928.96,Silver,Pune,Net Banking
C1208,O22346,2026-02-12,Groceries,Eggs,2,3702,22,5775.12,Platinum,Bangalore,Debit Card
C1094,O97471,2025-06-22,Electronics,Smartphone,2,69006,6,129731.28,Platinum,Bangalore,Debit Card
C1389,O50116,2026-02-19,Electronics,Laptop,4,15309,15,52050.6,Gold,Delhi,Net Banking
C1573,O58213,2026-05-18,Electronics,Laptop,2,73554,3,142694.76,Gold,Chennai,UPI
C1693,O54625,2025-10-02,Beauty,Shampoo,2,4273,14,7349.56,Silver,Mumbai,UPI
C1509,O54563,2025-06-26,Home Decor,Wall Art,2,4912,28,7073.28,Gold,Hyderabad,UPI
C1982,O47593,2026-03-31,Fashion,T-Shirt,1,6714,10,6042.6,Gold,Mumbai,Debit Card
C1569,O18358,2025-07-16,Sports,Dumbbells,5,10818,6,50844.6,Platinum,Hyderabad,Net Banking
C1243,O95799,2026-03-22,Fashion,Shoes,2,5810,13,10109.4,Platinum,Hyderabad,Debit Card
C1631,O34628,2026-04-14,Beauty,Moisturizer,3,6268,15,15983.4,Platinum,Bangalore,Credit Card
C1132,O89283,2025-11-26,Home Decor,Curtains,3,7626,17,18988.74,Platinum,Hyderabad,Debit Card
C1291,O87958,2026-05-29,Electronics,Laptop,2,63376,13,110274.24,Platinum,Pune,UPI
C1297,O88199,2025-09-23,Beauty,Face Wash,4,1062,27,3101.04,Platinum,Chennai,Credit Card
C1001,O45767,2025-10-15,Fashion,T-Shirt,3,3828,18,9416.88,Silver,Mumbai,Credit Card
C1577,O13146,2026-01-19,Fashion,Shoes,1,1096,22,854.88,Gold,Bangalore,Net Banking
C1335,O17246,2026-01-22,Groceries,Eggs,4,1186,28,3415.68,Platinum,Delhi,Net Banking
C1606,O78672,2025-06-25,Fashion,T-Shirt,4,1538,4,5905.92,Platinum,Bangalore,UPI
C1366,O86682,2025-10-15,Beauty,Shampoo,3,4464,28,9642.24,Silver,Chennai,UPI
C1037,O68563,2025-11-27,Sports,Football,3,5312,18,13067.52,Platinum,Bangalore,Wallet
C1132,O48944,2026-05-21,Sports,Dumbbells,2,2283,24,3470.16,Gold,Hyderabad,UPI
C1159,O31830,2025-07-05,Fashion,Shoes,5,2043,3,9908.55,Gold,Delhi,Credit Card
C1651,O49830,2026-03-31,Home Decor,Curtains,3,8118,10,21918.6,Silver,Chennai,UPI
C1256,O13997,2025-11-11,Sports,Football,2,11172,12,19662.72,Gold,Hyderabad,Credit Card
C1954,O68995,2025-08-23,Electronics,Smartphone,2,24022,25,36033.0,Gold,Chennai,Credit Card
C1698,O32148,2025-09-18,Fashion,Jeans,1,4305,1,4261.95,Silver,Chennai,Debit Card
C1321,O32481,2025-06-17,Electronics,Smart Watch,3,49472,30,103891.2,Platinum,Pune,Wallet
C1781,O68925,2025-09-24,Beauty,Shampoo,4,7261,23,22363.88,Gold,Delhi,UPI
C1178,O95725,2025-10-28,Groceries,Bread,4,404,16,1357.44,Platinum,Hyderabad,UPI
C1862,O58762,2025-12-14,Beauty,Moisturizer,3,4276,25,9621.0,Silver,Chennai,Net Banking
C1690,O43166,2025-08-02,Home Decor,Wall Art,1,7299,17,6058.17,Silver,Pune,Net Banking
C1922,O44739,2025-08-26,Groceries,Milk,2,3138,11,5585.64,Platinum,Delhi,Debit Card
C1690,O59877,2026-04-03,Beauty,Face Wash,5,1048,26,3877.6,Gold,Pune,Debit Card
C1092,O61833,2026-05-09,Electronics,Laptop,1,13629,21,10766.91,Silver,Delhi,UPI
C1904,O69747,2025-06-21,Home Decor,Carpet,4,14611,22,45586.32,Gold,Pune,UPI
C1429,O41683,2025-10-27,Fashion,Shoes,3,4323,29,9207.99,Gold,Delhi,UPI
C1671,O64877,2025-11-05,Fashion,T-Shirt,1,4288,19,3473.28,Silver,Hyderabad,Debit Card
C1172,O22805,2025-11-12,Beauty,Perfume,2,5096,8,9376.64,Platinum,Pune,UPI
C1323,O36904,2026-03-27,Groceries,Milk,5,2979,5,14150.25,Gold,Pune,Net Banking
C1931,O68541,2026-04-19,Sports,Yoga Mat,3,2205,27,4828.95,Silver,Delhi,Net Banking
C1188,O92514,2026-03-23,Electronics,Headphones,4,19248,27,56204.16,Gold,Bangalore,UPI
C1888,O96676,2026-02-05,Fashion,T-Shirt,5,3086,7,14349.9,Silver,Chennai,Net Banking
C1829,O79559,2025-12-24,Beauty,Shampoo,5,9610,27,35076.5,Platinum,Delhi,Net Banking
C1917,O81348,2025-08-24,Fashion,Jeans,5,9040,1,44748.0,Platinum,Bangalore,Debit Card
C1743,O71434,2025-10-15,Sports,Cricket Bat,1,939,22,732.42,Silver,Mumbai,Net Banking
C1714,O23965,2026-02-11,Fashion,Shoes,1,4712,23,3628.24,Platinum,Chennai,Debit Card
C1675,O11201,2025-12-01,Sports,Dumbbells,5,4183,7,19450.95,Gold,Pune,Credit Card
C1142,O16444,2025-08-13,Beauty,Shampoo,3,3994,18,9825.24,Gold,Bangalore,UPI
C1233,O31331,2026-01-05,Sports,Cricket Bat,3,4934,11,13173.78,Silver,Delhi,Debit Card
C1546,O67555,2025-07-18,Home Decor,Curtains,3,6150,18,15129.0,Gold,Hyderabad,Debit Card
C1286,O67426,2026-01-03,Fashion,Shoes,3,544,18,1338.24,Silver,Bangalore,UPI
C1872,O49432,2026-02-16,Beauty,Face Wash,2,3010,1,5959.8,Gold,Bangalore,Wallet
C1127,O98706,2026-02-12,Sports,Football,5,852,17,3535.8,Silver,Mumbai,Net Banking
C1815,O11993,2026-05-06,Electronics,Smartphone,1,96830,23,74559.1,Platinum,Hyderabad,Wallet
C1754,O41562,2025-07-11,Beauty,Face Wash,3,6907,1,20513.79,Gold,Chennai,Debit Card
C1814,O59903,2025-08-29,Fashion,Jeans,3,2482,1,7371.54,Silver,Delhi,Wallet
C1183,O86422,2025-06-11,Beauty,Face Wash,4,7198,9,26200.72,Gold,Bangalore,Credit Card
C1999,O16951,2025-07-15,Fashion,T-Shirt,3,5302,20,12724.8,Gold,Hyderabad,Debit Card
C1229,O82154,2025-06-09,Groceries,Bread,5,1945,30,6807.5,Gold,Pune,Net Banking
C1004,O56267,2026-02-05,Home Decor,Curtains,4,14242,5,54119.6,Gold,Bangalore,UPI
C1075,O30383,2025-08-05,Sports,Cricket Bat,3,2841,26,6307.02,Silver,Chennai,Wallet
C1529,O47013,2026-04-23,Sports,Cricket Bat,3,5278,14,13617.24,Silver,Delhi,Debit Card
C1044,O11280,2026-01-05,Beauty,Moisturizer,1,437,19,353.97,Silver,Pune,Net Banking
C1098,O56919,2026-04-15,Home Decor,Carpet,2,14976,24,22763.52,Gold,Pune,Wallet
C1935,O48172,2026-03-22,Beauty,Shampoo,2,3669,20,5870.4,Gold,Mumbai,Debit Card
C1457,O51474,2026-02-07,Groceries,Rice,2,849,30,1188.6,Gold,Hyderabad,UPI
C1785,O32606,2026-04-08,Home Decor,Curtains,4,5923,27,17295.16,Silver,Bangalore,UPI
C1996,O84945,2025-06-07,Beauty,Perfume,1,4534,7,4216.62,Gold,Hyderabad,Credit Card
C1035,O68252,2026-03-01,Beauty,Face Wash,4,4100,18,13448.0,Platinum,Delhi,Credit Card
C1131,O78735,2025-10-31,Home Decor,Lamp,5,12784,25,47940.0,Platinum,Pune,Debit Card
C1835,O95905,2025-11-05,Fashion,Shoes,3,1766,4,5086.08,Platinum,Hyderabad,Debit Card
C1102,O98858,2025-09-09,Fashion,Jacket,5,2669,21,10542.55,Silver,Chennai,Wallet
C1914,O76638,2025-08-06,Sports,Football,3,12318,13,32149.98,Platinum,Chennai,Credit Card
C1621,O79717,2025-06-12,Groceries,Bread,2,1690,0,3380.0,Platinum,Bangalore,Credit Card
C1752,O86085,2026-01-23,Groceries,Milk,1,1245,4,1195.2,Gold,Bangalore,Net Banking
C1812,O86347,2026-04-13,Sports,Cricket Bat,5,5178,2,25372.2,Silver,Mumbai,Credit Card
C1415,O43665,2025-12-05,Sports,Cricket Bat,1,2443,8,2247.56,Gold,Hyderabad,UPI
C1444,O34257,2026-05-14,Beauty,Perfume,4,9362,24,28460.48,Platinum,Hyderabad,Credit Card
C1198,O29865,2026-05-25,Groceries,Rice,3,696,7,1941.84,Gold,Pune,Debit Card
C1087,O80580,2025-11-04,Groceries,Milk,4,1072,20,3430.4,Platinum,Hyderabad,Credit Card
C1721,O75114,2026-04-18,Sports,Football,4,5578,1,22088.88,Gold,Delhi,Net Banking
C1050,O79255,2025-12-25,Sports,Dumbbells,4,2086,21,6591.76,Gold,Delhi,Credit Card
C1395,O24706,2025-08-17,Groceries,Eggs,4,2049,1,8114.04,Gold,Delhi,Net Banking
C1616,O66812,2026-04-16,Home Decor,Lamp,4,16716,27,48810.72,Platinum,Pune,UPI
C1439,O52185,2026-05-29,Fashion,Jeans,5,7275,7,33828.75,Gold,Mumbai,Debit Card
C1178,O21811,2026-04-23,Home Decor,Wall Art,3,5995,23,13848.45,Silver,Pune,Net Banking
C1270,O54404,2025-09-15,Groceries,Milk,1,824,27,601.52,Silver,Hyderabad,Credit Card
C1324,O22297,2026-02-04,Beauty,Face Wash,3,2558,4,7367.04,Platinum,Bangalore,Net Banking
C1411,O62881,2025-08-30,Electronics,Smartphone,1,64510,30,45157.0,Platinum,Mumbai,Debit Card
C1972,O71933,2026-05-25,Electronics,Headphones,5,43888,13,190912.8,Gold,Delhi,Net Banking
C1624,O84719,2026-05-07,Home Decor,Lamp,5,9208,30,32228.0,Silver,Delhi,Net Banking
C1830,O87381,2026-04-13,Home Decor,Carpet,2,8070,15,13719.0,Silver,Pune,Wallet
C1107,O51831,2026-03-02,Beauty,Moisturizer,5,6474,28,23306.4,Platinum,Delhi,Net Banking
C1353,O53240,2025-10-20,Fashion,T-Shirt,4,1501,16,5043.36,Gold,Hyderabad,Wallet
C1183,O41490,2026-04-16,Beauty,Moisturizer,3,865,22,2024.1,Silver,Delhi,Net Banking
C1471,O13030,2025-08-25,Fashion,Shoes,3,2215,20,5316.0,Silver,Hyderabad,Net Banking
C1159,O82357,2026-03-08,Electronics,Smart Watch,2,46624,7,86720.64,Platinum,Delhi,Wallet
C1522,O99636,2025-09-07,Electronics,Smartphone,2,10618,8,19537.12,Platinum,Delhi,Debit Card
C1404,O92614,2026-02-04,Groceries,Bread,4,1354,13,4711.92,Silver,Pune,Wallet
C1406,O79690,2025-11-29,Fashion,Shoes,5,6673,3,32364.05,Gold,Chennai,Credit Card
C1037,O72092,2025-12-06,Fashion,T-Shirt,3,5236,21,12409.32,Platinum,Pune,Debit Card
C1417,O77362,2026-01-27,Groceries,Rice,4,592,21,1870.72,Platinum,Bangalore,Wallet
C1953,O37936,2026-03-28,Electronics,Smart Watch,1,43086,7,40069.98,Gold,Chennai,Debit Card
C1643,O43496,2025-08-23,Electronics,Headphones,2,74169,11,132020.82,Gold,Mumbai,Credit Card
C1963,O22002,2025-11-17,Beauty,Perfume,5,4056,29,14398.8,Gold,Chennai,Net Banking
C1894,O69170,2025-06-22,Home Decor,Lamp,4,8626,13,30018.48,Gold,Delhi,Wallet
C1416,O97398,2026-03-23,Groceries,Bread,4,1891,20,6051.2,Gold,Pune,Debit Card
C1760,O22190,2026-01-01,Beauty,Perfume,5,5545,5,26338.75,Gold,Pune,Credit Card
C1457,O27646,2026-05-26,Electronics,Headphones,3,52804,26,117224.88,Gold,Hyderabad,Net Banking
C1242,O28044,2026-03-11,Sports,Cricket Bat,1,3547,25,2660.25,Silver,Mumbai,Net Banking
C1823,O98086,2025-12-13,Fashion,Jacket,3,3196,2,9396.24,Gold,Chennai,UPI
C1579,O54837,2025-08-28,Beauty,Moisturizer,5,4018,2,19688.2,Silver,Delhi,Net Banking
C1397,O43602,2025-10-12,Electronics,Laptop,4,90488,26,267844.48,Platinum,Hyderabad,Credit Card
C1990,O99961,2026-05-27,Home Decor,Curtains,5,10477,21,41384.15,Gold,Mumbai,Net Banking
C1275,O69569,2026-02-25,Fashion,Jeans,3,1854,19,4505.22,Platinum,Mumbai,Wallet
C1333,O72084,2026-04-08,Beauty,Moisturizer,4,4195,12,14766.4,Gold,Pune,Credit Card
C1576,O48988,2025-09-21,Groceries,Bread,1,1978,26,1463.72,Platinum,Pune,Wallet
C1111,O18693,2025-07-05,Beauty,Shampoo,2,6031,15,10252.7,Gold,Delhi,Wallet
C1956,O97910,2025-10-15,Home Decor,Carpet,3,10646,25,23953.5,Platinum,Hyderabad,Wallet
C1572,O75858,2026-01-31,Groceries,Milk,1,1726,22,1346.28,Platinum,Pune,Debit Card
C1862,O70253,2026-04-19,Groceries,Rice,4,1614,8,5939.52,Silver,Mumbai,Debit Card
C1966,O54306,2025-12-08,Electronics,Headphones,4,20146,14,69302.24,Platinum,Delhi,Net Banking
C1681,O92775,2025-08-07,Home Decor,Carpet,4,8509,16,28590.24,Gold,Mumbai,Credit Card
C1759,O94343,2025-07-01,Electronics,Laptop,4,16773,6,63066.48,Gold,Mumbai,UPI
C1120,O15455,2025-09-20,Electronics,Smartphone,2,10258,5,19490.2,Gold,Hyderabad,UPI
C1478,O99439,2026-03-11,Beauty,Perfume,1,6840,12,6019.2,Platinum,Mumbai,Wallet
C1625,O77993,2026-04-18,Sports,Cricket Bat,3,9120,19,22161.6,Platinum,Delhi,Credit Card
C1750,O39165,2025-09-21,Home Decor,Carpet,2,8282,27,12091.72,Platinum,Mumbai,Debit Card
C1512,O10572,2025-12-28,Groceries,Milk,1,1106,0,1106.0,Silver,Bangalore,Credit Card
C1617,O67757,2025-10-13,Home Decor,Lamp,2,8177,24,12429.04,Silver,Pune,Net Banking
C1203,O75861,2026-01-23,Beauty,Face Wash,5,6402,1,31689.9,Platinum,Hyderabad,Credit Card
C1401,O57535,2026-04-20,Fashion,T-Shirt,1,1218,18,998.76,Platinum,Chennai,Debit Card
C1537,O59288,2025-11-17,Sports,Cricket Bat,4,5340,15,18156.0,Gold,Delhi,Net Banking
C1606,O98983,2025-07-22,Beauty,Perfume,5,2236,15,9503.0,Silver,Chennai,UPI
C1298,O75939,2025-07-20,Groceries,Eggs,4,579,17,1922.28,Silver,Chennai,Wallet
C1850,O29417,2025-10-04,Groceries,Eggs,5,1056,12,4646.4,Gold,Hyderabad,UPI
C1464,O61671,2025-07-24,Electronics,Smartphone,5,27718,1,137204.1,Silver,Delhi,Credit Card
C1009,O70746,2026-01-10,Sports,Football,3,7904,9,21577.92,Silver,Hyderabad,Net Banking
C1571,O11134,2026-01-15,Sports,Dumbbells,3,4201,30,8822.1,Gold,Mumbai,Wallet
C1107,O33163,2025-10-10,Fashion,Jeans,3,3702,12,9773.28,Gold,Hyderabad,Net Banking
C1152,O58321,2025-10-29,Fashion,Jeans,5,3061,16,12856.2,Silver,Pune,Wallet
C1913,O88817,2026-01-01,Fashion,Jacket,2,3638,24,5529.76,Silver,Mumbai,Net Banking
C1530,O38129,2025-08-09,Groceries,Eggs,3,2300,0,6900.0,Platinum,Mumbai,Credit Card
C1861,O28575,2025-11-16,Home Decor,Curtains,4,8298,29,23566.32,Platinum,Hyderabad,Credit Card
C1656,O87818,2026-03-30,Sports,Dumbbells,4,1590,15,5406.0,Platinum,Chennai,Wallet
C1577,O18597,2026-05-04,Beauty,Face Wash,4,2663,10,9586.8,Silver,Chennai,Net Banking
C1324,O82634,2025-10-25,Groceries,Eggs,2,3752,16,6303.36,Platinum,Bangalore,Debit Card
C1736,O83828,2025-06-12,Sports,Football,5,5512,15,23426.0,Platinum,Chennai,Net Banking
C1201,O62273,2026-04-25,Electronics,Laptop,5,63676,7,296093.4,Gold,Pune,Credit Card
C1149,O31619,2025-06-27,Beauty,Shampoo,2,4240,23,6529.6,Gold,Pune,Debit Card
C1081,O96537,2025-09-07,Sports,Football,5,4398,23,16932.3,Gold,Chennai,Credit Card
C1750,O97734,2025-10-19,Groceries,Eggs,1,576,15,489.6,Silver,Delhi,Credit Card
C1768,O92544,2025-12-15,Beauty,Moisturizer,1,7204,23,5547.08,Gold,Chennai,Debit Card
C1453,O87409,2025-11-27,Home Decor,Curtains,5,4487,14,19294.1,Silver,Pune,Net Banking
C1329,O15145,2026-02-02,Electronics,Headphones,2,23296,1,46126.08,Gold,Delhi,Debit Card
C1232,O67487,2026-01-19,Home Decor,Carpet,5,7643,24,29043.4,Silver,Hyderabad,Debit Card
C1458,O92086,2025-11-23,Home Decor,Curtains,4,1380,30,3864.0,Silver,Hyderabad,Credit Card
C1521,O12914,2025-09-21,Sports,Football,3,3780,16,9525.6,Platinum,Chennai,Net Banking
C1973,O65055,2025-09-04,Electronics,Smart Watch,1,96192,4,92344.32,Platinum,Mumbai,Debit Card
C1751,O43278,2026-05-01,Beauty,Face Wash,2,5256,13,9145.44,Gold,Delhi,Debit Card
C1378,O60611,2026-04-21,Fashion,Shoes,1,5580,0,5580.0,Platinum,Mumbai,Debit Card
C1994,O76146,2025-06-08,Home Decor,Curtains,4,9368,17,31101.76,Platinum,Pune,Debit Card
C1096,O57504,2026-02-02,Groceries,Milk,5,1057,0,5285.0,Gold,Mumbai,Debit Card
C1754,O19465,2025-11-06,Groceries,Eggs,1,1961,24,1490.36,Silver,Mumbai,UPI
C1386,O43077,2025-12-01,Fashion,Jeans,1,5974,26,4420.76,Platinum,Chennai,Credit Card
C1852,O17873,2026-03-03,Sports,Cricket Bat,2,11851,0,23702.0,Gold,Hyderabad,Net Banking
C1503,O12078,2025-08-18,Sports,Yoga Mat,1,1407,0,1407.0,Gold,Delhi,UPI
C1841,O33243,2025-08-19,Home Decor,Carpet,2,1605,22,2503.8,Gold,Mumbai,Debit Card
C1044,O24680,2026-04-10,Fashion,Jacket,5,1151,5,5467.25,Silver,Bangalore,Net Banking
C1762,O68512,2025-09-14,Sports,Yoga Mat,3,6146,26,13644.12,Platinum,Hyderabad,Net Banking
C1097,O90133,2025-12-08,Beauty,Face Wash,5,1200,20,4800.0,Platinum,Pune,Debit Card
C1308,O11852,2025-10-10,Electronics,Laptop,5,46690,3,226446.5,Gold,Chennai,Credit Card
C1267,O82082,2025-09-27,Electronics,Laptop,4,5138,30,14386.4,Silver,Pune,Wallet
C1816,O24012,2025-06-13,Fashion,Jacket,1,1780,5,1691.0,Gold,Mumbai,Credit Card
C1922,O32677,2025-06-17,Beauty,Perfume,3,2498,2,7344.12,Silver,Bangalore,Wallet
C1699,O34747,2025-07-01,Fashion,Shoes,2,8608,4,16527.36,Platinum,Delhi,UPI
C1392,O56039,2026-03-23,Home Decor,Curtains,5,9031,19,36575.55,Gold,Chennai,UPI
C1855,O67164,2025-11-30,Electronics,Laptop,5,48818,29,173303.9,Platinum,Delhi,Wallet
C1730,O99872,2026-04-08,Beauty,Moisturizer,1,1433,25,1074.75,Silver,Hyderabad,Debit Card
C1828,O88155,2026-04-01,Home Decor,Lamp,5,6430,26,23791.0,Silver,Delhi,Credit Card
C1137,O15606,2026-03-25,Electronics,Laptop,2,46478,10,83660.4,Platinum,Pune,UPI
C1654,O16370,2025-07-06,Home Decor,Lamp,5,2022,8,9301.2,Silver,Hyderabad,Credit Card
C1133,O56935,2025-11-07,Electronics,Headphones,4,20499,0,81996.0,Gold,Delhi,Net Banking
C1963,O29197,2025-12-28,Electronics,Laptop,4,39180,1,155152.8,Silver,Delhi,Debit Card
C1494,O19992,2026-05-24,Electronics,Smartphone,3,60334,23,139371.54,Platinum,Chennai,Net Banking
C1897,O27001,2026-04-16,Sports,Yoga Mat,3,4723,7,13177.17,Silver,Chennai,Credit Card
C1532,O20301,2025-08-13,Electronics,Smart Watch,5,72138,27,263303.7,Platinum,Mumbai,Debit Card
C1661,O91353,2025-10-07,Groceries,Rice,4,2409,3,9346.92,Gold,Delhi,UPI
C1443,O54421,2025-09-15,Sports,Dumbbells,2,6388,3,12392.72,Platinum,Hyderabad,Wallet
C1605,O56568,2025-12-30,Electronics,Smartphone,1,10340,19,8375.4,Silver,Chennai,Net Banking
C1787,O60699,2025-09-10,Groceries,Rice,4,3636,22,11344.32,Platinum,Chennai,Net Banking
C1042,O19648,2025-11-24,Fashion,Shoes,5,3607,16,15149.4,Silver,Chennai,Wallet
C1092,O47231,2025-07-20,Groceries,Rice,4,1092,18,3581.76,Gold,Delhi,Debit Card
C1197,O51129,2026-01-17,Fashion,Jeans,3,4755,11,12695.85,Silver,Delhi,Credit Card
C1239,O48535,2025-12-01,Groceries,Milk,3,1406,25,3163.5,Platinum,Mumbai,UPI
C1749,O99271,2025-07-04,Beauty,Moisturizer,2,2024,27,2955.04,Silver,Chennai,UPI
C1785,O18154,2025-12-14,Electronics,Headphones,5,56220,11,250179.0,Platinum,Bangalore,Net Banking
C1657,O17168,2026-03-03,Beauty,Perfume,4,2731,9,9940.84,Gold,Hyderabad,Credit Card
C1581,O90057,2025-06-18,Home Decor,Curtains,3,16416,13,42845.76,Platinum,Pune,Credit Card
C1956,O97883,2025-08-23,Sports,Football,2,12880,6,24214.4,Platinum,Pune,Credit Card
C1617,O93911,2025-07-15,Electronics,Headphones,3,69898,18,171949.08,Gold,Mumbai,Debit Card
C1681,O84218,2026-02-09,Electronics,Headphones,1,22375,10,20137.5,Gold,Delhi,Wallet
C1592,O59904,2025-12-31,Groceries,Milk,5,1371,2,6717.9,Gold,Mumbai,Wallet
C1796,O80449,2026-03-02,Beauty,Perfume,5,1190,11,5295.5,Silver,Pune,Wallet
C1746,O83501,2026-03-24,Groceries,Bread,4,326,11,1160.56,Platinum,Bangalore,UPI
C1638,O22952,2025-09-22,Sports,Yoga Mat,1,969,20,775.2,Gold,Chennai,Wallet
C1362,O54329,2025-07-30,Fashion,Jacket,2,697,24,1059.44,Silver,Hyderabad,Net Banking
C1745,O22029,2026-01-18,Groceries,Milk,3,1957,17,4872.93,Silver,Pune,Credit Card
C1219,O28158,2025-09-11,Home Decor,Wall Art,4,9855,0,39420.0,Silver,Hyderabad,Credit Card
C1478,O85907,2026-03-03,Sports,Yoga Mat,5,8900,11,39605.0,Platinum,Pune,Wallet
C1590,O69291,2026-06-03,Groceries,Milk,3,3728,24,8499.84,Platinum,Chennai,Wallet
C1105,O88407,2026-01-14,Home Decor,Wall Art,1,2724,28,1961.28,Silver,Hyderabad,Credit Card
C1714,O48663,2025-07-21,Groceries,Milk,1,2581,28,1858.32,Gold,Mumbai,Debit Card
C1210,O41539,2025-06-13,Beauty,Moisturizer,1,6412,4,6155.52,Gold,Chennai,Net Banking
C1837,O94529,2025-11-03,Electronics,Headphones,5,23168,16,97305.6,Silver,Delhi,Net Banking
C1984,O57068,2025-07-10,Fashion,Jacket,2,2840,30,3976.0,Silver,Delhi,Net Banking
C1674,O19075,2026-06-02,Home Decor,Wall Art,3,9225,7,25737.75,Gold,Chennai,Net Banking
C1745,O95437,2025-12-13,Fashion,Jacket,5,4892,21,19323.4,Silver,Delhi,Net Banking
C1738,O16836,2026-06-05,Electronics,Smart Watch,2,29404,3,57043.76,Silver,Pune,Credit Card
C1776,O88206,2026-01-02,Fashion,Jacket,2,6560,8,12070.4,Platinum,Mumbai,Net Banking
C1347,O43476,2025-10-05,Sports,Cricket Bat,1,14232,12,12524.16,Platinum,Chennai,Wallet
C1536,O58500,2026-04-14,Sports,Yoga Mat,3,1300,8,3588.0,Platinum,Delhi,Debit Card
C1361,O29579,2025-09-10,Electronics,Smart Watch,3,16150,6,45543.0,Gold,Mumbai,Debit Card
C1360,O98865,2026-03-11,Sports,Cricket Bat,3,2484,9,6781.32,Silver,Mumbai,UPI
C1732,O49738,2025-06-18,Home Decor,Carpet,3,12576,24,28673.28,Gold,Pune,Debit Card
C1031,O91567,2025-06-12,Electronics,Smart Watch,4,45033,29,127893.72,Silver,Pune,UPI
C1611,O63332,2025-09-23,Home Decor,Curtains,3,18212,10,49172.4,Platinum,Chennai,Credit Card
C1949,O14649,2025-08-22,Sports,Yoga Mat,5,4338,25,16267.5,Silver,Bangalore,Net Banking
C1437,O34502,2025-11-05,Beauty,Shampoo,3,6747,4,19431.36,Gold,Mumbai,UPI
C1398,O23603,2026-05-23,Electronics,Headphones,3,67712,11,180791.04,Platinum,Bangalore,UPI
C1995,O77365,2025-12-28,Groceries,Milk,5,2515,21,9934.25,Gold,Mumbai,UPI
C1990,O52304,2026-05-14,Groceries,Bread,1,2656,0,2656.0,Platinum,Mumbai,Wallet
C1580,O23435,2025-10-11,Home Decor,Carpet,4,3532,2,13845.44,Gold,Mumbai,Debit Card
C1552,O94857,2025-08-01,Sports,Football,4,6438,5,24464.4,Platinum,Bangalore,Wallet
C1498,O70240,2026-04-22,Electronics,Headphones,2,42174,21,66634.92,Silver,Bangalore,Credit Card
C1444,O40328,2026-04-20,Groceries,Rice,1,3314,20,2651.2,Platinum,Hyderabad,Wallet
C1618,O11123,2026-04-04,Electronics,Smartphone,5,85710,5,407122.5,Platinum,Mumbai,Net Banking
C1796,O80216,2026-03-15,Beauty,Shampoo,2,3842,0,7684.0,Silver,Delhi,Net Banking
C1415,O52096,2025-11-16,Home Decor,Curtains,3,5624,25,12654.0,Platinum,Delhi,UPI
C1286,O17598,2026-03-25,Beauty,Shampoo,2,3612,18,5923.68,Silver,Mumbai,Debit Card
C1337,O19136,2026-04-12,Groceries,Eggs,1,2253,18,1847.46,Gold,Delhi,Net Banking
C1894,O29059,2025-08-07,Fashion,T-Shirt,3,4395,25,9888.75,Silver,Pune,Wallet
C1554,O83239,2026-04-23,Sports,Yoga Mat,1,7539,5,7162.05,Gold,Pune,Wallet
C1439,O33883,2025-11-30,Groceries,Rice,1,672,1,665.28,Platinum,Pune,Debit Card
C1810,O62008,2025-12-13,Fashion,T-Shirt,1,5169,20,4135.2,Gold,Delhi,Credit Card
C1883,O43683,2026-04-29,Sports,Cricket Bat,5,5146,17,21355.9,Silver,Pune,Wallet
C1991,O48205,2026-01-01,Electronics,Smart Watch,1,5577,4,5353.92,Silver,Chennai,UPI
C1139,O96241,2025-09-04,Electronics,Smart Watch,1,48216,29,34233.36,Platinum,Chennai,Debit Card
C1866,O23311,2026-03-24,Electronics,Headphones,2,36756,8,67631.04,Gold,Mumbai,UPI
C1577,O44762,2026-03-09,Electronics,Smartphone,4,43408,0,173632.0,Platinum,Mumbai,Wallet
C1179,O36461,2025-08-27,Fashion,Jeans,3,1683,19,4089.69,Gold,Mumbai,Debit Card
C1513,O48979,2025-06-18,Home Decor,Lamp,2,19062,27,27830.52,Platinum,Bangalore,UPI
C1605,O44776,2025-12-02,Sports,Yoga Mat,3,8709,22,20379.06,Gold,Hyderabad,Credit Card
C1580,O78254,2025-08-21,Beauty,Face Wash,2,431,29,612.02,Silver,Chennai,Wallet
C1097,O45372,2026-05-15,Home Decor,Wall Art,1,6147,8,5655.24,Gold,Mumbai,Wallet
C1951,O74427,2025-12-20,Beauty,Moisturizer,3,2466,6,6954.12,Platinum,Mumbai,UPI
C1951,O32578,2026-04-20,Home Decor,Carpet,3,12501,26,27752.22,Gold,Delhi,UPI
C1329,O87724,2025-08-31,Fashion,Shoes,2,3927,21,6204.66,Silver,Mumbai,Credit Card
C1774,O80507,2025-11-30,Home Decor,Carpet,5,8344,26,30872.8,Silver,Hyderabad,Wallet
C1461,O21500,2025-08-30,Electronics,Smartphone,3,36554,15,93212.7,Silver,Chennai,Debit Card
C1208,O22443,2026-02-28,Home Decor,Curtains,3,7120,27,15592.8,Gold,Hyderabad,Debit Card
C1049,O51940,2026-05-01,Groceries,Rice,5,922,10,4149.0,Gold,Pune,Net Banking
C1125,O20702,2025-12-04,Home Decor,Carpet,3,8470,30,17787.0,Silver,Chennai,Net Banking
C1935,O87220,2026-02-15,Groceries,Bread,3,916,0,2748.0,Silver,Chennai,Net Banking
C1796,O48696,2026-04-14,Electronics,Smartphone,4,62738,3,243423.44,Platinum,Bangalore,Debit Card
C1434,O33912,2026-01-09,Fashion,T-Shirt,4,6884,17,22854.88,Platinum,Delhi,Wallet
C1242,O17212,2025-12-16,Sports,Football,1,14690,14,12633.4,Platinum,Chennai,Wallet
C1982,O89535,2026-05-28,Electronics,Smartphone,3,12571,27,27530.49,Silver,Bangalore,Debit Card
C1779,O92071,2026-05-06,Groceries,Bread,3,2722,2,8002.68,Platinum,Chennai,Wallet
C1668,O12563,2025-08-26,Electronics,Headphones,2,35636,24,54166.72,Platinum,Hyderabad,Wallet
C1133,O97417,2026-02-04,Electronics,Smartphone,4,73960,25,221880.0,Gold,Mumbai,Net Banking
C1180,O69972,2026-05-10,Groceries,Rice,4,2229,19,7221.96,Gold,Delhi,UPI
C1695,O59891,2026-05-17,Sports,Dumbbells,2,10611,28,15279.84,Gold,Chennai,Wallet
C1945,O58018,2026-01-03,Fashion,Jacket,1,5469,3,5304.93,Gold,Delhi,Wallet
C1143,O60503,2026-03-28,Electronics,Smart Watch,3,73636,9,201026.28,Platinum,Pune,Net Banking
C1638,O55296,2025-10-31,Groceries,Bread,1,2952,27,2154.96,Platinum,Bangalore,Wallet
C1522,O89511,2025-07-23,Electronics,Laptop,1,32143,25,24107.25,Silver,Hyderabad,Net Banking
C1156,O45357,2025-09-02,Groceries,Eggs,3,683,21,1618.71,Silver,Pune,Net Banking
C1044,O83398,2025-06-13,Electronics,Smartphone,1,47584,14,40922.24,Platinum,Delhi,Credit Card
C1216,O51515,2026-02-13,Electronics,Headphones,4,63811,15,216957.4,Gold,Pune,Wallet
C1441,O39487,2025-12-19,Electronics,Laptop,3,16242,6,45802.44,Platinum,Chennai,Credit Card
C1196,O35580,2025-09-15,Sports,Cricket Bat,3,6010,24,13702.8,Silver,Hyderabad,UPI
C1657,O22924,2025-10-07,Beauty,Perfume,3,4090,4,11779.2,Platinum,Mumbai,Credit Card
C1659,O91586,2025-06-09,Sports,Dumbbells,3,6649,28,14361.84,Gold,Hyderabad,UPI
C1067,O16736,2025-08-16,Beauty,Moisturizer,5,8714,3,42262.9,Platinum,Hyderabad,Net Banking
C1058,O90776,2025-07-31,Home Decor,Curtains,2,5839,4,11210.88,Silver,Chennai,Wallet
C1072,O52515,2025-07-07,Groceries,Bread,1,561,24,426.36,Gold,Pune,Debit Card
C1339,O32709,2025-11-15,Electronics,Headphones,5,48934,17,203076.1,Gold,Pune,UPI
C1889,O74435,2025-12-06,Electronics,Laptop,1,44512,6,41841.28,Silver,Delhi,Net Banking
C1642,O54522,2025-07-30,Fashion,Shoes,4,2814,16,9455.04,Gold,Mumbai,Credit Card
C1851,O25116,2026-03-24,Sports,Dumbbells,4,2166,30,6064.8,Silver,Mumbai,Debit Card
C1603,O43317,2025-12-16,Sports,Dumbbells,5,13312,9,60569.6,Platinum,Bangalore,Debit Card
C1052,O17348,2026-01-10,Beauty,Face Wash,2,3690,15,6273.0,Gold,Chennai,Debit Card
C1551,O42933,2025-10-22,Home Decor,Lamp,3,9463,12,24982.32,Silver,Mumbai,Net Banking
C1787,O97046,2025-11-19,Home Decor,Carpet,5,8366,28,30117.6,Silver,Pune,Wallet
C1784,O83169,2025-10-18,Beauty,Shampoo,5,1368,19,5540.4,Gold,Delhi,Debit Card
C1996,O93639,2025-09-06,Sports,Dumbbells,1,4868,4,4673.28,Platinum,Mumbai,Net Banking
C1610,O12774,2025-11-18,Beauty,Face Wash,5,3445,0,17225.0,Silver,Bangalore,UPI
